alpha_mmd_loss,angular_phi_mmd_loss,angular_theta_mmd_loss,dmet_loss,epoch,grad_cos/angular_phi_mmd__rest,grad_cos/angular_phi_mmd__total,grad_cos/angular_theta_mmd__rest,grad_cos/angular_theta_mmd__total,grad_cos/higgs_mass__rest,grad_cos/higgs_mass__total,grad_cos/huber__rest,grad_cos/huber__total,grad_cos/mass_mmd__rest,grad_cos/mass_mmd__total,grad_cos/w_mass_huber__rest,grad_cos/w_mass_huber__total,higgs_mass_loss,huber_loss,loss,loss_weight/alpha_mmd,loss_weight/angular_phi_mmd,loss_weight/angular_theta_mmd,loss_weight/dmet,loss_weight/higgs_mass,loss_weight/huber,loss_weight/mass_mmd,loss_weight/w_mass_huber,mass_mmd_loss,step,test_alpha_mmd_loss,test_angular_phi_mmd_loss,test_angular_theta_mmd_loss,test_dmet_loss,test_higgs_mass_loss,test_huber_loss,test_loss,test_mass_mmd_loss,test_w_mass_huber_loss,val_alpha_mmd_loss,val_angular_phi_mmd_loss,val_angular_theta_mmd_loss,val_dmet_loss,val_higgs_mass_loss,val_huber_loss,val_loss,val_mass_mmd_loss,val_w_mass_huber_loss,w_mass_huber_loss
,,,,0,,,,,,,,,,,,,,,,0.0,300.0,100.0,0.0,8.0,200.0,5.0,10.0,,2533,,,,,,,,,,,,,,,,,,,
,,,,0,,,,,,,,,,,,,,,,,,,,,,,,,2533,,,,,,,,,,,0.06979645043611526,0.07317551225423813,,1.1144177913665771,0.20992250740528107,81.65833282470703,0.2964906692504883,0.10196170955896378,
,0.0727134495973587,0.11401072889566422,,0,0.13378682732582092,0.8443748354911804,0.14733180403709412,0.6937789916992188,-0.6898579597473145,-0.3193352520465851,0.29103344678878784,0.5364261865615845,-0.6314667463302612,-0.6052507758140564,0.30838659405708313,0.3161475658416748,2.7909865379333496,0.21161313354969025,101.49435424804688,,,,,,,,,0.43828004598617554,2533,,,,,,,,,,,,,,,,,,,0.14372490346431732
,,,,1,,,,,,,,,,,,,,,,0.0,300.0,100.0,0.0,8.0,200.0,5.0,10.0,,5067,,,,,,,,,,,,,,,,,,,
,,,,1,,,,,,,,,,,,,,,,,,,,,,,,,5067,,,,,,,,,,,0.06295367330312729,0.06611669808626175,,0.3951476216316223,0.18731023371219635,68.14549255371094,0.24429981410503387,0.0803011953830719,
,0.06457724422216415,0.06607773900032043,,1,0.09097811579704285,0.9059269428253174,-0.037648919969797134,0.19330452382564545,-0.26069244742393494,0.11995808780193329,-0.0950932502746582,0.30195552110671997,-0.32271817326545715,-0.28645291924476624,0.31569358706474304,0.33547908067703247,0.7450760006904602,0.19576606154441833,73.34892272949219,,,,,,,,,0.2779132127761841,5067,,,,,,,,,,,,,,,,,,,0.08646123856306076
,,,,2,,,,,,,,,,,,,,,,0.0,300.0,100.0,0.0,8.0,200.0,5.0,10.0,,7601,,,,,,,,,,,,,,,,,,,
,,,,2,,,,,,,,,,,,,,,,,,,,,,,,,7601,,,,,,,,,,,0.06386317312717438,0.06338071823120117,,0.3366955518722534,0.17243583500385284,64.59449005126953,0.22881482541561127,0.07726585119962692,
,0.06280522793531418,0.06274795532226562,,2,-0.03444741666316986,0.6404404640197754,-0.06900002807378769,0.3822630047798157,0.14136052131652832,0.6262319684028625,-0.08894092589616776,0.2265639305114746,-0.25908422470092773,-0.23750188946723938,0.48308128118515015,0.5051844120025635,0.4135427474975586,0.17894448339939117,66.19127655029297,,,,,,,,,0.2420785278081894,7601,,,,,,,,,,,,,,,,,,,0.07672768086194992
,,,,3,,,,,,,,,,,,,,,,0.0,300.0,100.0,0.0,8.0,200.0,5.0,10.0,,10135,,,,,,,,,,,,,,,,,,,
,,,,3,,,,,,,,,,,,,,,,,,,,,,,,,10135,,,,,,,,,,,0.06219123303890228,0.06341753900051117,,0.2640337646007538,0.16376033425331116,61.670230865478516,0.22566761076450348,0.06784660369157791,
,0.06223447993397713,0.06179777905344963,,3,0.15822476148605347,0.8705622553825378,0.1545163094997406,0.5306782722473145,-0.1551831066608429,0.13196337223052979,0.15739411115646362,0.3324795961380005,-0.07201690971851349,-0.04430214315652847,0.07614772021770477,0.08932829648256302,0.3692672550678253,0.1681727170944214,63.29633712768555,,,,,,,,,0.2301771193742752,10135,,,,,,,,,,,,,,,,,,,0.07066615670919418
,,,,4,,,,,,,,,,,,,,,,0.0,300.0,100.0,0.0,8.0,200.0,5.0,10.0,,12669,,,,,,,,,,,,,,,,,,,
,,,,4,,,,,,,,,,,,,,,,,,,,,,,,,12669,,,,,,,,,,,0.06336266547441483,0.0633314847946167,,0.2609504163265228,0.15842919051647186,60.835693359375,0.2141340672969818,0.06495685130357742,
,0.061775363981723785,0.06140429526567459,,4,0.08983255177736282,0.9180477857589722,0.093036949634552,0.32537829875946045,0.14489364624023438,0.40089601278305054,-0.1804487407207489,0.0023303180932998657,-0.06949171423912048,-0.047084741294384,0.25767266750335693,0.27127504348754883,0.3470879793167114,0.16135916113853455,61.49778366088867,,,,,,,,,0.22318552434444427,12669,,,,,,,,,,,,,,,,,,,0.06602247804403305
,,,,5,,,,,,,,,,,,,,,,0.0,300.0,100.0,0.0,8.0,200.0,5.0,10.0,,15203,,,,,,,,,,,,,,,,,,,
,,,,5,,,,,,,,,,,,,,,,,,,,,,,,,15203,,,,,,,,,,,0.06224340572953224,0.062382619827985764,,0.24190844595432281,0.1547241359949112,59.4902458190918,0.21277469396591187,0.06350062787532806,
,0.061537329107522964,0.061490971595048904,,5,-0.15357175469398499,0.9564339518547058,-0.08027926832437515,0.129377543926239,-0.028804674744606018,0.1407819241285324,-0.24438443779945374,-0.12338007986545563,-0.13215765357017517,-0.1142788976430893,0.3296371400356293,0.34101444482803345,0.33479440212249756,0.15713873505592346,60.43184280395508,,,,,,,,,0.21636880934238434,15203,,,,,,,,,,,,,,,,,,,0.0633545070886612
,,,,6,,,,,,,,,,,,,,,,0.0,300.0,100.0,0.0,8.0,200.0,5.0,10.0,,17737,,,,,,,,,,,,,,,,,,,
,,,,6,,,,,,,,,,,,,,,,,,,,,,,,,17737,,,,,,,,,,,0.06204128637909889,0.062215812504291534,,0.23086625337600708,0.15278765559196472,58.895118713378906,0.21017663180828094,0.06058139726519585,
,0.06128937378525734,0.0614209920167923,,6,-0.2623571753501892,0.8490234613418579,-0.1949959695339203,0.08993884921073914,-0.2948174476623535,0.18389439582824707,0.013033095747232437,0.18766537308692932,0.07064517587423325,0.09305869787931442,-0.05625550076365471,-0.04216714948415756,0.326039582490921,0.15429559350013733,59.67216110229492,,,,,,,,,0.21164371073246002,17737,,,,,,,,,,,,,,,,,,,0.06175287067890167
,,,,7,,,,,,,,,,,,,,,,0.0,300.0,100.0,0.0,8.0,200.0,5.0,10.0,,20271,,,,,,,,,,,,,,,,,,,
,,,,7,,,,,,,,,,,,,,,,,,,,,,,,,20271,,,,,,,,,,,0.06230975687503815,0.06294643133878708,,0.2402510643005371,0.15003640949726105,58.5382080078125,0.20513515174388885,0.05956939235329628,
,0.06111721321940422,0.06126665323972702,,7,-0.04290912672877312,0.8630191683769226,0.06528103351593018,0.5134240388870239,-0.019756995141506195,0.1903611719608307,-0.38250547647476196,-0.24137669801712036,0.017257917672395706,0.04002518206834793,0.013688252307474613,0.028838451951742172,0.3218592703342438,0.15193866193294525,59.0660514831543,,,,,,,,,0.20727890729904175,20271,,,,,,,,,,,,,,,,,,,0.060524214059114456
,,,,8,,,,,,,,,,,,,,,,0.0,300.0,100.0,0.0,8.0,200.0,5.0,10.0,,22805,,,,,,,,,,,,,,,,,,,
,,,,8,,,,,,,,,,,,,,,,,,,,,,,,,22805,,,,,,,,,,,0.06324700266122818,0.06259171664714813,,0.22033429145812988,0.14785738289356232,58.18828582763672,0.20531024038791656,0.059430647641420364,
,0.06112215667963028,0.061364561319351196,,8,-0.31331270933151245,0.8450863361358643,-0.08556948602199554,0.3155161738395691,-0.09802643954753876,0.22663848102092743,-0.5060291290283203,-0.38941529393196106,0.06337081640958786,0.08488629758358002,-0.046420514583587646,-0.03256814181804657,0.31770846247673035,0.15007513761520386,58.659175872802734,,,,,,,,,0.20623645186424255,22805,,,,,,,,,,,,,,,,,,,0.05981750786304474
,,,,9,,,,,,,,,,,,,,,,0.0,300.0,100.0,0.0,8.0,200.0,5.0,10.0,,25339,,,,,,,,,,,,,,,,,,,
,,,,9,,,,,,,,,,,,,,,,,,,,,,,,,25339,,,,,,,,,,,0.06334846466779709,0.06228985637426376,,0.2162824422121048,0.1461104154586792,57.78708267211914,0.20067355036735535,0.05978529155254364,
,0.061044491827487946,0.06122315302491188,,9,0.02003740705549717,0.9595896005630493,-0.06234345585107803,0.1652044653892517,-0.0027248687110841274,0.19387498497962952,0.17060205340385437,0.26827114820480347,-0.057820260524749756,-0.0338120199739933,-0.033805087208747864,-0.022173598408699036,0.3133087456226349,0.14818836748600006,58.18955993652344,,,,,,,,,0.20446109771728516,25339,,,,,,,,,,,,,,,,,,,0.058748528361320496
,,,,10,,,,,,,,,,,,,,,,0.0,300.0,100.0,0.0,8.0,200.0,5.0,10.0,,27873,,,,,,,,,,,,,,,,,,,
,,,,10,,,,,,,,,,,,,,,,,,,,,,,,,27873,,,,,,,,,,,0.06128382310271263,0.06215037405490875,,0.22050975263118744,0.14621540904045105,57.20032501220703,0.20158129930496216,0.058508776128292084,
,0.0609474815428257,0.061145324259996414,,10,0.06665294617414474,0.8837579488754272,-0.03402337431907654,0.31104397773742676,-0.002615582197904587,0.23772011697292328,0.37580621242523193,0.5102218985557556,-0.01241070032119751,0.006822449155151844,0.29219144582748413,0.3041202127933502,0.3149915337562561,0.14658311009407043,57.823787689208984,,,,,,,,,0.20221073925495148,27873,,,,,,,,,,,,,,,,,,,0.05772930383682251
,,,,11,,,,,,,,,,,,,,,,0.0,300.0,100.0,0.0,8.0,200.0,5.0,10.0,,30407,,,,,,,,,,,,,,,,,,,
,,,,11,,,,,,,,,,,,,,,,,,,,,,,,,30407,,,,,,,,,,,0.06135862320661545,0.06248864531517029,,0.22136476635932922,0.1446482390165329,56.930763244628906,0.20149637758731842,0.05663011223077774,
,0.060828544199466705,0.06130605936050415,,11,-0.058335524052381516,0.9182455539703369,0.004108350723981857,0.24873541295528412,0.21497322618961334,0.4566178023815155,-0.40932244062423706,-0.2922157049179077,0.055801309645175934,0.08371161669492722,-0.21380949020385742,-0.20277786254882812,0.31711122393608093,0.1450410932302475,57.50770950317383,,,,,,,,,0.2013903558254242,30407,,,,,,,,,,,,,,,,,,,0.05764821544289589
,,,,12,,,,,,,,,,,,,,,,0.0,300.0,100.0,0.0,8.0,200.0,5.0,10.0,,32941,,,,,,,,,,,,,,,,,,,
,,,,12,,,,,,,,,,,,,,,,,,,,,,,,,32941,,,,,,,,,,,0.06164338067173958,0.0627770870923996,,0.2246791571378708,0.14204108715057373,56.5281982421875,0.199693500995636,0.05533508583903313,
,0.061012886464595795,0.06110820919275284,,12,-0.26677384972572327,0.901075541973114,-0.18685942888259888,0.14737309515476227,-0.20644539594650269,0.12365399301052094,-0.23990987241268158,-0.09114740788936615,-0.06601465493440628,-0.04185546562075615,0.039948225021362305,0.05156637728214264,0.31016984581947327,0.14333398640155792,57.14226150512695,,,,,,,,,0.20226705074310303,32941,,,,,,,,,,,,,,,,,,,0.05680947005748749
,,,,13,,,,,,,,,,,,,,,,0.0,300.0,100.0,0.0,8.0,200.0,5.0,10.0,,35475,,,,,,,,,,,,,,,,,,,
,,,,13,,,,,,,,,,,,,,,,,,,,,,,,,35475,,,,,,,,,,,0.06203597038984299,0.0629485696554184,,0.20847627520561218,0.14176031947135925,56.48515319824219,0.19834567606449127,0.05679138004779816,
,0.060887645930051804,0.06115848198533058,,13,-0.11834172159433365,0.8827746510505676,-0.1499614119529724,0.18406009674072266,0.11002808064222336,0.3359289765357971,0.08672889322042465,0.21816638112068176,-0.13123629987239838,-0.11416596174240112,-0.07930606603622437,-0.06475204229354858,0.3108103275299072,0.14206992089748383,56.8513298034668,,,,,,,,,0.20007213950157166,35475,,,,,,,,,,,,,,,,,,,0.05683524161577225
,,,,14,,,,,,,,,,,,,,,,0.0,300.0,100.0,0.0,8.0,200.0,5.0,10.0,,38009,,,,,,,,,,,,,,,,,,,
,,,,14,,,,,,,,,,,,,,,,,,,,,,,,,38009,,,,,,,,,,,0.06184155493974686,0.06190260499715805,,0.21694667637348175,0.13978976011276245,55.97813034057617,0.19675403833389282,0.05581355839967728,
,0.0607336051762104,0.06110277399420738,,14,-0.26352015137672424,0.9361699819564819,-0.1388372927904129,0.10894525051116943,-0.11470839381217957,0.10269425809383392,-0.2406255304813385,-0.15050199627876282,-0.03817903995513916,-0.024657757952809334,-0.10803887248039246,-0.10184504091739655,0.31158435344696045,0.14088089764118195,56.5518798828125,,,,,,,,,0.19881488382816315,38009,,,,,,,,,,,,,,,,,,,0.055851563811302185
,,,,15,,,,,,,,,,,,,,,,0.0,300.0,100.0,0.0,8.0,200.0,5.0,10.0,,40543,,,,,,,,,,,,,,,,,,,
,,,,15,,,,,,,,,,,,,,,,,,,,,,,,,40543,,,,,,,,,,,0.06174847483634949,0.06187865883111954,,0.24331052601337433,0.13896295428276062,55.99704360961914,0.19704964756965637,0.05603199079632759,
,0.060872361063957214,0.06094900518655777,,15,0.24437543749809265,0.8996670246124268,0.19166196882724762,0.5266091823577881,0.08180436491966248,0.27550002932548523,0.1440834403038025,0.27641671895980835,0.05573275685310364,0.07451856881380081,0.19252781569957733,0.21015244722366333,0.3092719316482544,0.13966389000415802,56.30070495605469,,,,,,,,,0.19618192315101624,40543,,,,,,,,,,,,,,,,,,,0.05562170594930649
,,,,16,,,,,,,,,,,,,,,,0.0,300.0,100.0,0.0,8.0,200.0,5.0,10.0,,43077,,,,,,,,,,,,,,,,,,,
,,,,16,,,,,,,,,,,,,,,,,,,,,,,,,43077,,,,,,,,,,,0.061684995889663696,0.06188160181045532,,0.2136044204235077,0.13742896914482117,55.44150161743164,0.19951415061950684,0.05556609481573105,
,0.06076006591320038,0.06090354919433594,,16,0.07605133950710297,0.929966390132904,0.004650779068470001,0.3178561329841614,-0.0783010944724083,0.11362733691930771,0.04618512839078903,0.20651118457317352,-0.1170850396156311,-0.09878645092248917,0.4036064147949219,0.4158044159412384,0.31234055757522583,0.13858149945735931,56.073646545410156,,,,,,,,,0.1974235326051712,43077,,,,,,,,,,,,,,,,,,,0.0553131140768528
,,,,17,,,,,,,,,,,,,,,,0.0,300.0,100.0,0.0,8.0,200.0,5.0,10.0,,45611,,,,,,,,,,,,,,,,,,,
,,,,17,,,,,,,,,,,,,,,,,,,,,,,,,45611,,,,,,,,,,,0.06206345930695534,0.062342073768377304,,0.23920784890651703,0.13665564358234406,55.600494384765625,0.19284339249134064,0.053827978670597076,
,0.06080896034836769,0.06100386008620262,,17,0.22778551280498505,0.971621572971344,0.09677504003047943,0.2702244222164154,0.007373441942036152,0.11013394594192505,0.43653738498687744,0.5113963484764099,-0.024021901190280914,-0.01315828412771225,0.2570823132991791,0.2628442943096161,0.3120291233062744,0.13751593232154846,55.870574951171875,,,,,,,,,0.195875346660614,45611,,,,,,,,,,,,,,,,,,,0.05486191809177399
,,,,18,,,,,,,,,,,,,,,,0.0,300.0,100.0,0.0,8.0,200.0,5.0,10.0,,48145,,,,,,,,,,,,,,,,,,,
,,,,18,,,,,,,,,,,,,,,,,,,,,,,,,48145,,,,,,,,,,,0.06148359179496765,0.06158752739429474,,0.2262583076953888,0.13601826131343842,55.120147705078125,0.1902855932712555,0.05511641502380371,
,0.06074651703238487,0.06104966998100281,,18,0.026346750557422638,0.8785057663917542,-0.05550166219472885,0.2615029215812683,-0.04927123710513115,0.375904381275177,-0.24315369129180908,-0.02776220627129078,0.10970793664455414,0.13975930213928223,-0.10728577524423599,-0.08775877952575684,0.30625343322753906,0.1366180181503296,55.61811065673828,,,,,,,,,0.19401098787784576,48145,,,,,,,,,,,,,,,,,,,0.054551515728235245
,,,,19,,,,,,,,,,,,,,,,0.0,300.0,100.0,0.0,8.0,200.0,5.0,10.0,,50679,,,,,,,,,,,,,,,,,,,
,,,,19,,,,,,,,,,,,,,,,,,,,,,,,,50679,,,,,,,,,,,0.06202917918562889,0.06156660243868828,,0.23001086711883545,0.1350269466638565,55.07964324951172,0.18636775016784668,0.053690679371356964,
,0.06081665679812431,0.06100664660334587,,19,0.08663621544837952,0.9172183275222778,0.023935936391353607,0.36597537994384766,-0.221544548869133,0.06760352104902267,0.026473233476281166,0.18071496486663818,-0.009349076077342033,0.007225528359413147,0.1251363605260849,0.13768728077411652,0.31225013732910156,0.135706827044487,55.48639678955078,,,,,,,,,0.19099517166614532,50679,,,,,,,,,,,,,,,,,,,0.05464116111397743
,,,,20,,,,,,,,,,,,,,,,0.0,300.0,100.0,0.0,8.0,200.0,5.0,10.0,,53213,,,,,,,,,,,,,,,,,,,
,,,,20,,,,,,,,,,,,,,,,,,,,,,,,,53213,,,,,,,,,,,0.062212035059928894,0.06170050427317619,,0.2149031013250351,0.13496321439743042,55.04343795776367,0.1913619339466095,0.05410843342542648,
,0.060890503227710724,0.060939379036426544,,20,-0.1669316291809082,0.8790693283081055,-0.06623074412345886,0.3388686776161194,0.06255248934030533,0.2943325638771057,-0.4034987688064575,-0.20867405831813812,-0.057011861354112625,-0.033499106764793396,-0.20102199912071228,-0.1849147379398346,0.30919647216796875,0.13488587737083435,55.311248779296875,,,,,,,,,0.19130882620811462,53213,,,,,,,,,,,,,,,,,,,0.054283373057842255
,,,,21,,,,,,,,,,,,,,,,0.0,300.0,100.0,0.0,8.0,200.0,5.0,10.0,,55747,,,,,,,,,,,,,,,,,,,
,,,,21,,,,,,,,,,,,,,,,,,,,,,,,,55747,,,,,,,,,,,0.06220020726323128,0.06204395741224289,,0.2177075296640396,0.1336253583431244,54.79938888549805,0.18620574474334717,0.053716711699962616,
,0.060821276158094406,0.060948606580495834,,21,0.019617469981312752,0.9119766354560852,0.005242515355348587,0.33835455775260925,-0.030983315780758858,0.22845497727394104,-0.2745775580406189,-0.11828989535570145,-0.06472986936569214,-0.04456625506281853,-0.05011036992073059,-0.03453204780817032,0.3092491924762726,0.1342329978942871,55.149383544921875,,,,,,,,,0.18921595811843872,55747,,,,,,,,,,,,,,,,,,,0.05414298549294472
,,,,22,,,,,,,,,,,,,,,,0.0,300.0,100.0,0.0,8.0,200.0,5.0,10.0,,58281,,,,,,,,,,,,,,,,,,,
,,,,22,,,,,,,,,,,,,,,,,,,,,,,,,58281,,,,,,,,,,,0.06124367564916611,0.06185567006468773,,0.203139990568161,0.13299894332885742,54.23738479614258,0.18461176753044128,0.05307683348655701,
,0.06072194501757622,0.06100546568632126,,22,0.03737972676753998,0.8851140141487122,-0.019458910450339317,0.3592432141304016,-0.216910719871521,0.052839383482933044,0.22012946009635925,0.40531566739082336,-0.06543944776058197,-0.04038095101714134,0.2238602191209793,0.23878279328346252,0.3071088194847107,0.13348731398582458,54.958335876464844,,,,,,,,,0.18926148116588593,58281,,,,,,,,,,,,,,,,,,,0.05404912680387497
,,,,23,,,,,,,,,,,,,,,,0.0,300.0,100.0,0.0,8.0,200.0,5.0,10.0,,60815,,,,,,,,,,,,,,,,,,,
,,,,23,,,,,,,,,,,,,,,,,,,,,,,,,60815,,,,,,,,,,,0.06243615597486496,0.06180300936102867,,0.21091754734516144,0.13230593502521515,54.550655364990234,0.19053803384304047,0.05383099615573883,
,0.06083260849118233,0.060997843742370605,,23,0.03929932042956352,0.9275781512260437,-0.011519207619130611,0.30073726177215576,-0.10240742564201355,0.12958496809005737,0.02710997313261032,0.1734517514705658,0.021945303305983543,0.04265710338950157,0.17696958780288696,0.18998682498931885,0.3022683560848236,0.13284459710121155,54.80950927734375,,,,,,,,,0.18752337992191315,60815,,,,,,,,,,,,,,,,,,,0.05352611467242241
,,,,24,,,,,,,,,,,,,,,,0.0,300.0,100.0,0.0,8.0,200.0,5.0,10.0,,63349,,,,,,,,,,,,,,,,,,,
,,,,24,,,,,,,,,,,,,,,,,,,,,,,,,63349,,,,,,,,,,,0.06215929239988327,0.06199197098612785,,0.2276560664176941,0.13182683289051056,54.48069763183594,0.1819518357515335,0.053731974214315414,
,0.060723040252923965,0.06098169833421707,,24,-0.09214639663696289,0.9009396433830261,-0.004742091055959463,0.3290046453475952,-0.01385059580206871,0.2572149932384491,-0.3046104311943054,-0.13953062891960144,0.03794149309396744,0.0574529729783535,-0.0817045345902443,-0.06916999816894531,0.304664671421051,0.13223713636398315,54.68659591674805,,,,,,,,,0.18984554708003998,63349,,,,,,,,,,,,,,,,,,,0.053757354617118835
,,,,25,,,,,,,,,,,,,,,,0.0,300.0,100.0,0.0,8.0,200.0,5.0,10.0,,65883,,,,,,,,,,,,,,,,,,,
,,,,25,,,,,,,,,,,,,,,,,,,,,,,,,65883,,,,,,,,,,,0.06197762116789818,0.061785124242305756,,0.21821612119674683,0.13129742443561554,54.18189239501953,0.17698517441749573,0.05199437215924263,
,0.06084483116865158,0.06096731498837471,,25,0.02829030156135559,0.7848491668701172,0.019897736608982086,0.5249684453010559,0.06838764995336533,0.3787156939506531,-0.04372844099998474,0.08908898383378983,0.10831752419471741,0.12516354024410248,-0.24777013063430786,-0.23979970812797546,0.30601733922958374,0.13162997364997864,54.57211685180664,,,,,,,,,0.18256716430187225,65883,,,,,,,,,,,,,,,,,,,0.053491368889808655
,,,,26,,,,,,,,,,,,,,,,0.0,300.0,100.0,0.0,8.0,200.0,5.0,10.0,,68417,,,,,,,,,,,,,,,,,,,
,,,,26,,,,,,,,,,,,,,,,,,,,,,,,,68417,,,,,,,,,,,0.06119418144226074,0.0617305226624012,,0.2167731076478958,0.13101522624492645,53.913089752197266,0.18294084072113037,0.052986472845077515,
,0.060713525861501694,0.060898080468177795,,26,-0.09955969452857971,0.8670086860656738,-0.10358254611492157,0.21181094646453857,0.12575942277908325,0.4099169969558716,-0.16300830245018005,0.05608552694320679,0.0471692755818367,0.07239026576280594,0.01659482717514038,0.029861116781830788,0.3050530254840851,0.13139238953590393,54.45519256591797,,,,,,,,,0.18016007542610168,68417,,,,,,,,,,,,,,,,,,,0.05315832048654556
,,,,27,,,,,,,,,,,,,,,,0.0,300.0,100.0,0.0,8.0,200.0,5.0,10.0,,70951,,,,,,,,,,,,,,,,,,,
,,,,27,,,,,,,,,,,,,,,,,,,,,,,,,70951,,,,,,,,,,,0.06121417507529259,0.061551567167043686,,0.22729536890983582,0.13035884499549866,53.83110809326172,0.1770087480545044,0.05365316569805145,
,0.060773566365242004,0.060925040394067764,,27,-0.05486387759447098,0.9288270473480225,0.023863904178142548,0.2128450572490692,0.08846929669380188,0.31589463353157043,-0.09099475294351578,0.025136590003967285,0.08342493325471878,0.09794256836175919,0.1769617795944214,0.18501344323158264,0.30334994196891785,0.13086363673210144,54.357666015625,,,,,,,,,0.17999430000782013,70951,,,,,,,,,,,,,,,,,,,0.05336034670472145
,,,,28,,,,,,,,,,,,,,,,0.0,300.0,100.0,0.0,8.0,200.0,5.0,10.0,,73485,,,,,,,,,,,,,,,,,,,
,,,,28,,,,,,,,,,,,,,,,,,,,,,,,,73485,,,,,,,,,,,0.06169236823916435,0.0620575025677681,,0.20292843878269196,0.12954702973365784,53.66706848144531,0.17994827032089233,0.05210522934794426,
,0.060709599405527115,0.06110311672091484,,28,-0.011658658273518085,0.8739092946052551,0.003530829679220915,0.4027929902076721,-0.17674396932125092,0.07017326354980469,0.06706736981868744,0.2518036961555481,0.08528020977973938,0.1036682203412056,0.053799405694007874,0.0691947191953659,0.29930874705314636,0.1304665207862854,54.23973083496094,,,,,,,,,0.18014194071292877,73485,,,,,,,,,,,,,,,,,,,0.05280367285013199
,,,,29,,,,,,,,,,,,,,,,0.0,300.0,100.0,0.0,8.0,200.0,5.0,10.0,,76019,,,,,,,,,,,,,,,,,,,
,,,,29,,,,,,,,,,,,,,,,,,,,,,,,,76019,,,,,,,,,,,0.06116332486271858,0.06176094710826874,,0.20875787734985352,0.1306244432926178,53.71345520019531,0.17171697318553925,0.05348370596766472,
,0.06075769290328026,0.06094888970255852,,29,-0.21872326731681824,0.8376026153564453,-0.06691927462816238,0.3299001455307007,-0.03326502442359924,0.2033560872077942,-0.2628379464149475,-0.058673519641160965,0.06005068123340607,0.08300690352916718,0.2667650282382965,0.27958202362060547,0.3037784993648529,0.13022254407405853,54.19917297363281,,,,,,,,,0.17523030936717987,76019,,,,,,,,,,,,,,,,,,,0.05260274559259415
,,,,30,,,,,,,,,,,,,,,,0.0,300.0,100.0,0.0,8.0,200.0,5.0,10.0,,78553,,,,,,,,,,,,,,,,,,,
,,,,30,,,,,,,,,,,,,,,,,,,,,,,,,78553,,,,,,,,,,,0.061318572610616684,0.061887577176094055,,0.20918333530426025,0.1295427829027176,53.55862045288086,0.1726960688829422,0.05287816748023033,
,0.060659948736429214,0.06087867543101311,,30,0.044370200484991074,0.9256829023361206,0.1367948353290558,0.363139271736145,-0.14040040969848633,0.11182785779237747,0.024869736284017563,0.23301707208156586,0.014729482121765614,0.03750862926244736,0.2371876835823059,0.24802587926387787,0.2975175678730011,0.12985236942768097,54.0230598449707,,,,,,,,,0.17198877036571503,78553,,,,,,,,,,,,,,,,,,,0.05266822874546051
,,,,31,,,,,,,,,,,,,,,,0.0,300.0,100.0,0.0,8.0,200.0,5.0,10.0,,81087,,,,,,,,,,,,,,,,,,,
,,,,31,,,,,,,,,,,,,,,,,,,,,,,,,81087,,,,,,,,,,,0.06247290223836899,0.06167669594287872,,0.1936524212360382,0.12929607927799225,53.673526763916016,0.16620315611362457,0.052459266036748886,
,0.060679007321596146,0.06087193265557289,,31,-0.03416595607995987,0.9190601110458374,0.21416062116622925,0.47998157143592834,-0.17062659561634064,0.10264769941568375,-0.2899755537509918,-0.1151527389883995,-0.14984223246574402,-0.12407584488391876,0.2966127097606659,0.3074614405632019,0.29266929626464844,0.1294192522764206,53.89179992675781,,,,,,,,,0.1704448163509369,81087,,,,,,,,,,,,,,,,,,,0.05235324800014496
,,,,32,,,,,,,,,,,,,,,,0.0,300.0,100.0,0.0,8.0,200.0,5.0,10.0,,83621,,,,,,,,,,,,,,,,,,,
,,,,32,,,,,,,,,,,,,,,,,,,,,,,,,83621,,,,,,,,,,,0.06165151670575142,0.06191295012831688,,0.22269989550113678,0.129123717546463,53.628578186035156,0.1633509397506714,0.05187525227665901,
,0.06079700589179993,0.06077731400728226,,32,-0.1872466504573822,0.739057183265686,-0.0421164371073246,0.3180728256702423,0.09085123986005783,0.48750534653663635,-0.05129152536392212,0.18887704610824585,0.003453817218542099,0.0312516912817955,0.12986764311790466,0.14418907463550568,0.29579392075538635,0.12912479043006897,53.88684844970703,,,,,,,,,0.17124305665493011,83621,,,,,,,,,,,,,,,,,,,0.052252497524023056
,,,,33,,,,,,,,,,,,,,,,0.0,300.0,100.0,0.0,8.0,200.0,5.0,10.0,,86155,,,,,,,,,,,,,,,,,,,
,,,,33,,,,,,,,,,,,,,,,,,,,,,,,,86155,,,,,,,,,,,0.061544861644506454,0.062351495027542114,,0.20202113687992096,0.12868472933769226,53.420902252197266,0.1702229082584381,0.05180738866329193,
,0.060678500682115555,0.06075354292988777,,33,0.30520394444465637,0.9101710319519043,0.2440258413553238,0.4800088703632355,0.3152371644973755,0.47354623675346375,0.2610875368118286,0.4188070595264435,0.015105115249752998,0.03374307602643967,0.35333752632141113,0.3616386651992798,0.2901957929134369,0.12901093065738678,53.778175354003906,,,,,,,,,0.1702333688735962,86155,,,,,,,,,,,,,,,,,,,0.05243673175573349
,,,,34,,,,,,,,,,,,,,,,0.0,300.0,100.0,0.0,8.0,200.0,5.0,10.0,,88689,,,,,,,,,,,,,,,,,,,
,,,,34,,,,,,,,,,,,,,,,,,,,,,,,,88689,,,,,,,,,,,0.061370618641376495,0.061847709119319916,,0.20454677939414978,0.1280393749475479,53.19013214111328,0.16652245819568634,0.05173172056674957,
,0.06058739870786667,0.06087743118405342,,34,-0.4802683889865875,0.9286618232727051,-0.4298797845840454,-0.07930609583854675,-0.02577192895114422,0.18384769558906555,-0.4705280661582947,-0.35723206400871277,-0.08787283301353455,-0.06877714395523071,-0.2847566604614258,-0.2768959403038025,0.2867904305458069,0.1286500245332718,53.66359329223633,,,,,,,,,0.1706555187702179,88689,,,,,,,,,,,,,,,,,,,0.052201274782419205
,,,,35,,,,,,,,,,,,,,,,0.0,300.0,100.0,0.0,8.0,200.0,5.0,10.0,,91223,,,,,,,,,,,,,,,,,,,
,,,,35,,,,,,,,,,,,,,,,,,,,,,,,,91223,,,,,,,,,,,0.06179868429899216,0.06238078698515892,,0.2059229463338852,0.12744732201099396,53.2114372253418,0.15599025785923004,0.05169384926557541,
,0.06059761345386505,0.06089482828974724,,35,0.04880809038877487,0.9740520119667053,0.011019236408174038,0.2084895670413971,-0.08810421079397202,0.02447276934981346,0.013373225927352905,0.09244398027658463,0.14598795771598816,0.156885027885437,0.16611367464065552,0.17136745154857635,0.2929328680038452,0.12838114798069,53.639183044433594,,,,,,,,,0.1658191829919815,91223,,,,,,,,,,,,,,,,,,,0.05216016247868538
,,,,36,,,,,,,,,,,,,,,,0.0,300.0,100.0,0.0,8.0,200.0,5.0,10.0,,93757,,,,,,,,,,,,,,,,,,,
,,,,36,,,,,,,,,,,,,,,,,,,,,,,,,93757,,,,,,,,,,,0.061696168035268784,0.06187813729047775,,0.2066611349582672,0.12767602503299713,53.19371795654297,0.15726809203624725,0.05221863090991974,
,0.06059430539608002,0.060734495520591736,,36,-0.11525420844554901,0.9682990908622742,-0.3750729560852051,-0.17706707119941711,-0.1318100094795227,0.0328650176525116,0.4039851129055023,0.516119122505188,0.12021006643772125,0.1333402842283249,0.3316822350025177,0.34050899744033813,0.29108908772468567,0.12829066812992096,53.57957077026367,,,,,,,,,0.16440938413143158,93757,,,,,,,,,,,,,,,,,,,0.05188396945595741
,,,,37,,,,,,,,,,,,,,,,0.0,300.0,100.0,0.0,8.0,200.0,5.0,10.0,,96291,,,,,,,,,,,,,,,,,,,
,,,,37,,,,,,,,,,,,,,,,,,,,,,,,,96291,,,,,,,,,,,0.06190034747123718,0.061822403222322464,,0.1965741515159607,0.12782004475593567,53.202396392822266,0.15860827267169952,0.052039895206689835,
,0.060655444860458374,0.0607706643640995,,37,0.11085585504770279,0.9272114038467407,0.14275038242340088,0.45250388979911804,0.012512318789958954,0.244890034198761,-0.25236833095550537,-0.09304320812225342,0.11905190348625183,0.13832581043243408,-0.06484799832105637,-0.05381959304213524,0.2917913496494293,0.1280476152896881,53.545074462890625,,,,,,,,,0.16155292093753815,96291,,,,,,,,,,,,,,,,,,,0.051973193883895874
,,,,38,,,,,,,,,,,,,,,,0.0,300.0,100.0,0.0,8.0,200.0,5.0,10.0,,98825,,,,,,,,,,,,,,,,,,,
,,,,38,,,,,,,,,,,,,,,,,,,,,,,,,98825,,,,,,,,,,,0.061331503093242645,0.06158614903688431,,0.19985367357730865,0.1280701458454132,53.070220947265625,0.15643242001533508,0.05171159282326698,
,0.06066785380244255,0.06077123060822487,,38,0.03870641440153122,0.894943118095398,0.12570345401763916,0.44596171379089355,-0.07644146680831909,0.193635493516922,-0.2128644585609436,0.03021685965359211,0.09191378951072693,0.115165114402771,-0.037471503019332886,-0.026226967573165894,0.2923845946788788,0.12780717015266418,53.49894714355469,,,,,,,,,0.16019709408283234,98825,,,,,,,,,,,,,,,,,,,0.05200062319636345
,,,,39,,,,,,,,,,,,,,,,0.0,300.0,100.0,0.0,8.0,200.0,5.0,10.0,,101359,,,,,,,,,,,,,,,,,,,
,,,,39,,,,,,,,,,,,,,,,,,,,,,,,,101359,,,,,,,,,,,0.06111675500869751,0.061420466750860214,,0.19766445457935333,0.1276153028011322,52.87466049194336,0.1575665920972824,0.05054005980491638,
,0.060686685144901276,0.06075393408536911,,39,-0.1528434157371521,0.9576438665390015,-0.04042652249336243,0.21736161410808563,0.00896399188786745,0.14073307812213898,-0.26501357555389404,-0.13725745677947998,-0.22652626037597656,-0.20751328766345978,-0.13281798362731934,-0.1251758188009262,0.28958451747894287,0.12761524319648743,53.425472259521484,,,,,,,,,0.15828837454319,101359,,,,,,,,,,,,,,,,,,,0.05129176750779152
,,,,40,,,,,,,,,,,,,,,,0.0,300.0,100.0,0.0,8.0,200.0,5.0,10.0,,103893,,,,,,,,,,,,,,,,,,,
,,,,40,,,,,,,,,,,,,,,,,,,,,,,,,103893,,,,,,,,,,,0.06119215860962868,0.06181013584136963,,0.19038505852222443,0.12690699100494385,52.73332214355469,0.15635213255882263,0.050843995064496994,
,0.060600895434617996,0.06076705828309059,,40,0.02719479613006115,0.9203084707260132,-0.12126471102237701,0.2831137776374817,0.1575886458158493,0.3305746912956238,-0.22892554104328156,-0.09702780097723007,-0.021934274584054947,-0.00294429250061512,-0.20504635572433472,-0.1982990801334381,0.28969627618789673,0.12741339206695557,53.361228942871094,,,,,,,,,0.15846160054206848,103893,,,,,,,,,,,,,,,,,,,0.051175881177186966
,,,,41,,,,,,,,,,,,,,,,0.0,300.0,100.0,0.0,8.0,200.0,5.0,10.0,,106427,,,,,,,,,,,,,,,,,,,
,,,,41,,,,,,,,,,,,,,,,,,,,,,,,,106427,,,,,,,,,,,0.061387427151203156,0.06198181211948395,,0.20403485000133514,0.12620775401592255,52.751502990722656,0.15067164599895477,0.05099505931138992,
,0.06073017790913582,0.06071702390909195,,41,0.03531692177057266,0.9332605004310608,0.09882295876741409,0.3548608124256134,-0.01779017597436905,0.178966224193573,0.016884958371520042,0.1297653764486313,-0.06676460802555084,-0.05177929997444153,0.26617324352264404,0.2752261757850647,0.2857443392276764,0.12711219489574432,53.29204559326172,,,,,,,,,0.15607857704162598,106427,,,,,,,,,,,,,,,,,,,0.051255740225315094
,,,,42,,,,,,,,,,,,,,,,0.0,300.0,100.0,0.0,8.0,200.0,5.0,10.0,,108961,,,,,,,,,,,,,,,,,,,
,,,,42,,,,,,,,,,,,,,,,,,,,,,,,,108961,,,,,,,,,,,0.06201353669166565,0.06164757162332535,,0.2044769525527954,0.12707830965518951,53.07417678833008,0.14744362235069275,0.05166174843907356,
,0.0605904646217823,0.060694653540849686,,42,-0.015502706170082092,0.9513658285140991,0.06060893461108208,0.30169498920440674,0.10945308953523636,0.2896077036857605,-0.3689201772212982,-0.25384286046028137,-0.03765968605875969,-0.021653687581419945,-0.20584064722061157,-0.19575843214988708,0.28842008113861084,0.1270388811826706,53.2379264831543,,,,,,,,,0.15363666415214539,108961,,,,,,,,,,,,,,,,,,,0.050796229392290115
,,,,43,,,,,,,,,,,,,,,,0.0,300.0,100.0,0.0,8.0,200.0,5.0,10.0,,111495,,,,,,,,,,,,,,,,,,,
,,,,43,,,,,,,,,,,,,,,,,,,,,,,,,111495,,,,,,,,,,,0.061720456928014755,0.06193535029888153,,0.20713889598846436,0.12662550806999207,52.953033447265625,0.14977426826953888,0.05122987926006317,
,0.06057262793183327,0.060814663767814636,,43,-0.10343635827302933,0.9351807832717896,-0.030231419950723648,0.22163212299346924,0.03664088994264603,0.27777472138404846,-0.3504413962364197,-0.21997863054275513,-0.12514464557170868,-0.09861242771148682,-0.1800430864095688,-0.1693408340215683,0.2885056138038635,0.12676934897899628,53.172523498535156,,,,,,,,,0.14904047548770905,111495,,,,,,,,,,,,,,,,,,,0.0512201227247715
,,,,44,,,,,,,,,,,,,,,,0.0,300.0,100.0,0.0,8.0,200.0,5.0,10.0,,114029,,,,,,,,,,,,,,,,,,,
,,,,44,,,,,,,,,,,,,,,,,,,,,,,,,114029,,,,,,,,,,,0.06200874224305153,0.0621420219540596,,0.1978772133588791,0.1257491409778595,52.7899284362793,0.14659392833709717,0.050724152475595474,
,0.060616377741098404,0.06076722592115402,,44,-0.09189019352197647,0.9502631425857544,0.11477559059858322,0.3800048232078552,-0.22297577559947968,-0.019361166283488274,-0.2287256419658661,-0.10368520021438599,-0.015901660546660423,0.0030160658061504364,0.07773735374212265,0.08806423842906952,0.28900033235549927,0.1267905980348587,53.194820404052734,,,,,,,,,0.14982332289218903,114029,,,,,,,,,,,,,,,,,,,0.051396965980529785
,,,,45,,,,,,,,,,,,,,,,0.0,300.0,100.0,0.0,8.0,200.0,5.0,10.0,,116563,,,,,,,,,,,,,,,,,,,
,,,,45,,,,,,,,,,,,,,,,,,,,,,,,,116563,,,,,,,,,,,0.06159854680299759,0.061583325266838074,,0.20302627980709076,0.12636861205101013,52.756656646728516,0.14426293969154358,0.049950990825891495,
,0.06060771644115448,0.06074133515357971,,45,-0.04531318321824074,0.8838223814964294,0.004420394543558359,0.3727242350578308,-0.264981210231781,0.05566985905170441,-0.047555889934301376,0.18129563331604004,0.006013374775648117,0.03354419022798538,-0.06355288624763489,-0.05314129590988159,0.287243515253067,0.12669122219085693,53.15578079223633,,,,,,,,,0.15019741654396057,116563,,,,,,,,,,,,,,,,,,,0.05121461674571037
,,,,46,,,,,,,,,,,,,,,,0.0,300.0,100.0,0.0,8.0,200.0,5.0,10.0,,119097,,,,,,,,,,,,,,,,,,,
,,,,46,,,,,,,,,,,,,,,,,,,,,,,,,119097,,,,,,,,,,,0.06157179921865463,0.062343232333660126,,0.1904011070728302,0.12594455480575562,52.6650390625,0.1458854228258133,0.05176395922899246,
,0.06072849780321121,0.060647476464509964,,46,-0.07821126282215118,0.9075825214385986,-0.018075665459036827,0.31010621786117554,-0.06391352415084839,0.1815858781337738,-0.1895284354686737,-0.0265403650701046,0.03920963779091835,0.06903507560491562,-0.007885750383138657,0.006263481453061104,0.2885453999042511,0.12643124163150787,53.14210891723633,,,,,,,,,0.15024477243423462,119097,,,,,,,,,,,,,,,,,,,0.05130007490515709
,,,,47,,,,,,,,,,,,,,,,0.0,300.0,100.0,0.0,8.0,200.0,5.0,10.0,,121631,,,,,,,,,,,,,,,,,,,
,,,,47,,,,,,,,,,,,,,,,,,,,,,,,,121631,,,,,,,,,,,0.06280295550823212,0.061859481036663055,,0.2027013748884201,0.1265273541212082,53.213706970214844,0.14811120927333832,0.051922231912612915,
,0.06056152656674385,0.06071414798498154,,47,0.17675797641277313,0.9487707018852234,0.20292691886425018,0.4841179847717285,0.06992564350366592,0.14754071831703186,-0.19373467564582825,-0.12711495161056519,-0.0392768532037735,-0.027791298925876617,0.034494560211896896,0.03854040801525116,0.28138467669487,0.12634262442588806,53.023128509521484,,,,,,,,,0.14982840418815613,121631,,,,,,,,,,,,,,,,,,,0.05144946277141571
,,,,48,,,,,,,,,,,,,,,,0.0,300.0,100.0,0.0,8.0,200.0,5.0,10.0,,124165,,,,,,,,,,,,,,,,,,,
,,,,48,,,,,,,,,,,,,,,,,,,,,,,,,124165,,,,,,,,,,,0.06102881580591202,0.06131967157125473,,0.19949869811534882,0.12589681148529053,52.44590377807617,0.14459823071956635,0.050697844475507736,
,0.060644373297691345,0.060660671442747116,,48,-0.021253924816846848,0.9088897109031677,-0.038185957819223404,0.3335196077823639,-0.09728793799877167,0.22299619019031525,-0.3681824803352356,-0.22787535190582275,-0.06192425265908241,-0.03597705438733101,-0.1210126280784607,-0.11073026806116104,0.28873926401138306,0.12627476453781128,53.065834045410156,,,,,,,,,0.14651581645011902,124165,,,,,,,,,,,,,,,,,,,0.050898339599370956
,,,,49,,,,,,,,,,,,,,,,0.0,300.0,100.0,0.0,8.0,200.0,5.0,10.0,,126699,,,,,,,,,,,,,,,,,,,
,,,,49,,,,,,,,,,,,,,,,,,,,,,,,,126699,,,,,,,,,,,0.06180182844400406,0.06156386807560921,,0.19728581607341766,0.125599205493927,52.63993835449219,0.14608141779899597,0.05144517496228218,
,0.06059221178293228,0.06060559302568436,,49,0.16735681891441345,0.9439411163330078,0.10363515466451645,0.34577473998069763,-0.07753961533308029,0.18953898549079895,0.018392834812402725,0.17248818278312683,0.15277045965194702,0.17643991112709045,-0.24011290073394775,-0.23220422863960266,0.28493547439575195,0.12611718475818634,52.980926513671875,,,,,,,,,0.14578884840011597,126699,,,,,,,,,,,,,,,,,,,0.05108702555298805
,,,,50,,,,,,,,,,,,,,,,0.0,300.0,100.0,0.0,8.0,200.0,5.0,10.0,,129233,,,,,,,,,,,,,,,,,,,
,,,,50,,,,,,,,,,,,,,,,,,,,,,,,,129233,,,,,,,,,,,0.061717499047517776,0.061776839196681976,,0.19822822511196136,0.1260310411453247,52.74657440185547,0.14982233941555023,0.051247913390398026,
,0.06056543067097664,0.06070291996002197,,50,-0.0025259973481297493,0.9436848163604736,0.02948152646422386,0.2570951581001282,-0.10425148904323578,0.12619861960411072,0.05441544950008392,0.1706538051366806,0.12186147272586823,0.14514684677124023,0.11847405135631561,0.12588165700435638,0.2866959571838379,0.1260441541671753,52.98230743408203,,,,,,,,,0.1458842158317566,129233,,,,,,,,,,,,,,,,,,,0.05105660855770111
,,,,51,,,,,,,,,,,,,,,,0.0,300.0,100.0,0.0,8.0,200.0,5.0,10.0,,131767,,,,,,,,,,,,,,,,,,,
,,,,51,,,,,,,,,,,,,,,,,,,,,,,,,131767,,,,,,,,,,,0.06111506372690201,0.061746805906295776,,0.19697603583335876,0.12598510086536407,52.47555923461914,0.13749410212039948,0.05060851573944092,
,0.060524336993694305,0.06062093749642372,,51,-0.07635079324245453,0.9044786691665649,-0.14896424114704132,0.2545759081840515,-0.20829734206199646,0.05398837476968765,0.006820910144597292,0.17202216386795044,0.04874902218580246,0.07039739191532135,0.075718455016613,0.08673208206892014,0.27695029973983765,0.1260070949792862,52.8752555847168,,,,,,,,,0.14562571048736572,131767,,,,,,,,,,,,,,,,,,,0.05107196420431137
,,,,52,,,,,,,,,,,,,,,,0.0,300.0,100.0,0.0,8.0,200.0,5.0,10.0,,134301,,,,,,,,,,,,,,,,,,,
,,,,52,,,,,,,,,,,,,,,,,,,,,,,,,134301,,,,,,,,,,,0.06150088086724281,0.061808109283447266,,0.19539083540439606,0.1250675916671753,52.42735290527344,0.14319580793380737,0.05037033185362816,
,0.060614246875047684,0.06066909432411194,,52,0.22228378057479858,0.9670542478561401,0.25517797470092773,0.4517616629600525,-0.06853733211755753,0.13349200785160065,-0.19721832871437073,-0.06611564755439758,-0.03455227613449097,-0.014058006927371025,0.13972090184688568,0.14600050449371338,0.2791641652584076,0.12573586404323578,52.85856628417969,,,,,,,,,0.1439642459154129,134301,,,,,,,,,,,,,,,,,,,0.05070778355002403
,,,,53,,,,,,,,,,,,,,,,0.0,300.0,100.0,0.0,8.0,200.0,5.0,10.0,,136835,,,,,,,,,,,,,,,,,,,
,,,,53,,,,,,,,,,,,,,,,,,,,,,,,,136835,,,,,,,,,,,0.061567503958940506,0.06209520623087883,,0.20587852597236633,0.12479901313781738,52.47968292236328,0.13818852603435516,0.05021579563617706,
,0.0605451725423336,0.06061599403619766,,53,-0.26536181569099426,0.9189692735671997,-0.282336562871933,0.068675197660923,-0.24978114664554596,0.010896530002355576,0.020453348755836487,0.1528603881597519,0.26571106910705566,0.28564122319221497,0.16881676018238068,0.17606571316719055,0.27933090925216675,0.125660702586174,52.813838958740234,,,,,,,,,0.14284296333789825,136835,,,,,,,,,,,,,,,,,,,0.05077926442027092
,,,,54,,,,,,,,,,,,,,,,0.0,300.0,100.0,0.0,8.0,200.0,5.0,10.0,,139369,,,,,,,,,,,,,,,,,,,
,,,,54,,,,,,,,,,,,,,,,,,,,,,,,,139369,,,,,,,,,,,0.061815470457077026,0.06186865642666817,,0.18209154903888702,0.12525393068790436,52.482460021972656,0.14631225168704987,0.05119035765528679,
,0.06044317036867142,0.060696009546518326,,54,0.058734968304634094,0.9560419321060181,0.12176716327667236,0.3548204302787781,-0.014759272336959839,0.10432888567447662,-0.07194578647613525,0.059289418160915375,0.08156316727399826,0.09916387498378754,-0.004571402445435524,0.0031617525964975357,0.2758655250072479,0.12557370960712433,52.75298309326172,,,,,,,,,0.14444074034690857,139369,,,,,,,,,,,,,,,,,,,0.05066535249352455
,,,,55,,,,,,,,,,,,,,,,0.0,300.0,100.0,0.0,8.0,200.0,5.0,10.0,,141903,,,,,,,,,,,,,,,,,,,
,,,,55,,,,,,,,,,,,,,,,,,,,,,,,,141903,,,,,,,,,,,0.061547745019197464,0.06144564226269722,,0.18560151755809784,0.1253698766231537,52.41526412963867,0.1472628265619278,0.05112847313284874,
,0.06040409207344055,0.060596343129873276,,55,0.009283605962991714,0.9249977469444275,-0.07113245129585266,0.2443678081035614,0.09877894818782806,0.3297725021839142,-0.21709878742694855,-0.06860684603452682,-0.17440581321716309,-0.14657610654830933,0.07709208130836487,0.08814288675785065,0.2753307521343231,0.1256190538406372,52.73638153076172,,,,,,,,,0.1444818526506424,141903,,,,,,,,,,,,,,,,,,,0.05066592991352081
,,,,56,,,,,,,,,,,,,,,,0.0,300.0,100.0,0.0,8.0,200.0,5.0,10.0,,144437,,,,,,,,,,,,,,,,,,,
,,,,56,,,,,,,,,,,,,,,,,,,,,,,,,144437,,,,,,,,,,,0.061121322214603424,0.06142779812216759,,0.17972853779792786,0.12514753639698029,52.16291427612305,0.14174588024616241,0.050767142325639725,
,0.060507968068122864,0.06057882308959961,,56,0.07379497587680817,0.9691715240478516,0.05765786021947861,0.2438095211982727,0.18300198018550873,0.3098588287830353,-0.12064990401268005,-0.029649021103978157,0.30739766359329224,0.3192345201969147,-0.19219549000263214,-0.18730930984020233,0.2762976288795471,0.12543287873268127,52.733070373535156,,,,,,,,,0.14358806610107422,144437,,,,,,,,,,,,,,,,,,,0.05078946053981781
,,,,57,,,,,,,,,,,,,,,,0.0,300.0,100.0,0.0,8.0,200.0,5.0,10.0,,146971,,,,,,,,,,,,,,,,,,,
,,,,57,,,,,,,,,,,,,,,,,,,,,,,,,146971,,,,,,,,,,,0.0614532008767128,0.06163208559155464,,0.17890894412994385,0.12483790516853333,52.17331314086914,0.13583680987358093,0.04960975423455238,
,0.06044098362326622,0.06065557524561882,,57,-0.3546797037124634,0.8372899889945984,-0.3699597716331482,0.14347395300865173,0.03400807827711105,0.22761014103889465,-0.15624019503593445,-0.025370869785547256,0.26656171679496765,0.2908966839313507,0.05574435368180275,0.0664563700556755,0.2752937078475952,0.125350221991539,52.691646575927734,,,,,,,,,0.14290983974933624,146971,,,,,,,,,,,,,,,,,,,0.05067996680736542
,,,,58,,,,,,,,,,,,,,,,0.0,300.0,100.0,0.0,8.0,200.0,5.0,10.0,,149505,,,,,,,,,,,,,,,,,,,
,,,,58,,,,,,,,,,,,,,,,,,,,,,,,,149505,,,,,,,,,,,0.06142587587237358,0.061479389667510986,,0.1786055564880371,0.1251019835472107,52.21094512939453,0.13583125174045563,0.05068276822566986,
,0.06045418232679367,0.06076015159487724,,58,0.013431059196591377,0.8990972638130188,0.013412974774837494,0.3492261469364166,-0.1951534003019333,0.0002451622858643532,0.19890399277210236,0.36022958159446716,0.18432219326496124,0.21434515714645386,0.22141335904598236,0.23211020231246948,0.27321934700012207,0.1252964735031128,52.66607666015625,,,,,,,,,0.14080166816711426,149505,,,,,,,,,,,,,,,,,,,0.05047022923827171
,,,,59,,,,,,,,,,,,,,,,0.0,300.0,100.0,0.0,8.0,200.0,5.0,10.0,,152039,,,,,,,,,,,,,,,,,,,
,,,,59,,,,,,,,,,,,,,,,,,,,,,,,,152039,,,,,,,,,,,0.061360735446214676,0.06216587871313095,,0.20518387854099274,0.12464519590139389,52.373043060302734,0.13483184576034546,0.05035782232880592,
,0.06047067418694496,0.060617394745349884,,59,0.009143049828708172,0.9381070137023926,0.10559610277414322,0.39074602723121643,-0.07776248455047607,0.168695867061615,-0.45164087414741516,-0.33503109216690063,0.19616754353046417,0.21872060000896454,-0.0074387406930327415,0.0034644296392798424,0.2700386047363281,0.12524881958961487,52.62356185913086,,,,,,,,,0.1405942440032959,152039,,,,,,,,,,,,,,,,,,,0.05075962096452713
,,,,60,,,,,,,,,,,,,,,,0.0,300.0,100.0,0.0,8.0,200.0,5.0,10.0,,154573,,,,,,,,,,,,,,,,,,,
,,,,60,,,,,,,,,,,,,,,,,,,,,,,,,154573,,,,,,,,,,,0.06148085370659828,0.06154622882604599,,0.1930396556854248,0.1245441809296608,52.2420768737793,0.13785511255264282,0.05007218196988106,
,0.06053504720330238,0.06051357463002205,,60,-0.274320125579834,0.9411941170692444,-0.1626400351524353,0.10372476279735565,-0.009875469841063023,0.17546385526657104,-0.048417769372463226,0.07912176847457886,0.18117311596870422,0.19865474104881287,-0.014149678871035576,-0.007216881029307842,0.26927298307418823,0.125129833817482,52.607177734375,,,,,,,,,0.14167293906211853,154573,,,,,,,,,,,,,,,,,,,0.05068457871675491
,,,,61,,,,,,,,,,,,,,,,0.0,300.0,100.0,0.0,8.0,200.0,5.0,10.0,,157107,,,,,,,,,,,,,,,,,,,
,,,,61,,,,,,,,,,,,,,,,,,,,,,,,,157107,,,,,,,,,,,0.06122148036956787,0.06179545447230339,,0.1766708940267563,0.12480494379997253,52.10631561279297,0.13719527423381805,0.05000241473317146,
,0.06044655293226242,0.06061743199825287,,61,-0.027714703232049942,0.8797951936721802,-0.06812206655740738,0.26225435733795166,-0.05160141736268997,0.27548688650131226,-0.07672342658042908,0.13193781673908234,0.18810471892356873,0.2215806245803833,0.10790006816387177,0.11665253341197968,0.2702549397945404,0.12489111721515656,52.542396545410156,,,,,,,,,0.14042656123638153,157107,,,,,,,,,,,,,,,,,,,0.05042305961251259
,,,,62,,,,,,,,,,,,,,,,0.0,300.0,100.0,0.0,8.0,200.0,5.0,10.0,,159641,,,,,,,,,,,,,,,,,,,
,,,,62,,,,,,,,,,,,,,,,,,,,,,,,,159641,,,,,,,,,,,0.06161557510495186,0.06137530505657196,,0.2097717523574829,0.12448994070291519,52.373836517333984,0.13650012016296387,0.04929709807038307,
,0.060387689620256424,0.06055785343050957,,62,-0.0007539018988609314,0.9031408429145813,-0.08938074111938477,0.26368004083633423,0.132183238863945,0.3864139914512634,-0.2873205244541168,-0.142462819814682,0.33373263478279114,0.35813429951667786,-0.08495184779167175,-0.07498304545879364,0.26827457547187805,0.12491627782583237,52.49287796020508,,,,,,,,,0.13854221999645233,159641,,,,,,,,,,,,,,,,,,,0.04986320063471794
,,,,63,,,,,,,,,,,,,,,,0.0,300.0,100.0,0.0,8.0,200.0,5.0,10.0,,162175,,,,,,,,,,,,,,,,,,,
,,,,63,,,,,,,,,,,,,,,,,,,,,,,,,162175,,,,,,,,,,,0.061691369861364365,0.06169416755437851,,0.17340868711471558,0.12469438463449478,52.18880844116211,0.13700874149799347,0.050076987594366074,
,0.060440801084041595,0.06058816984295845,,63,-0.1840185970067978,0.8852880001068115,-0.18512365221977234,0.1807813048362732,-0.13953691720962524,0.09618839621543884,0.045130759477615356,0.23726493120193481,-0.07897307723760605,-0.05384836718440056,0.14453905820846558,0.1598190814256668,0.2708418071269989,0.12491077929735184,52.534942626953125,,,,,,,,,0.13865511119365692,162175,,,,,,,,,,,,,,,,,,,0.05017874762415886
,,,,64,,,,,,,,,,,,,,,,0.0,300.0,100.0,0.0,8.0,200.0,5.0,10.0,,164709,,,,,,,,,,,,,,,,,,,
,,,,64,,,,,,,,,,,,,,,,,,,,,,,,,164709,,,,,,,,,,,0.06175976246595383,0.06158558279275894,,0.1882147490978241,0.12474597990512848,52.31361389160156,0.13424640893936157,0.05009685084223747,
,0.06044484302401543,0.06069859862327576,,64,0.1664149910211563,0.9756012558937073,0.12069851160049438,0.308010995388031,0.11572888493537903,0.29701972007751465,-0.30743110179901123,-0.20251993834972382,-0.05154991149902344,-0.03373079001903534,-0.15025481581687927,-0.14302143454551697,0.27142906188964844,0.12482386827468872,52.534122467041016,,,,,,,,,0.13857609033584595,164709,,,,,,,,,,,,,,,,,,,0.050178661942481995
,,,,65,,,,,,,,,,,,,,,,0.0,300.0,100.0,0.0,8.0,200.0,5.0,10.0,,167243,,,,,,,,,,,,,,,,,,,
,,,,65,,,,,,,,,,,,,,,,,,,,,,,,,167243,,,,,,,,,,,0.061353642493486404,0.06129836663603783,,0.1881696581840515,0.12427588552236557,52.04212188720703,0.13037975132465363,0.04937729984521866,
,0.06053381413221359,0.060541365295648575,,65,-0.2331455498933792,0.9751448631286621,-0.2702346742153168,-0.08170724660158157,-0.06589255481958389,0.07630366086959839,-0.01120228972285986,0.058649592101573944,0.03730479255318642,0.051788970828056335,-0.021941279992461205,-0.016621176153421402,0.26725831627845764,0.12467140704393387,52.466339111328125,,,,,,,,,0.1358870565891266,167243,,,,,,,,,,,,,,,,,,,0.050027068704366684
,,,,66,,,,,,,,,,,,,,,,0.0,300.0,100.0,0.0,8.0,200.0,5.0,10.0,,169777,,,,,,,,,,,,,,,,,,,
,,,,66,,,,,,,,,,,,,,,,,,,,,,,,,169777,,,,,,,,,,,0.06143711134791374,0.061845675110816956,,0.18224577605724335,0.12472335994243622,52.192630767822266,0.13355298340320587,0.0506499782204628,
,0.06054402142763138,0.060582876205444336,,66,-0.0062905969098210335,0.9304097294807434,0.023074500262737274,0.30788183212280273,-0.1988709568977356,0.004841513931751251,0.1974850744009018,0.34333327412605286,-0.27230918407440186,-0.24176104366779327,-0.0006644167006015778,0.011214718222618103,0.2712152600288391,0.1246834397315979,52.50362777709961,,,,,,,,,0.1348978877067566,169777,,,,,,,,,,,,,,,,,,,0.05012641102075577
,,,,67,,,,,,,,,,,,,,,,0.0,300.0,100.0,0.0,8.0,200.0,5.0,10.0,,172311,,,,,,,,,,,,,,,,,,,
,,,,67,,,,,,,,,,,,,,,,,,,,,,,,,172311,,,,,,,,,,,0.061441004276275635,0.06181329861283302,,0.1814318597316742,0.12461171299219131,52.158077239990234,0.13234171271324158,0.05089366063475609,
,0.06038913130760193,0.06055568531155586,,67,0.30000555515289307,0.9754564762115479,0.08950189501047134,0.24596849083900452,0.06428726017475128,0.20441478490829468,0.28743430972099304,0.38158708810806274,0.41905391216278076,0.4322827160358429,0.3944467604160309,0.39940178394317627,0.2662155330181122,0.12461646646261215,52.402252197265625,,,,,,,,,0.13493873178958893,172311,,,,,,,,,,,,,,,,,,,0.05022329092025757
,,,,68,,,,,,,,,,,,,,,,0.0,300.0,100.0,0.0,8.0,200.0,5.0,10.0,,174845,,,,,,,,,,,,,,,,,,,
,,,,68,,,,,,,,,,,,,,,,,,,,,,,,,174845,,,,,,,,,,,0.06139518320560455,0.06208508089184761,,0.1894281655550003,0.12447256594896317,52.224853515625,0.13639120757579803,0.050592370331287384,
,0.06040581315755844,0.06056573614478111,,68,0.08381755650043488,0.93290114402771,-0.061284925788640976,0.15935276448726654,0.12086229026317596,0.3476649820804596,0.27162966132164,0.39189016819000244,0.11160337924957275,0.13341689109802246,0.17697225511074066,0.18673992156982422,0.2672923803329468,0.12436941266059875,52.3587532043457,,,,,,,,,0.13314120471477509,174845,,,,,,,,,,,,,,,,,,,0.050254084169864655
,,,,69,,,,,,,,,,,,,,,,0.0,300.0,100.0,0.0,8.0,200.0,5.0,10.0,,177379,,,,,,,,,,,,,,,,,,,
,,,,69,,,,,,,,,,,,,,,,,,,,,,,,,177379,,,,,,,,,,,0.061359018087387085,0.06130069121718407,,0.19468510150909424,0.12467722594738007,52.19706726074219,0.13174663484096527,0.05076444149017334,
,0.06049741059541702,0.060635678470134735,,69,0.014592518098652363,0.9097113609313965,-0.1406141072511673,0.2542762756347656,0.07431456446647644,0.2928983271121979,-0.08691726624965668,0.08274883031845093,-0.021634532138705254,0.0036167092621326447,0.031479936093091965,0.04307827726006508,0.2638331651687622,0.12443790584802628,52.40734100341797,,,,,,,,,0.13828033208847046,177379,,,,,,,,,,,,,,,,,,,0.0504826158285141
,,,,70,,,,,,,,,,,,,,,,0.0,300.0,100.0,0.0,8.0,200.0,5.0,10.0,,179913,,,,,,,,,,,,,,,,,,,
,,,,70,,,,,,,,,,,,,,,,,,,,,,,,,179913,,,,,,,,,,,0.061488427221775055,0.061680056154727936,,0.17251427471637726,0.12368184328079224,51.88539123535156,0.130923792719841,0.04997645318508148,
,0.06048882380127907,0.06047717109322548,,70,0.06842981278896332,0.943625807762146,0.07444249093532562,0.26383137702941895,0.11392445862293243,0.3138042688369751,0.015706049278378487,0.14500752091407776,0.2567257285118103,0.2763940691947937,0.4128372073173523,0.42082515358924866,0.2643493711948395,0.12443510442972183,52.377994537353516,,,,,,,,,0.13571038842201233,179913,,,,,,,,,,,,,,,,,,,0.05033091455698013
,,,,71,,,,,,,,,,,,,,,,0.0,300.0,100.0,0.0,8.0,200.0,5.0,10.0,,182447,,,,,,,,,,,,,,,,,,,
,,,,71,,,,,,,,,,,,,,,,,,,,,,,,,182447,,,,,,,,,,,0.0608983039855957,0.06144401803612709,,0.19137805700302124,0.12434421479701996,51.98357391357422,0.13138556480407715,0.05128849297761917,
,0.06040777638554573,0.060614023357629776,,71,-0.0550709143280983,0.8813042640686035,0.04919615387916565,0.3976747691631317,-0.0008441307581961155,0.24490323662757874,-0.17315411567687988,-0.03318832814693451,-0.05482398718595505,-0.027761533856391907,-0.0474327988922596,-0.03595053777098656,0.26278626918792725,0.12426630407571793,52.30296325683594,,,,,,,,,0.1322098672389984,182447,,,,,,,,,,,,,,,,,,,0.050259727984666824
,,,,72,,,,,,,,,,,,,,,,0.0,300.0,100.0,0.0,8.0,200.0,5.0,10.0,,184981,,,,,,,,,,,,,,,,,,,
,,,,72,,,,,,,,,,,,,,,,,,,,,,,,,184981,,,,,,,,,,,0.061482615768909454,0.061775244772434235,,0.1649245023727417,0.12358857691287994,51.799705505371094,0.12948252260684967,0.04929130896925926,
,0.06034824252128601,0.06062571331858635,,72,0.0990578681230545,0.9035604000091553,-0.011786647140979767,0.2886950373649597,0.12110833078622818,0.3288378119468689,0.08569341897964478,0.2644128203392029,0.2280016541481018,0.2499595731496811,0.22364264726638794,0.23405992984771729,0.26137062907218933,0.12420039623975754,52.26512145996094,,,,,,,,,0.13277864456176758,184981,,,,,,,,,,,,,,,,,,,0.05031602457165718
,,,,73,,,,,,,,,,,,,,,,0.0,300.0,100.0,0.0,8.0,200.0,5.0,10.0,,187515,,,,,,,,,,,,,,,,,,,
,,,,73,,,,,,,,,,,,,,,,,,,,,,,,,187515,,,,,,,,,,,0.06104903668165207,0.06161058694124222,,0.17881982028484344,0.1239263266324997,51.81381607055664,0.12554042041301727,0.04945383220911026,
,0.06047714501619339,0.06054893136024475,,73,-0.08751007169485092,0.9714784026145935,-0.036866333335638046,0.14740344882011414,0.03542451187968254,0.13702087104320526,-0.07884520292282104,-0.009620476514101028,-0.1857757568359375,-0.16813351213932037,-0.09382535517215729,-0.08851133286952972,0.2634965181350708,0.12418447434902191,52.30617904663086,,,,,,,,,0.13240668177604675,187515,,,,,,,,,,,,,,,,,,,0.050124842673540115
,,,,74,,,,,,,,,,,,,,,,0.0,300.0,100.0,0.0,8.0,200.0,5.0,10.0,,190049,,,,,,,,,,,,,,,,,,,
,,,,74,,,,,,,,,,,,,,,,,,,,,,,,,190049,,,,,,,,,,,0.061700060963630676,0.06116081774234772,,0.1983828991651535,0.12446166574954987,52.207889556884766,0.12144282460212708,0.04951731488108635,
,0.060407981276512146,0.060484301298856735,,74,-0.03598003089427948,0.9002259373664856,0.029736965894699097,0.32877928018569946,0.09481526911258698,0.3430086076259613,-0.19163401424884796,-0.05325651541352272,0.10907231271266937,0.12829464673995972,0.17288807034492493,0.18293750286102295,0.2655746638774872,0.12418371438980103,52.28300476074219,,,,,,,,,0.12976716458797455,190049,,,,,,,,,,,,,,,,,,,0.050207555294036865
,,,,75,,,,,,,,,,,,,,,,0.0,300.0,100.0,0.0,8.0,200.0,5.0,10.0,,192583,,,,,,,,,,,,,,,,,,,
,,,,75,,,,,,,,,,,,,,,,,,,,,,,,,192583,,,,,,,,,,,0.06121380254626274,0.061996787786483765,,0.17839102447032928,0.1238441914319992,51.89835739135742,0.1274407058954239,0.050135668367147446,
,0.06042347103357315,0.06055258587002754,,75,-0.01357775554060936,0.929309606552124,0.14037953317165375,0.3958912491798401,-0.04745345562696457,0.20326115190982819,-0.23639744520187378,-0.08284251391887665,-0.1325540840625763,-0.10924742370843887,-0.1241602748632431,-0.11222625523805618,0.2668188810348511,0.12414003163576126,52.297969818115234,,,,,,,,,0.13054759800434113,192583,,,,,,,,,,,,,,,,,,,0.05004322528839111
,,,,76,,,,,,,,,,,,,,,,0.0,300.0,100.0,0.0,8.0,200.0,5.0,10.0,,195117,,,,,,,,,,,,,,,,,,,
,,,,76,,,,,,,,,,,,,,,,,,,,,,,,,195117,,,,,,,,,,,0.062201473861932755,0.061778005212545395,,0.17180445790290833,0.12394868582487106,52.1651725769043,0.1321711242198944,0.0501917339861393,
,0.06035871431231499,0.06058313697576523,,76,-0.11105650663375854,0.9026537537574768,-0.22932451963424683,0.08030326664447784,0.003991030156612396,0.3212917745113373,-0.02641090378165245,0.10910648107528687,0.0525309294462204,0.08119535446166992,0.3634915351867676,0.3751322627067566,0.2585800588130951,0.123909130692482,52.16861343383789,,,,,,,,,0.13029928505420685,195117,,,,,,,,,,,,,,,,,,,0.050071198493242264
,,,,77,,,,,,,,,,,,,,,,0.0,300.0,100.0,0.0,8.0,200.0,5.0,10.0,,197651,,,,,,,,,,,,,,,,,,,
,,,,77,,,,,,,,,,,,,,,,,,,,,,,,,197651,,,,,,,,,,,0.06140654534101486,0.062071897089481354,,0.17427986860275269,0.12359238415956497,51.85854721069336,0.12369592487812042,0.04982074722647667,
,0.06049923971295357,0.060539744794368744,,77,0.007238924503326416,0.9544966220855713,-0.056962884962558746,0.16926918923854828,0.10137729346752167,0.23389706015586853,0.15117749571800232,0.23568928241729736,-0.08656351268291473,-0.07566873729228973,-0.15865953266620636,-0.15242770314216614,0.2605215907096863,0.1238865852355957,52.21732711791992,,,,,,,,,0.13027438521385193,197651,,,,,,,,,,,,,,,,,,,0.050067413598299026
,,,,78,,,,,,,,,,,,,,,,0.0,300.0,100.0,0.0,8.0,200.0,5.0,10.0,,200185,,,,,,,,,,,,,,,,,,,
,,,,78,,,,,,,,,,,,,,,,,,,,,,,,,200185,,,,,,,,,,,0.06132354587316513,0.0615214966237545,,0.18009504675865173,0.12361510843038559,51.842933654785156,0.12643207609653473,0.049781713634729385,
,0.06038153916597366,0.06057846173644066,,78,-0.05410249903798103,0.9297882318496704,-0.06257546693086624,0.25265219807624817,-0.15819983184337616,0.05140271410346031,-0.008648807182908058,0.13426904380321503,0.12291455268859863,0.14555281400680542,0.031989697366952896,0.04049251228570938,0.25636374950408936,0.12391385436058044,52.17219924926758,,,,,,,,,0.1332480013370514,200185,,,,,,,,,,,,,,,,,,,0.049990542232990265
,,,,79,,,,,,,,,,,,,,,,0.0,300.0,100.0,0.0,8.0,200.0,5.0,10.0,,202719,,,,,,,,,,,,,,,,,,,
,,,,79,,,,,,,,,,,,,,,,,,,,,,,,,202719,,,,,,,,,,,0.06086249276995659,0.061525776982307434,,0.18273186683654785,0.12422957271337509,51.84975051879883,0.12599992752075195,0.050064992159605026,
,0.06033802404999733,0.06037648022174835,,79,0.03674260526895523,0.9096794128417969,0.03768138960003853,0.43965959548950195,-0.027564961463212967,0.18504184484481812,-0.29549139738082886,-0.12422332912683487,-0.18943734467029572,-0.16063755750656128,-0.015870749950408936,-0.00013215094804763794,0.25935542583465576,0.12375368922948837,52.10907745361328,,,,,,,,,0.1287652999162674,202719,,,,,,,,,,,,,,,,,,,0.050071459263563156
,,,,80,,,,,,,,,,,,,,,,0.0,300.0,100.0,0.0,8.0,200.0,5.0,10.0,,205253,,,,,,,,,,,,,,,,,,,
,,,,80,,,,,,,,,,,,,,,,,,,,,,,,,205253,,,,,,,,,,,0.060973916202783585,0.061340056359767914,,0.17778527736663818,0.12346330285072327,51.634090423583984,0.120416559278965,0.0490848645567894,
,0.06042541563510895,0.06054149195551872,,80,-0.05448334291577339,0.9044768214225769,0.14975859224796295,0.46516531705856323,-0.14790953695774078,0.07673720270395279,-0.1383165717124939,0.0016396082937717438,-0.14464716613292694,-0.12221456319093704,0.2659526765346527,0.27560141682624817,0.25822713971138,0.12382366508245468,52.15970230102539,,,,,,,,,0.12930074334144592,205253,,,,,,,,,,,,,,,,,,,0.050086610019207
,,,,81,,,,,,,,,,,,,,,,0.0,300.0,100.0,0.0,8.0,200.0,5.0,10.0,,207787,,,,,,,,,,,,,,,,,,,
,,,,81,,,,,,,,,,,,,,,,,,,,,,,,,207787,,,,,,,,,,,0.06155100464820862,0.061367593705654144,,0.18688258528709412,0.12491067498922348,52.27043151855469,0.1363205760717392,0.05095548555254936,
,0.060357239097356796,0.06051481515169144,,81,-0.00521039217710495,0.9567087292671204,-0.0526520237326622,0.16953818500041962,0.02026546001434326,0.1582249253988266,0.042387500405311584,0.16379816830158234,0.0831165760755539,0.10926006734371185,0.2103387713432312,0.21969333291053772,0.2568834125995636,0.12379562109708786,52.128379821777344,,,,,,,,,0.13049013912677765,207787,,,,,,,,,,,,,,,,,,,0.05029592290520668
,,,,82,,,,,,,,,,,,,,,,0.0,300.0,100.0,0.0,8.0,200.0,5.0,10.0,,210321,,,,,,,,,,,,,,,,,,,
,,,,82,,,,,,,,,,,,,,,,,,,,,,,,,210321,,,,,,,,,,,0.06155531853437424,0.06196536123752594,,0.1787949800491333,0.12315131723880768,51.87836456298828,0.12962743639945984,0.0506490021944046,
,0.060400575399398804,0.06053633242845535,,82,0.28783002495765686,0.9969884753227234,0.2900559902191162,0.3440174460411072,0.15664812922477722,0.21108955144882202,-0.20494966208934784,-0.17573854327201843,-0.13983215391635895,-0.13394753634929657,-0.3075147271156311,-0.3044610023498535,0.257831871509552,0.12379354983568192,52.14968490600586,,,,,,,,,0.13057194650173187,210321,,,,,,,,,,,,,,,,,,,0.05015848949551582
,,,,83,,,,,,,,,,,,,,,,0.0,300.0,100.0,0.0,8.0,200.0,5.0,10.0,,212855,,,,,,,,,,,,,,,,,,,
,,,,83,,,,,,,,,,,,,,,,,,,,,,,,,212855,,,,,,,,,,,0.06157105788588524,0.061434563249349594,,0.16949421167373657,0.12325235456228256,51.71996307373047,0.1210898756980896,0.04933087155222893,
,0.06036005914211273,0.06058955565094948,,83,0.27406740188598633,0.973268449306488,0.26334768533706665,0.41029781103134155,0.040195561945438385,0.18398705124855042,0.07626388221979141,0.17943556606769562,0.1765175461769104,0.19314773380756378,-0.10976885259151459,-0.10387668013572693,0.25627776980400085,0.12359174340963364,52.07001876831055,,,,,,,,,0.12709461152553558,212855,,,,,,,,,,,,,,,,,,,0.04990663751959801
,,,,84,,,,,,,,,,,,,,,,0.0,300.0,100.0,0.0,8.0,200.0,5.0,10.0,,215389,,,,,,,,,,,,,,,,,,,
,,,,84,,,,,,,,,,,,,,,,,,,,,,,,,215389,,,,,,,,,,,0.0609983392059803,0.06154347211122513,,0.17626942694187164,0.12345016002655029,51.64678192138672,0.1208624318242073,0.04884159192442894,
,0.06044071912765503,0.06047908589243889,,84,-0.03220273554325104,0.9546173810958862,0.04004282504320145,0.26489192247390747,-0.08035818487405777,0.14757058024406433,-0.25089555978775024,-0.12909843027591705,-0.1253981590270996,-0.1086115837097168,-0.06808371841907501,-0.06025932356715202,0.2554205358028412,0.12359368801116943,52.07889938354492,,,,,,,,,0.12831014394760132,215389,,,,,,,,,,,,,,,,,,,0.04951440542936325
,,,,85,,,,,,,,,,,,,,,,0.0,300.0,100.0,0.0,8.0,200.0,5.0,10.0,,217923,,,,,,,,,,,,,,,,,,,
,,,,85,,,,,,,,,,,,,,,,,,,,,,,,,217923,,,,,,,,,,,0.061366189271211624,0.06157173588871956,,0.17279469966888428,0.1233283206820488,51.72480392456055,0.1224401593208313,0.049754440784454346,
,0.06046934053301811,0.060545600950717926,,85,-0.08834298700094223,0.958956778049469,-0.0800478458404541,0.15829229354858398,0.11792673170566559,0.2610986828804016,-0.2932022511959076,-0.19755789637565613,-0.24960362911224365,-0.2286270260810852,-0.07706429809331894,-0.07021274417638779,0.2538863718509674,0.1235809475183487,52.07590866088867,,,,,,,,,0.1278669238090515,217923,,,,,,,,,,,,,,,,,,,0.049393706023693085
,,,,86,,,,,,,,,,,,,,,,0.0,300.0,100.0,0.0,8.0,200.0,5.0,10.0,,220457,,,,,,,,,,,,,,,,,,,
,,,,86,,,,,,,,,,,,,,,,,,,,,,,,,220457,,,,,,,,,,,0.06139994412660599,0.06128305941820145,,0.16615810990333557,0.12315826863050461,51.59334945678711,0.11761295795440674,0.0496056042611599,
,0.06036749109625816,0.06046615168452263,,86,-0.12785208225250244,0.9692749381065369,-0.056751854717731476,0.13721290230751038,-0.2179834544658661,-0.08473625779151917,-0.024948850274086,0.072385773062706,0.2109047770500183,0.22480350732803345,0.29210996627807617,0.2985430359840393,0.2541816830635071,0.12346167117357254,52.000892639160156,,,,,,,,,0.12494602054357529,220457,,,,,,,,,,,,,,,,,,,0.049350231885910034
,,,,87,,,,,,,,,,,,,,,,0.0,300.0,100.0,0.0,8.0,200.0,5.0,10.0,,222991,,,,,,,,,,,,,,,,,,,
,,,,87,,,,,,,,,,,,,,,,,,,,,,,,,222991,,,,,,,,,,,0.062150824815034866,0.06148726865649223,,0.17347829043865204,0.1231609508395195,51.92333984375,0.12422356754541397,0.04881943389773369,
,0.06042792275547981,0.06047843024134636,,87,0.03237966075539589,0.8666014671325684,0.01260499656200409,0.4064054489135742,-0.0236432496458292,0.2693481147289276,-0.15713509917259216,0.029267389327287674,-0.0010184794664382935,0.027284402400255203,0.014439891092479229,0.026305781677365303,0.252485990524292,0.1233542263507843,52.00217819213867,,,,,,,,,0.12749972939491272,222991,,,,,,,,,,,,,,,,,,,0.049774061888456345
,,,,88,,,,,,,,,,,,,,,,0.0,300.0,100.0,0.0,8.0,200.0,5.0,10.0,,225525,,,,,,,,,,,,,,,,,,,
,,,,88,,,,,,,,,,,,,,,,,,,,,,,,,225525,,,,,,,,,,,0.06252894550561905,0.06185067445039749,,0.18275804817676544,0.12324865907430649,52.18335723876953,0.12581884860992432,0.04986932873725891,
,0.0605056956410408,0.060593314468860626,,88,-0.123711958527565,0.944341778755188,-0.0473778173327446,0.2194175273180008,-0.173406183719635,0.02535572275519371,-0.13412126898765564,0.01166805624961853,0.11635531485080719,0.14269259572029114,0.01959838718175888,0.027408499270677567,0.2532145380973816,0.12331834435462952,52.02566146850586,,,,,,,,,0.12595517933368683,225525,,,,,,,,,,,,,,,,,,,0.049548693001270294
,,,,89,,,,,,,,,,,,,,,,0.0,300.0,100.0,0.0,8.0,200.0,5.0,10.0,,228059,,,,,,,,,,,,,,,,,,,
,,,,89,,,,,,,,,,,,,,,,,,,,,,,,,228059,,,,,,,,,,,0.061452046036720276,0.06152193248271942,,0.18023529648780823,0.12300591915845871,51.728759765625,0.12105470150709152,0.04926218092441559,
,0.06035201996564865,0.06050660088658333,,89,-0.004414975177496672,0.9023773670196533,-0.008020533248782158,0.35182899236679077,-0.278301477432251,0.13389430940151215,-0.21953840553760529,0.013747943565249443,0.03439939767122269,0.06660634279251099,0.02453269436955452,0.042071521282196045,0.2508929967880249,0.1234094500541687,51.98563003540039,,,,,,,,,0.12831178307533264,228059,,,,,,,,,,,,,,,,,,,0.04987410083413124
,,,,90,,,,,,,,,,,,,,,,0.0,300.0,100.0,0.0,8.0,200.0,5.0,10.0,,230593,,,,,,,,,,,,,,,,,,,
,,,,90,,,,,,,,,,,,,,,,,,,,,,,,,230593,,,,,,,,,,,0.061855364590883255,0.06197403743863106,,0.16322042047977448,0.12281418591737747,51.755653381347656,0.12448766082525253,0.051062002778053284,
,0.060355909168720245,0.060491159558296204,,90,-0.016884824261069298,0.9574867486953735,-0.14073526859283447,0.08030328899621964,0.023532528430223465,0.20375481247901917,0.16497167944908142,0.2745428681373596,-0.04247810319066048,-0.024844355881214142,0.10086693614721298,0.10888180881738663,0.25063356757164,0.12324310839176178,51.93598175048828,,,,,,,,,0.12574057281017303,230593,,,,,,,,,,,,,,,,,,,0.04976867511868477
,,,,91,,,,,,,,,,,,,,,,0.0,300.0,100.0,0.0,8.0,200.0,5.0,10.0,,233127,,,,,,,,,,,,,,,,,,,
,,,,91,,,,,,,,,,,,,,,,,,,,,,,,,233127,,,,,,,,,,,0.06126931309700012,0.06204066798090935,,0.15750952064990997,0.12346377968788147,51.69452667236328,0.12870493531227112,0.05133321136236191,
,0.06033467501401901,0.060547009110450745,,91,0.07574522495269775,0.9220948815345764,0.14697325229644775,0.44626569747924805,0.17005911469459534,0.2891533672809601,-0.07905462384223938,0.0336419902741909,-0.19613389670848846,-0.1809353232383728,-0.17205047607421875,-0.16305945813655853,0.24634112417697906,0.12320251762866974,51.91149139404297,,,,,,,,,0.12906773388385773,233127,,,,,,,,,,,,,,,,,,,0.049987807869911194
,,,,92,,,,,,,,,,,,,,,,0.0,300.0,100.0,0.0,8.0,200.0,5.0,10.0,,235661,,,,,,,,,,,,,,,,,,,
,,,,92,,,,,,,,,,,,,,,,,,,,,,,,,235661,,,,,,,,,,,0.060820672661066055,0.061596039682626724,,0.15362587571144104,0.12332341820001602,51.406036376953125,0.12222900986671448,0.04953543096780777,
,0.06045093759894371,0.06060570478439331,,92,0.06094176322221756,0.8947754502296448,0.1829700469970703,0.5184844732284546,-0.0015354389324784279,0.16526676714420319,-0.13079701364040375,0.055705517530441284,0.045797087252140045,0.07006864249706268,0.003562423400580883,0.011402208358049393,0.24645312130451202,0.12331289052963257,51.962547302246094,,,,,,,,,0.12697741389274597,235661,,,,,,,,,,,,,,,,,,,0.04976304993033409
,,,,93,,,,,,,,,,,,,,,,0.0,300.0,100.0,0.0,8.0,200.0,5.0,10.0,,238195,,,,,,,,,,,,,,,,,,,
,,,,93,,,,,,,,,,,,,,,,,,,,,,,,,238195,,,,,,,,,,,0.06115035340189934,0.06162041425704956,,0.17700698971748352,0.1234697699546814,51.7183952331543,0.12082318961620331,0.04971608519554138,
,0.06032213568687439,0.06045868992805481,,93,0.11715579032897949,0.8880464434623718,0.1844324767589569,0.5291998982429504,-0.07924208045005798,0.16479086875915527,0.015982860699295998,0.1780991107225418,0.1053241714835167,0.12645822763442993,0.15210789442062378,0.1636943370103836,0.2483559399843216,0.12315088510513306,51.88209533691406,,,,,,,,,0.12576542794704437,238195,,,,,,,,,,,,,,,,,,,0.04937806352972984
,,,,94,,,,,,,,,,,,,,,,0.0,300.0,100.0,0.0,8.0,200.0,5.0,10.0,,240729,,,,,,,,,,,,,,,,,,,
,,,,94,,,,,,,,,,,,,,,,,,,,,,,,,240729,,,,,,,,,,,0.06134190037846565,0.0615462101995945,,0.1672143191099167,0.12293386459350586,51.60965347290039,0.12643752992153168,0.049578167498111725,
,0.06029566377401352,0.06047193706035614,,94,0.05710247904062271,0.9642302989959717,0.09143880754709244,0.2689414918422699,0.013607269152998924,0.2114393264055252,-0.1619037538766861,-0.05909191071987152,0.05092901736497879,0.07173506915569305,0.2546108365058899,0.2610320746898651,0.24921438097953796,0.12313400208950043,51.876129150390625,,,,,,,,,0.12475267052650452,240729,,,,,,,,,,,,,,,,,,,0.04959985613822937
,,,,95,,,,,,,,,,,,,,,,0.0,300.0,100.0,0.0,8.0,200.0,5.0,10.0,,243263,,,,,,,,,,,,,,,,,,,
,,,,95,,,,,,,,,,,,,,,,,,,,,,,,,243263,,,,,,,,,,,0.06105390191078186,0.06208324804902077,,0.16873690485954285,0.12283124029636383,51.53086471557617,0.11966736614704132,0.0491861067712307,
,0.06042090430855751,0.060551710426807404,,95,0.3171125650405884,0.9521993398666382,0.3173622488975525,0.5382498502731323,-0.09075166285037994,0.09379877895116806,0.1360701620578766,0.25980380177497864,0.00883402954787016,0.03149138391017914,0.07927004992961884,0.0883944183588028,0.248065784573555,0.12314753979444504,51.923362731933594,,,,,,,,,0.1260042041540146,243263,,,,,,,,,,,,,,,,,,,0.049787361174821854
,,,,96,,,,,,,,,,,,,,,,0.0,300.0,100.0,0.0,8.0,200.0,5.0,10.0,,245797,,,,,,,,,,,,,,,,,,,
,,,,96,,,,,,,,,,,,,,,,,,,,,,,,,245797,,,,,,,,,,,0.06118382140994072,0.061455097049474716,,0.18316029012203217,0.12238194048404694,51.5540657043457,0.12208923697471619,0.05012936517596245,
,0.06025862321257591,0.06048167496919632,,96,-0.08835572749376297,0.9298396706581116,-0.3386540412902832,-0.023393116891384125,0.09279630333185196,0.3617216646671295,-0.072791688144207,0.05462800711393356,-0.05568995326757431,-0.032721977680921555,0.13466016948223114,0.14516520500183105,0.24877293407917023,0.12303006649017334,51.844974517822266,,,,,,,,,0.1253696233034134,245797,,,,,,,,,,,,,,,,,,,0.049622006714344025
,,,,97,,,,,,,,,,,,,,,,0.0,300.0,100.0,0.0,8.0,200.0,5.0,10.0,,248331,,,,,,,,,,,,,,,,,,,
,,,,97,,,,,,,,,,,,,,,,,,,,,,,,,248331,,,,,,,,,,,0.060922373086214066,0.061327800154685974,,0.16812822222709656,0.12324434518814087,51.53297805786133,0.1271812915802002,0.0493689626455307,
,0.06032565236091614,0.06056253984570503,,97,0.09679814428091049,0.9493156671524048,0.11910441517829895,0.37680768966674805,0.0412386991083622,0.23529081046581268,-0.20964699983596802,-0.06759025156497955,0.13516412675380707,0.16119816899299622,-0.02448682114481926,-0.01528928242623806,0.24817654490470886,0.12312808632850647,51.898353576660156,,,,,,,,,0.12718576192855835,248331,,,,,,,,,,,,,,,,,,,0.04974456876516342
,,,,98,,,,,,,,,,,,,,,,0.0,300.0,100.0,0.0,8.0,200.0,5.0,10.0,,250865,,,,,,,,,,,,,,,,,,,
,,,,98,,,,,,,,,,,,,,,,,,,,,,,,,250865,,,,,,,,,,,0.060857586562633514,0.06177989020943642,,0.164424329996109,0.12312241643667221,51.466835021972656,0.11954783648252487,0.04939699172973633,
,0.06035632640123367,0.06059221178293228,,98,0.11245724558830261,0.9670966267585754,0.12281554937362671,0.32389596104621887,0.07967272400856018,0.22199107706546783,-0.18296295404434204,-0.07775813341140747,-0.10845381766557693,-0.09294942766427994,-0.27641168236732483,-0.2710099220275879,0.24971190094947815,0.1230430155992508,51.88960266113281,,,,,,,,,0.12431387603282928,250865,,,,,,,,,,,,,,,,,,,0.049566157162189484
,,,,99,,,,,,,,,,,,,,,,0.0,300.0,100.0,0.0,8.0,200.0,5.0,10.0,,253399,,,,,,,,,,,,,,,,,,,
,,,,99,,,,,,,,,,,,,,,,,,,,,,,,,253399,,,,,,,,,,,0.061077844351530075,0.0616629533469677,,0.1692381352186203,0.12263020128011703,51.46479797363281,0.1199876070022583,0.049523115158081055,
,0.06046583503484726,0.06057645007967949,,99,-0.04795673489570618,0.9458091259002686,-0.22151197493076324,0.01816771924495697,0.08717258274555206,0.29721951484680176,0.05507318302989006,0.18634799122810364,0.03957783803343773,0.06608525663614273,0.019876180216670036,0.02868114598095417,0.24701061844825745,0.12278706580400467,51.8316535949707,,,,,,,,,0.12222686409950256,253399,,,,,,,,,,,,,,,,,,,0.04896746203303337
,,,,100,,,,,,,,,,,,,,,,0.0,300.0,100.0,0.0,8.0,200.0,5.0,10.0,,255933,,,,,,,,,,,,,,,,,,,
,,,,100,,,,,,,,,,,,,,,,,,,,,,,,,255933,,,,,,,,,,,0.061317577958106995,0.06132074445486069,,0.1640850156545639,0.12261468172073364,51.43405532836914,0.11652396619319916,0.048848871141672134,
,0.060292672365903854,0.06056703254580498,,100,0.0020230943337082863,0.9371697902679443,0.08081814646720886,0.3480355739593506,0.08579734712839127,0.2475370466709137,-0.238570436835289,-0.1363435536623001,-0.17166754603385925,-0.15480604767799377,0.02571043372154236,0.03265112638473511,0.24545486271381378,0.12288634479045868,51.79483413696289,,,,,,,,,0.12321475148200989,255933,,,,,,,,,,,,,,,,,,,0.04933527484536171
,,,,101,,,,,,,,,,,,,,,,0.0,300.0,100.0,0.0,8.0,200.0,5.0,10.0,,258467,,,,,,,,,,,,,,,,,,,
,,,,101,,,,,,,,,,,,,,,,,,,,,,,,,258467,,,,,,,,,,,0.06132788956165314,0.06207459047436714,,0.15808096528053284,0.12219686061143875,51.38583755493164,0.11716067790985107,0.04901890084147453,
,0.06024971604347229,0.060522668063640594,,101,-0.15212422609329224,0.956794798374176,0.05136163532733917,0.26478931307792664,0.1396140456199646,0.28038290143013,-0.442899227142334,-0.3419649600982666,-0.05510985851287842,-0.03682331368327141,-0.17532306909561157,-0.16884151101112366,0.24468064308166504,0.12284881621599197,51.758731842041016,,,,,,,,,0.12224587053060532,258467,,,,,,,,,,,,,,,,,,,0.04931988939642906
,,,,102,,,,,,,,,,,,,,,,0.0,300.0,100.0,0.0,8.0,200.0,5.0,10.0,,261001,,,,,,,,,,,,,,,,,,,
,,,,102,,,,,,,,,,,,,,,,,,,,,,,,,261001,,,,,,,,,,,0.06069135293364525,0.061596933752298355,,0.16790062189102173,0.12273044884204865,51.34785461425781,0.11853760480880737,0.04987581446766853,
,0.06028100475668907,0.060533855110406876,,102,0.24351079761981964,0.9294763803482056,-0.0287974514067173,0.2676216959953308,0.12172197550535202,0.32901179790496826,0.2069019377231598,0.33744752407073975,0.46989962458610535,0.4939398169517517,0.10992959141731262,0.12131350487470627,0.2437092512845993,0.12286223471164703,51.7661018371582,,,,,,,,,0.12309278547763824,261001,,,,,,,,,,,,,,,,,,,0.04908481612801552
,,,,103,,,,,,,,,,,,,,,,0.0,300.0,100.0,0.0,8.0,200.0,5.0,10.0,,263535,,,,,,,,,,,,,,,,,,,
,,,,103,,,,,,,,,,,,,,,,,,,,,,,,,263535,,,,,,,,,,,0.060926321893930435,0.061067160218954086,,0.1680343598127365,0.12301287055015564,51.38151931762695,0.11210751533508301,0.04894883185625076,
,0.060319337993860245,0.06046541407704353,,103,0.004323672503232956,0.9402891397476196,-0.036542609333992004,0.22496619820594788,0.06727093458175659,0.2662457227706909,0.05128620192408562,0.1828867346048355,0.07026384025812149,0.0870460569858551,-0.028473777696490288,-0.01802065409719944,0.24514316022396088,0.12278266996145248,51.75571823120117,,,,,,,,,0.12047659605741501,263535,,,,,,,,,,,,,,,,,,,0.0493207722902298
,,,,104,,,,,,,,,,,,,,,,0.0,300.0,100.0,0.0,8.0,200.0,5.0,10.0,,266069,,,,,,,,,,,,,,,,,,,
,,,,104,,,,,,,,,,,,,,,,,,,,,,,,,266069,,,,,,,,,,,0.06115054339170456,0.061688173562288284,,0.1622462123632431,0.12257298082113266,51.422882080078125,0.1214633658528328,0.048901814967393875,
,0.06022092327475548,0.06052837520837784,,104,0.057404905557632446,0.9227253198623657,0.027903415262699127,0.29991763830184937,-0.05953197553753853,0.2091316431760788,0.06202439218759537,0.1963220089673996,0.3017555773258209,0.3284386694431305,0.05804106965661049,0.0665404200553894,0.24342338740825653,0.12283961474895477,51.7213134765625,,,,,,,,,0.11940450966358185,266069,,,,,,,,,,,,,,,,,,,0.04899303615093231
,,,,105,,,,,,,,,,,,,,,,0.0,300.0,100.0,0.0,8.0,200.0,5.0,10.0,,268603,,,,,,,,,,,,,,,,,,,
,,,,105,,,,,,,,,,,,,,,,,,,,,,,,,268603,,,,,,,,,,,0.06138341501355171,0.061788324266672134,,0.16313442587852478,0.12318187206983566,51.624488830566406,0.11842085421085358,0.04970996826887131,
,0.0602378323674202,0.06060940399765968,,105,-0.25982117652893066,0.8408217430114746,-0.30298832058906555,0.23240472376346588,-0.22002176940441132,0.06283797323703766,-0.1080499142408371,0.07054203003644943,0.017851371318101883,0.039410218596458435,0.13493065536022186,0.14606359601020813,0.24126099050045013,0.12282143533229828,51.73023223876953,,,,,,,,,0.12227130681276321,268603,,,,,,,,,,,,,,,,,,,0.0492188036441803
,,,,106,,,,,,,,,,,,,,,,0.0,300.0,100.0,0.0,8.0,200.0,5.0,10.0,,271137,,,,,,,,,,,,,,,,,,,
,,,,106,,,,,,,,,,,,,,,,,,,,,,,,,271137,,,,,,,,,,,0.06204725056886673,0.06127207353711128,,0.18285459280014038,0.12238141894340515,51.72475051879883,0.11142159253358841,0.04871228709816933,
,0.060412969440221786,0.06047983095049858,,106,-0.001063215546309948,0.9127312898635864,-0.0368044413626194,0.25399622321128845,0.10007242113351822,0.31713998317718506,0.06343307346105576,0.18212351202964783,0.06839598715305328,0.0856112539768219,0.0257012527436018,0.0342487134039402,0.2417762130498886,0.12299062311649323,51.79653549194336,,,,,,,,,0.12038504332304001,271137,,,,,,,,,,,,,,,,,,,0.04904162138700485
,,,,107,,,,,,,,,,,,,,,,0.0,300.0,100.0,0.0,8.0,200.0,5.0,10.0,,273671,,,,,,,,,,,,,,,,,,,
,,,,107,,,,,,,,,,,,,,,,,,,,,,,,,273671,,,,,,,,,,,0.06121213361620903,0.06178995221853256,,0.16544105112552643,0.12258005887269974,51.49843215942383,0.12333589047193527,0.049960941076278687,
,0.06024279072880745,0.06051493063569069,,107,-0.19530299305915833,0.9442918300628662,-0.13241928815841675,0.09840092062950134,-0.09024104475975037,0.07842528074979782,0.12793788313865662,0.22790610790252686,0.005663596093654633,0.026817653328180313,0.27989184856414795,0.2870771884918213,0.2421155571937561,0.12262409180402756,51.68291091918945,,,,,,,,,0.12067034840583801,273671,,,,,,,,,,,,,,,,,,,0.04934531822800636
,,,,108,,,,,,,,,,,,,,,,0.0,300.0,100.0,0.0,8.0,200.0,5.0,10.0,,276205,,,,,,,,,,,,,,,,,,,
,,,,108,,,,,,,,,,,,,,,,,,,,,,,,,276205,,,,,,,,,,,0.06093817204236984,0.06144840270280838,,0.17184527218341827,0.12261228263378143,51.392364501953125,0.11535745859146118,0.049205146729946136,
,0.06039343401789665,0.060475580394268036,,108,-0.018220799043774605,0.8950453400611877,0.02203533984720707,0.37556570768356323,-0.06726451963186264,0.16880124807357788,-0.03513794019818306,0.10321798920631409,-0.007950633764266968,0.01893741823732853,0.022002674639225006,0.033446311950683594,0.24136242270469666,0.1227228045463562,51.744117736816406,,,,,,,,,0.12210958451032639,276205,,,,,,,,,,,,,,,,,,,0.04925680160522461
,,,,109,,,,,,,,,,,,,,,,0.0,300.0,100.0,0.0,8.0,200.0,5.0,10.0,,278739,,,,,,,,,,,,,,,,,,,
,,,,109,,,,,,,,,,,,,,,,,,,,,,,,,278739,,,,,,,,,,,0.06124959513545036,0.06173356622457504,,0.1725575476884842,0.12260069698095322,51.497955322265625,0.11206699162721634,0.048882585018873215,
,0.06027040630578995,0.06051678955554962,,109,-0.061858341097831726,0.7035585641860962,-0.00409247912466526,0.6178852319717407,-0.08712711930274963,0.20285047590732574,-0.0027919597923755646,0.16207069158554077,-0.01878942921757698,0.018923504278063774,0.2360861897468567,0.2466701865196228,0.24003688991069794,0.12259344011545181,51.68191909790039,,,,,,,,,0.12309388816356659,278739,,,,,,,,,,,,,,,,,,,0.049465522170066833
,,,,110,,,,,,,,,,,,,,,,0.0,300.0,100.0,0.0,8.0,200.0,5.0,10.0,,281273,,,,,,,,,,,,,,,,,,,
,,,,110,,,,,,,,,,,,,,,,,,,,,,,,,281273,,,,,,,,,,,0.06066226214170456,0.06120291352272034,,0.16512314975261688,0.12264346331357956,51.24245834350586,0.11570052802562714,0.04953211918473244,
,0.06034165620803833,0.06054956093430519,,110,0.007339982315897942,0.9699510335922241,0.1553623378276825,0.3371759057044983,0.10535433143377304,0.25041452050209045,-0.4928443729877472,-0.4149784445762634,-0.0335330069065094,-0.018268022686243057,0.05327729880809784,0.061201684176921844,0.23791997134685516,0.12276913225650787,51.7089729309082,,,,,,,,,0.12045875936746597,281273,,,,,,,,,,,,,,,,,,,0.049204155802726746
,,,,111,,,,,,,,,,,,,,,,0.0,300.0,100.0,0.0,8.0,200.0,5.0,10.0,,283807,,,,,,,,,,,,,,,,,,,
,,,,111,,,,,,,,,,,,,,,,,,,,,,,,,283807,,,,,,,,,,,0.06115349382162094,0.061574239283800125,,0.1587262749671936,0.12270450592041016,51.4241828918457,0.12059454619884491,0.0507025420665741,
,0.06020474061369896,0.06045317277312279,,111,0.1728546917438507,0.9262378811836243,0.10505900532007217,0.3871757984161377,0.08794775605201721,0.25435179471969604,0.12443394958972931,0.2687370181083679,0.20828215777873993,0.23010075092315674,0.11135727167129517,0.12326329946517944,0.23819999396800995,0.12263696640729904,51.64192581176758,,,,,,,,,0.12221486866474152,283807,,,,,,,,,,,,,,,,,,,0.04911556467413902
,,,,112,,,,,,,,,,,,,,,,0.0,300.0,100.0,0.0,8.0,200.0,5.0,10.0,,286341,,,,,,,,,,,,,,,,,,,
,,,,112,,,,,,,,,,,,,,,,,,,,,,,,,286341,,,,,,,,,,,0.061019714921712875,0.06135101243853569,,0.16143666207790375,0.12295927107334137,51.43022918701172,0.12073629349470139,0.05021604895591736,
,0.0603855662047863,0.06047011911869049,,112,-0.1305789202451706,0.9879801869392395,-0.02914520725607872,0.09973812848329544,-0.04083240032196045,0.03958665579557419,-0.2042611837387085,-0.1379959136247635,0.1320425271987915,0.14317336678504944,-0.024689720943570137,-0.01982174441218376,0.24159027636051178,0.12274124473333359,51.72039031982422,,,,,,,,,0.11680558323860168,286341,,,,,,,,,,,,,,,,,,,0.04927930235862732
,,,,113,,,,,,,,,,,,,,,,0.0,300.0,100.0,0.0,8.0,200.0,5.0,10.0,,288875,,,,,,,,,,,,,,,,,,,
,,,,113,,,,,,,,,,,,,,,,,,,,,,,,,288875,,,,,,,,,,,0.06037445738911629,0.061002518981695175,,0.1650230586528778,0.12285280972719193,51.164344787597656,0.11547468602657318,0.048361267894506454,
,0.0602884478867054,0.0604163333773613,,113,-0.2960454225540161,0.8301643133163452,-0.34286415576934814,0.13649146258831024,0.09091143310070038,0.33741018176078796,-0.12198906391859055,0.07740417122840881,-0.11243866384029388,-0.08182542771100998,0.13197095692157745,0.14444881677627563,0.23818759620189667,0.12262823432683945,51.639827728271484,,,,,,,,,0.11782676726579666,288875,,,,,,,,,,,,,,,,,,,0.04913241043686867
,,,,114,,,,,,,,,,,,,,,,0.0,300.0,100.0,0.0,8.0,200.0,5.0,10.0,,291409,,,,,,,,,,,,,,,,,,,
,,,,114,,,,,,,,,,,,,,,,,,,,,,,,,291409,,,,,,,,,,,0.061483271420001984,0.06108058989048004,,0.17615222930908203,0.12249854952096939,51.537620544433594,0.11764620244503021,0.04874234274029732,
,0.06023406237363815,0.060433316975831985,,114,0.062285907566547394,0.9311224222183228,-0.02144257351756096,0.26766762137413025,0.00433000922203064,0.2813526690006256,-0.224930077791214,-0.09576694667339325,-0.029271606355905533,-0.0017494549974799156,0.15086424350738525,0.1595609188079834,0.24158281087875366,0.12262032181024551,51.655513763427734,,,,,,,,,0.11885705590248108,291409,,,,,,,,,,,,,,,,,,,0.04909464716911316
,,,,115,,,,,,,,,,,,,,,,0.0,300.0,100.0,0.0,8.0,200.0,5.0,10.0,,293943,,,,,,,,,,,,,,,,,,,
,,,,115,,,,,,,,,,,,,,,,,,,,,,,,,293943,,,,,,,,,,,0.0607917457818985,0.06146346405148506,,0.15438371896743774,0.12211009114980698,51.07619094848633,0.11005596071481705,0.048495713621377945,
,0.06022768095135689,0.060435667634010315,,115,-0.06326760351657867,0.9321098327636719,0.2317829132080078,0.4472954273223877,-0.1780509650707245,0.08515036106109619,-0.18279488384723663,-0.05688580498099327,-0.22905200719833374,-0.21325412392616272,-0.0904616266489029,-0.0825585126876831,0.23847651481628418,0.12248822301626205,51.592674255371094,,,,,,,,,0.11700331419706345,293943,,,,,,,,,,,,,,,,,,,0.049034252762794495
,,,,116,,,,,,,,,,,,,,,,0.0,300.0,100.0,0.0,8.0,200.0,5.0,10.0,,296477,,,,,,,,,,,,,,,,,,,
,,,,116,,,,,,,,,,,,,,,,,,,,,,,,,296477,,,,,,,,,,,0.06109039485454559,0.06173079088330269,,0.1653544008731842,0.12220901250839233,51.31269073486328,0.11311618238687515,0.04822724312543869,
,0.06029551848769188,0.060505565255880356,,116,0.08022013306617737,0.9780312180519104,0.12293243408203125,0.2941408157348633,-0.10376715660095215,0.049231693148612976,-0.05059254169464111,0.04565456882119179,0.06823652982711792,0.0866546779870987,-0.06904146820306778,-0.06309257447719574,0.23591744899749756,0.12247990071773529,51.602752685546875,,,,,,,,,0.11766550689935684,296477,,,,,,,,,,,,,,,,,,,0.049190133810043335
,,,,117,,,,,,,,,,,,,,,,0.0,300.0,100.0,0.0,8.0,200.0,5.0,10.0,,299011,,,,,,,,,,,,,,,,,,,
,,,,117,,,,,,,,,,,,,,,,,,,,,,,,,299011,,,,,,,,,,,0.06129973381757736,0.06126534938812256,,0.15929999947547913,0.12186813354492188,51.22124099731445,0.11254449933767319,0.049402058124542236,
,0.06025538966059685,0.06039947271347046,,117,-0.06922723352909088,0.9514521360397339,-0.10494139790534973,0.15162862837314606,-0.11204005777835846,0.0694643035531044,0.0667206346988678,0.19035395979881287,0.04512977972626686,0.06753077358007431,0.10614966601133347,0.11747277528047562,0.2373608499765396,0.12232798337936401,51.56703567504883,,,,,,,,,0.11828714609146118,299011,,,,,,,,,,,,,,,,,,,0.04944618418812752
,,,,118,,,,,,,,,,,,,,,,0.0,300.0,100.0,0.0,8.0,200.0,5.0,10.0,,301545,,,,,,,,,,,,,,,,,,,
,,,,118,,,,,,,,,,,,,,,,,,,,,,,,,301545,,,,,,,,,,,0.06087269261479378,0.06144309416413307,,0.16318312287330627,0.12227235734462738,51.20192337036133,0.11130564659833908,0.04793563112616539,
,0.06031903624534607,0.060378123074769974,,118,0.2247893512248993,0.9317206144332886,0.11293255537748337,0.4245259761810303,0.04736235365271568,0.17902934551239014,0.22963184118270874,0.35060423612594604,0.0850883424282074,0.1051214188337326,-0.04111034423112869,-0.03421638906002045,0.23795342445373535,0.12230490893125534,51.57735824584961,,,,,,,,,0.11764521151781082,301545,,,,,,,,,,,,,,,,,,,0.04909811168909073
,,,,119,,,,,,,,,,,,,,,,0.0,300.0,100.0,0.0,8.0,200.0,5.0,10.0,,304079,,,,,,,,,,,,,,,,,,,
,,,,119,,,,,,,,,,,,,,,,,,,,,,,,,304079,,,,,,,,,,,0.06051165610551834,0.061378054320812225,,0.16203443706035614,0.12210559844970703,51.05704116821289,0.11270579695701599,0.048478368669748306,
,0.06029295548796654,0.06040706858038902,,119,0.0038394518196582794,0.8552035093307495,-0.024635670706629753,0.4855625033378601,-0.25745415687561035,-0.0035036331973969936,-0.06610129773616791,0.10488434135913849,-0.023771006613969803,0.0019933097064495087,0.2555135488510132,0.26805928349494934,0.23928171396255493,0.12227486819028854,51.57987976074219,,,,,,,,,0.11829827725887299,304079,,,,,,,,,,,,,,,,,,,0.049058686941862106
,,,,120,,,,,,,,,,,,,,,,0.0,300.0,100.0,0.0,8.0,200.0,5.0,10.0,,306613,,,,,,,,,,,,,,,,,,,
,,,,120,,,,,,,,,,,,,,,,,,,,,,,,,306613,,,,,,,,,,,0.060529403388500214,0.06144074723124504,,0.16130220890045166,0.12199977040290833,51.03754425048828,0.11014585196971893,0.04935813322663307,
,0.060261547565460205,0.06039605289697647,,120,0.3793843388557434,0.9188153743743896,0.35981637239456177,0.6300606727600098,-0.025552909821271896,0.17456747591495514,0.1800464242696762,0.32672497630119324,0.20191194117069244,0.22400861978530884,-0.042201559990644455,-0.03343193978071213,0.237261101603508,0.1223536878824234,51.5809211730957,,,,,,,,,0.11995624750852585,306613,,,,,,,,,,,,,,,,,,,0.049417342990636826
,,,,121,,,,,,,,,,,,,,,,0.0,300.0,100.0,0.0,8.0,200.0,5.0,10.0,,309147,,,,,,,,,,,,,,,,,,,
,,,,121,,,,,,,,,,,,,,,,,,,,,,,,,309147,,,,,,,,,,,0.06068633124232292,0.06125838682055473,,0.153257817029953,0.12203607708215714,50.997840881347656,0.10890155285596848,0.04882775992155075,
,0.06028461828827858,0.06043531745672226,,121,0.18492735922336578,0.9579868316650391,0.18201474845409393,0.4100368618965149,0.02794460393488407,0.14530587196350098,0.03956480324268341,0.11617524176836014,0.19709214568138123,0.2109435349702835,0.004306719172745943,0.009175367653369904,0.23511648178100586,0.12218888849020004,51.525550842285156,,,,,,,,,0.1169201210141182,309147,,,,,,,,,,,,,,,,,,,0.04933357238769531
,,,,122,,,,,,,,,,,,,,,,0.0,300.0,100.0,0.0,8.0,200.0,5.0,10.0,,311681,,,,,,,,,,,,,,,,,,,
,,,,122,,,,,,,,,,,,,,,,,,,,,,,,,311681,,,,,,,,,,,0.06104571744799614,0.06101098284125328,,0.15694314241409302,0.12164358794689178,51.00765609741211,0.10473514348268509,0.04849265515804291,
,0.06014389544725418,0.06041692569851875,,122,-0.13828617334365845,0.9147769808769226,-0.14714989066123962,0.2010486125946045,0.038566019386053085,0.21366460621356964,-0.06258709728717804,0.04602610692381859,0.031591832637786865,0.04839131981134415,-0.00016008596867322922,0.007695830427110195,0.23581424355506897,0.1222318485379219,51.47030258178711,,,,,,,,,0.1123567521572113,311681,,,,,,,,,,,,,,,,,,,0.04907895252108574
,,,,123,,,,,,,,,,,,,,,,0.0,300.0,100.0,0.0,8.0,200.0,5.0,10.0,,314215,,,,,,,,,,,,,,,,,,,
,,,,123,,,,,,,,,,,,,,,,,,,,,,,,,314215,,,,,,,,,,,0.06083984300494194,0.06133648380637169,,0.15443910658359528,0.12246718257665634,51.19481658935547,0.11739788204431534,0.049327801913022995,
,0.06024811416864395,0.06046290323138237,,123,-0.0022206008434295654,0.8138031959533691,-0.019119642674922943,0.5327415466308594,-0.03347109258174896,0.1406133472919464,-0.025065762922167778,0.1278678923845291,-0.16380183398723602,-0.13098964095115662,0.17866827547550201,0.18881776928901672,0.23791013658046722,0.12226492166519165,51.548946380615234,,,,,,,,,0.11632012575864792,314215,,,,,,,,,,,,,,,,,,,0.04904099553823471
,,,,124,,,,,,,,,,,,,,,,0.0,300.0,100.0,0.0,8.0,200.0,5.0,10.0,,316749,,,,,,,,,,,,,,,,,,,
,,,,124,,,,,,,,,,,,,,,,,,,,,,,,,316749,,,,,,,,,,,0.06114675849676132,0.0612393356859684,,0.1549384444952011,0.12202674895524979,51.159584045410156,0.1112913191318512,0.04902889207005501,
,0.060329075902700424,0.060407109558582306,,124,0.3000827729701996,0.9739875793457031,0.29324713349342346,0.45825135707855225,0.07092802971601486,0.22973693907260895,-0.209085151553154,-0.1180635467171669,-0.01761688105762005,-0.00045198947191238403,-0.023833347484469414,-0.016106825321912766,0.2358429878950119,0.12230914831161499,51.557193756103516,,,,,,,,,0.11625255644321442,316749,,,,,,,,,,,,,,,,,,,0.04878924787044525
,,,,125,,,,,,,,,,,,,,,,0.0,300.0,100.0,0.0,8.0,200.0,5.0,10.0,,319283,,,,,,,,,,,,,,,,,,,
,,,,125,,,,,,,,,,,,,,,,,,,,,,,,,319283,,,,,,,,,,,0.06089496985077858,0.06112335994839668,,0.15007710456848145,0.12232629209756851,51.084285736083984,0.10962343215942383,0.048949554562568665,
,0.06033637374639511,0.060480035841464996,,125,0.21898293495178223,0.9365483522415161,0.1510958969593048,0.4181821644306183,-0.08464421331882477,0.05333276465535164,0.3358376622200012,0.4612286388874054,0.16261915862560272,0.18304459750652313,0.24116675555706024,0.24920949339866638,0.23622973263263702,0.12214052677154541,51.52592468261719,,,,,,,,,0.11453932523727417,319283,,,,,,,,,,,,,,,,,,,0.04863257706165314
,,,,126,,,,,,,,,,,,,,,,0.0,300.0,100.0,0.0,8.0,200.0,5.0,10.0,,321817,,,,,,,,,,,,,,,,,,,
,,,,126,,,,,,,,,,,,,,,,,,,,,,,,,321817,,,,,,,,,,,0.06094709038734436,0.0610295832157135,,0.1541370302438736,0.12214282155036926,51.07602310180664,0.10798967629671097,0.048732347786426544,
,0.06037361919879913,0.06039052456617355,,126,-0.1435631811618805,0.9144402742385864,-0.10825195163488388,0.24872523546218872,-0.2787399888038635,-0.10141297429800034,0.07483360171318054,0.2279731035232544,0.1691993921995163,0.20533421635627747,0.29702654480934143,0.30774104595184326,0.23771615326404572,0.12223067134618759,51.558414459228516,,,,,,,,,0.11436763405799866,321817,,,,,,,,,,,,,,,,,,,0.04876365885138512
,,,,127,,,,,,,,,,,,,,,,0.0,300.0,100.0,0.0,8.0,200.0,5.0,10.0,,324351,,,,,,,,,,,,,,,,,,,
,,,,127,,,,,,,,,,,,,,,,,,,,,,,,,324351,,,,,,,,,,,0.06033793091773987,0.0610126294195652,,0.16255053877830505,0.12226355820894241,50.99820327758789,0.11202648282051086,0.04823366180062294,
,0.060381077229976654,0.060379039496183395,,127,0.245862677693367,0.9189955592155457,-0.05047410726547241,0.266788512468338,0.013259202241897583,0.28608405590057373,0.2921765446662903,0.4391912817955017,0.13295474648475647,0.1564422845840454,0.1855207085609436,0.1948869377374649,0.23816916346549988,0.12225297093391418,51.56767654418945,,,,,,,,,0.11437124013900757,324351,,,,,,,,,,,,,,,,,,,0.04875894635915756
,,,,128,,,,,,,,,,,,,,,,0.0,300.0,100.0,0.0,8.0,200.0,5.0,10.0,,326885,,,,,,,,,,,,,,,,,,,
,,,,128,,,,,,,,,,,,,,,,,,,,,,,,,326885,,,,,,,,,,,0.060707978904247284,0.061352748423814774,,0.15107597410678864,0.121892549097538,50.95674133300781,0.10722757130861282,0.04858360067009926,
,0.060197990387678146,0.060455989092588425,,128,0.10622275620698929,0.9437984824180603,0.09690909087657928,0.37879788875579834,-0.12036331743001938,0.0027445750311017036,0.17539538443088531,0.27991628646850586,-0.060374051332473755,-0.03786643594503403,0.052961692214012146,0.060032397508621216,0.23773165047168732,0.12220489233732224,51.504940032958984,,,,,,,,,0.1138627901673317,326885,,,,,,,,,,,,,,,,,,,0.04877546429634094
,,,,129,,,,,,,,,,,,,,,,0.0,300.0,100.0,0.0,8.0,200.0,5.0,10.0,,329419,,,,,,,,,,,,,,,,,,,
,,,,129,,,,,,,,,,,,,,,,,,,,,,,,,329419,,,,,,,,,,,0.0607447475194931,0.06136037036776543,,0.15846076607704163,0.1218874603509903,51.06412887573242,0.11465924233198166,0.048616062849760056,
,0.060333140194416046,0.06052970141172409,,129,0.031263500452041626,0.8823810815811157,0.0015241559594869614,0.41328784823417664,-0.06601053476333618,0.11332154273986816,0.1147519201040268,0.25728335976600647,0.14406690001487732,0.16761967539787292,0.08032506704330444,0.09073252975940704,0.23271247744560242,0.12210728973150253,51.49888610839844,,,,,,,,,0.11495500057935715,329419,,,,,,,,,,,,,,,,,,,0.048803701996803284
,,,,130,,,,,,,,,,,,,,,,0.0,300.0,100.0,0.0,8.0,200.0,5.0,10.0,,331953,,,,,,,,,,,,,,,,,,,
,,,,130,,,,,,,,,,,,,,,,,,,,,,,,,331953,,,,,,,,,,,0.06050485372543335,0.0612684041261673,,0.15856604278087616,0.1219637393951416,50.994380950927734,0.11440988630056381,0.048277128487825394,
,0.06029807776212692,0.06045157089829445,,130,0.359968364238739,0.9535188674926758,0.18433454632759094,0.41045626997947693,0.26567161083221436,0.4138628840446472,0.08312168717384338,0.21032172441482544,0.30679410696029663,0.3287014365196228,0.2838993966579437,0.29282090067863464,0.23521201312541962,0.12204249203205109,51.48647689819336,,,,,,,,,0.11496099829673767,331953,,,,,,,,,,,,,,,,,,,0.04868621006608009
,,,,131,,,,,,,,,,,,,,,,0.0,300.0,100.0,0.0,8.0,200.0,5.0,10.0,,334487,,,,,,,,,,,,,,,,,,,
,,,,131,,,,,,,,,,,,,,,,,,,,,,,,,334487,,,,,,,,,,,0.06039576977491379,0.060751624405384064,,0.15527895092964172,0.12210488319396973,50.8934440612793,0.11051812022924423,0.048377688974142075,
,0.06019735708832741,0.060358528047800064,,131,0.1198086142539978,0.9353832006454468,0.13987597823143005,0.4151689112186432,0.04314401000738144,0.19196027517318726,-0.01604214683175087,0.119416743516922,0.012829095125198364,0.029262371361255646,-0.06612645089626312,-0.05868107080459595,0.23522944748401642,0.12205900251865387,51.456634521484375,,,,,,,,,0.11611000448465347,334487,,,,,,,,,,,,,,,,,,,0.048741813749074936
,,,,132,,,,,,,,,,,,,,,,0.0,300.0,100.0,0.0,8.0,200.0,5.0,10.0,,337021,,,,,,,,,,,,,,,,,,,
,,,,132,,,,,,,,,,,,,,,,,,,,,,,,,337021,,,,,,,,,,,0.06103619188070297,0.061379604041576385,,0.1537408083677292,0.12178357690572739,51.05604553222656,0.10760673135519028,0.04825177788734436,
,0.060271408408880234,0.060334619134664536,,132,0.2114282250404358,0.9229222536087036,0.147154301404953,0.4609551429748535,-0.15618610382080078,0.05660443753004074,0.16971427202224731,0.32838982343673706,0.11135377734899521,0.1376114785671234,0.12962353229522705,0.13949108123779297,0.23839186131954193,0.12208353728055954,51.490234375,,,,,,,,,0.11265580356121063,337021,,,,,,,,,,,,,,,,,,,0.04882349446415901
,,,,133,,,,,,,,,,,,,,,,0.0,300.0,100.0,0.0,8.0,200.0,5.0,10.0,,339555,,,,,,,,,,,,,,,,,,,
,,,,133,,,,,,,,,,,,,,,,,,,,,,,,,339555,,,,,,,,,,,0.060795389115810394,0.0615561306476593,,0.16486452519893646,0.1216290146112442,51.035091400146484,0.1031130999326706,0.048058535903692245,
,0.06019194424152374,0.06049763411283493,,133,-0.025415904819965363,0.9858493804931641,0.04055206850171089,0.18492279946804047,0.06293898820877075,0.15834325551986694,-0.1105835810303688,-0.035037219524383545,-0.1587466150522232,-0.14236317574977875,0.15026678144931793,0.15612050890922546,0.23590822517871857,0.12200229614973068,51.43880844116211,,,,,,,,,0.11157115548849106,339555,,,,,,,,,,,,,,,,,,,0.04858675226569176
,,,,134,,,,,,,,,,,,,,,,0.0,300.0,100.0,0.0,8.0,200.0,5.0,10.0,,342089,,,,,,,,,,,,,,,,,,,
,,,,134,,,,,,,,,,,,,,,,,,,,,,,,,342089,,,,,,,,,,,0.06094687432050705,0.06153588369488716,,0.1591498851776123,0.12164685130119324,51.078495025634766,0.11063560098409653,0.04850941523909569,
,0.06019683554768562,0.06042037159204483,,134,0.0631624311208725,0.9370783567428589,0.023796986788511276,0.270441472530365,0.016074921935796738,0.23803098499774933,0.1659659445285797,0.2673415541648865,0.022159917280077934,0.039970848709344864,0.08631178736686707,0.09639139473438263,0.23364828526973724,0.12208367139101028,51.43553161621094,,,,,,,,,0.11241853982210159,342089,,,,,,,,,,,,,,,,,,,0.048639945685863495
,,,,135,,,,,,,,,,,,,,,,0.0,300.0,100.0,0.0,8.0,200.0,5.0,10.0,,344623,,,,,,,,,,,,,,,,,,,
,,,,135,,,,,,,,,,,,,,,,,,,,,,,,,344623,,,,,,,,,,,0.061025504022836685,0.06132379174232483,,0.16399535536766052,0.1217445656657219,51.144020080566406,0.11111235618591309,0.04875519871711731,
,0.060157764703035355,0.06039811670780182,,135,0.007446659728884697,0.9114059209823608,-0.16279882192611694,0.12615565955638885,-0.02019943669438362,0.2634967863559723,0.17586740851402283,0.3093757629394531,0.23211245238780975,0.25987592339515686,0.3274209201335907,0.3379693627357483,0.23337522149085999,0.12197425961494446,51.421112060546875,,,,,,,,,0.1161445751786232,344623,,,,,,,,,,,,,,,,,,,0.04914005100727081
,,,,136,,,,,,,,,,,,,,,,0.0,300.0,100.0,0.0,8.0,200.0,5.0,10.0,,347157,,,,,,,,,,,,,,,,,,,
,,,,136,,,,,,,,,,,,,,,,,,,,,,,,,347157,,,,,,,,,,,0.0608544647693634,0.06178898364305496,,0.1722317337989807,0.12132662534713745,51.1163330078125,0.11084659397602081,0.048370588570833206,
,0.060255371034145355,0.06039580702781677,,136,0.03522474318742752,0.9271109104156494,0.220963716506958,0.4030503034591675,0.03102486953139305,0.33172303438186646,-0.3125607967376709,-0.20847685635089874,0.17941489815711975,0.20610782504081726,-0.12174099683761597,-0.11508947610855103,0.23419618606567383,0.12193790823221207,51.43568420410156,,,,,,,,,0.11355216801166534,347157,,,,,,,,,,,,,,,,,,,0.049057748168706894
,,,,137,,,,,,,,,,,,,,,,0.0,300.0,100.0,0.0,8.0,200.0,5.0,10.0,,349691,,,,,,,,,,,,,,,,,,,
,,,,137,,,,,,,,,,,,,,,,,,,,,,,,,349691,,,,,,,,,,,0.06116705387830734,0.06151560693979263,,0.1622239202260971,0.12175902724266052,51.18478775024414,0.10785192996263504,0.04942664876580238,
,0.060232654213905334,0.060423705726861954,,137,-0.029839765280485153,0.9505170583724976,0.08543536067008972,0.3088458180427551,-0.011145766824483871,0.1713099330663681,-0.2215881496667862,-0.11962704360485077,0.05801384896039963,0.07592157274484634,0.010798543691635132,0.018971050158143044,0.2326623946428299,0.12200022488832474,51.43109893798828,,,,,,,,,0.11328388750553131,349691,,,,,,,,,,,,,,,,,,,0.04911777377128601
,,,,138,,,,,,,,,,,,,,,,0.0,300.0,100.0,0.0,8.0,200.0,5.0,10.0,,352225,,,,,,,,,,,,,,,,,,,
,,,,138,,,,,,,,,,,,,,,,,,,,,,,,,352225,,,,,,,,,,,0.06104664131999016,0.061442602425813675,,0.14366891980171204,0.12168820202350616,50.96263122558594,0.10583297163248062,0.048820819705724716,
,0.060249365866184235,0.06041090935468674,,138,0.010953230783343315,0.938101053237915,-0.003334229812026024,0.3085988759994507,-0.12232936918735504,0.048968687653541565,-0.0018726596608757973,0.12749440968036652,0.08501887321472168,0.10804501175880432,-0.01203215029090643,-0.00045448727905750275,0.23221731185913086,0.1220279261469841,51.4305305480957,,,,,,,,,0.11249542981386185,352225,,,,,,,,,,,,,,,,,,,0.04887641966342926
,,,,139,,,,,,,,,,,,,,,,0.0,300.0,100.0,0.0,8.0,200.0,5.0,10.0,,354759,,,,,,,,,,,,,,,,,,,
,,,,139,,,,,,,,,,,,,,,,,,,,,,,,,354759,,,,,,,,,,,0.060737449675798416,0.06108685955405235,,0.16243739426136017,0.12180245667695999,51.01198196411133,0.10698047280311584,0.048718418926000595,
,0.060299597680568695,0.06036965176463127,,139,0.048134759068489075,0.9446249008178711,0.1580532342195511,0.4297017753124237,-0.0419631190598011,0.10916341841220856,-0.16908462345600128,-0.03438779339194298,-0.11881913989782333,-0.096908338367939,0.10007931292057037,0.10916562378406525,0.23043768107891083,0.12192245572805405,51.41667938232422,,,,,,,,,0.11482410132884979,354759,,,,,,,,,,,,,,,,,,,0.04877199977636337
,,,,140,,,,,,,,,,,,,,,,0.0,300.0,100.0,0.0,8.0,200.0,5.0,10.0,,357293,,,,,,,,,,,,,,,,,,,
,,,,140,,,,,,,,,,,,,,,,,,,,,,,,,357293,,,,,,,,,,,0.06072866916656494,0.061093349009752274,,0.1673998385667801,0.12188000977039337,51.04245376586914,0.10399521142244339,0.04793459177017212,
,0.060235437005758286,0.06052592396736145,,140,-0.1871740221977234,0.965009868144989,-0.07147885859012604,0.14296191930770874,-0.08844850957393646,0.09153704345226288,-0.2816483676433563,-0.14282067120075226,-0.19587963819503784,-0.17352524399757385,-0.18263590335845947,-0.17297251522541046,0.23269735276699066,0.12189440429210663,51.407527923583984,,,,,,,,,0.11208731681108475,357293,,,,,,,,,,,,,,,,,,,0.048342108726501465
,,,,141,,,,,,,,,,,,,,,,0.0,300.0,100.0,0.0,8.0,200.0,5.0,10.0,,359827,,,,,,,,,,,,,,,,,,,
,,,,141,,,,,,,,,,,,,,,,,,,,,,,,,359827,,,,,,,,,,,0.06122984737157822,0.06101060286164284,,0.16347993910312653,0.12153592705726624,51.07680892944336,0.10310467332601547,0.047622133046388626,
,0.060181453824043274,0.060431722551584244,,141,0.15821218490600586,0.9459819793701172,0.07311838120222092,0.34295859932899475,0.0932028740644455,0.32435786724090576,-0.3001661002635956,-0.17534878849983215,0.062419481575489044,0.09121569246053696,-0.021087801083922386,-0.012834157794713974,0.23188269138336182,0.1218593567609787,51.369781494140625,,,,,,,,,0.11212904751300812,359827,,,,,,,,,,,,,,,,,,,0.04845920577645302
,,,,142,,,,,,,,,,,,,,,,0.0,300.0,100.0,0.0,8.0,200.0,5.0,10.0,,362361,,,,,,,,,,,,,,,,,,,
,,,,142,,,,,,,,,,,,,,,,,,,,,,,,,362361,,,,,,,,,,,0.06085214018821716,0.06137244030833244,,0.15960006415843964,0.12139992415904999,50.96739196777344,0.10568106174468994,0.04893026873469353,
,0.06022605299949646,0.060461096465587616,,142,-0.2299920916557312,0.9586242437362671,-0.19622749090194702,0.007581591606140137,0.02540658973157406,0.18655739724636078,-0.18346324563026428,-0.07824580371379852,0.10188845545053482,0.11662690341472626,-0.19661805033683777,-0.18838176131248474,0.23542259633541107,0.121975377202034,51.439849853515625,,,,,,,,,0.11246395856142044,362361,,,,,,,,,,,,,,,,,,,0.048515867441892624
,,,,143,,,,,,,,,,,,,,,,0.0,300.0,100.0,0.0,8.0,200.0,5.0,10.0,,364895,,,,,,,,,,,,,,,,,,,
,,,,143,,,,,,,,,,,,,,,,,,,,,,,,,364895,,,,,,,,,,,0.06077183037996292,0.06162296235561371,,0.1565493643283844,0.12221182137727737,51.13214111328125,0.11126536130905151,0.0487215481698513,
,0.06025903671979904,0.06045500189065933,,143,-0.12264521420001984,0.7627952694892883,-0.17547187209129333,0.4786461293697357,0.06301476806402206,0.31537067890167236,-0.328792005777359,-0.14760515093803406,0.10233897715806961,0.12629887461662292,-0.17926403880119324,-0.16676074266433716,0.22996877133846283,0.12170969694852829,51.35704803466797,,,,,,,,,0.11333263665437698,364895,,,,,,,,,,,,,,,,,,,0.048544589430093765
,,,,144,,,,,,,,,,,,,,,,0.0,300.0,100.0,0.0,8.0,200.0,5.0,10.0,,367429,,,,,,,,,,,,,,,,,,,
,,,,144,,,,,,,,,,,,,,,,,,,,,,,,,367429,,,,,,,,,,,0.06082817167043686,0.061751652508974075,,0.15713904798030853,0.12192355841398239,51.13760757446289,0.11598020792007446,0.049229834228754044,
,0.06021876633167267,0.06038897484540939,,144,-0.19466450810432434,0.9137620329856873,-0.12799273431301117,0.2394620180130005,-0.1811390072107315,0.04955912381410599,-0.16828583180904388,-0.04252486303448677,-0.09603658318519592,-0.06746602058410645,-0.030730722472071648,-0.021616220474243164,0.22855818271636963,0.12187796831130981,51.36912536621094,,,,,,,,,0.11443068832159042,367429,,,,,,,,,,,,,,,,,,,0.048841800540685654
,,,,145,,,,,,,,,,,,,,,,0.0,300.0,100.0,0.0,8.0,200.0,5.0,10.0,,369963,,,,,,,,,,,,,,,,,,,
,,,,145,,,,,,,,,,,,,,,,,,,,,,,,,369963,,,,,,,,,,,0.06109318137168884,0.06159495562314987,,0.16018395125865936,0.12189855426549911,51.168704986572266,0.10616801679134369,0.0489250048995018,
,0.060277603566646576,0.060452282428741455,,145,0.061066288501024246,0.8796288967132568,0.016323354095220566,0.4602978229522705,0.04957129806280136,0.21109497547149658,-0.054918743669986725,0.09058704227209091,0.1264963448047638,0.1561729907989502,0.11839348077774048,0.12880612909793854,0.23162809014320374,0.12183111160993576,51.40644454956055,,,,,,,,,0.11403820663690567,369963,,,,,,,,,,,,,,,,,,,0.04883762449026108
,,,,146,,,,,,,,,,,,,,,,0.0,300.0,100.0,0.0,8.0,200.0,5.0,10.0,,372497,,,,,,,,,,,,,,,,,,,
,,,,146,,,,,,,,,,,,,,,,,,,,,,,,,372497,,,,,,,,,,,0.06081558018922806,0.06087682023644447,,0.16191735863685608,0.12229309976100922,51.113006591796875,0.10734068602323532,0.0489984005689621,
,0.060150470584630966,0.06039600446820259,,146,-0.07785938680171967,0.8488911986351013,0.013057179749011993,0.4990611672401428,-0.1640172302722931,0.05466092377901077,-0.23766671121120453,-0.06939271837472916,0.08524885773658752,0.11674995720386505,-0.05464671552181244,-0.04213208705186844,0.23001447319984436,0.12183013558387756,51.333824157714844,,,,,,,,,0.11120209842920303,372497,,,,,,,,,,,,,,,,,,,0.048690296709537506
,,,,147,,,,,,,,,,,,,,,,0.0,300.0,100.0,0.0,8.0,200.0,5.0,10.0,,375031,,,,,,,,,,,,,,,,,,,
,,,,147,,,,,,,,,,,,,,,,,,,,,,,,,375031,,,,,,,,,,,0.060670915991067886,0.06126014143228531,,0.1540953516960144,0.12189194560050964,50.97088623046875,0.10937600582838058,0.048557862639427185,
,0.06020578369498253,0.06042136251926422,,147,0.18945123255252838,0.9606630206108093,0.17312781512737274,0.4036547541618347,-0.05024951696395874,0.10697313398122787,-0.021037960425019264,0.09673117846250534,0.08999532461166382,0.11227294057607651,-0.05077701807022095,-0.0432710237801075,0.23168697953224182,0.1217559427022934,51.35797119140625,,,,,,,,,0.1129753440618515,375031,,,,,,,,,,,,,,,,,,,0.04845292493700981
,,,,148,,,,,,,,,,,,,,,,0.0,300.0,100.0,0.0,8.0,200.0,5.0,10.0,,377565,,,,,,,,,,,,,,,,,,,
,,,,148,,,,,,,,,,,,,,,,,,,,,,,,,377565,,,,,,,,,,,0.060900650918483734,0.06128038838505745,,0.14835190773010254,0.12161634117364883,50.95679473876953,0.11262933909893036,0.048529207706451416,
,0.060266949236392975,0.06042807176709175,,148,-0.061269186437129974,0.919197678565979,-0.05850830674171448,0.2508104145526886,0.06511580944061279,0.24235941469669342,-0.008915703743696213,0.12890994548797607,-0.07714052498340607,-0.047524478286504745,-0.008358040824532509,0.00016553280875086784,0.22651809453964233,0.12175732105970383,51.34571075439453,,,,,,,,,0.11450496315956116,377565,,,,,,,,,,,,,,,,,,,0.04866776242852211
,,,,149,,,,,,,,,,,,,,,,0.0,300.0,100.0,0.0,8.0,200.0,5.0,10.0,,380099,,,,,,,,,,,,,,,,,,,
,,,,149,,,,,,,,,,,,,,,,,,,,,,,,,380099,,,,,,,,,,,0.06062629073858261,0.060916922986507416,,0.1513369232416153,0.12164712697267532,50.819637298583984,0.1050664559006691,0.047466229647397995,
,0.06019036844372749,0.06041685864329338,,149,-0.051347050815820694,0.8858141899108887,-0.030298851430416107,0.3701370358467102,0.014108113013207912,0.2197238951921463,-0.1507503092288971,0.006161210127174854,-0.0009925998747348785,0.02821742370724678,-0.13602104783058167,-0.12573282420635223,0.2277601957321167,0.12173177301883698,51.32205581665039,,,,,,,,,0.11383375525474548,380099,,,,,,,,,,,,,,,,,,,0.048560336232185364
,,,,150,,,,,,,,,,,,,,,,0.0,300.0,100.0,0.0,8.0,200.0,5.0,10.0,,382633,,,,,,,,,,,,,,,,,,,
,,,,150,,,,,,,,,,,,,,,,,,,,,,,,,382633,,,,,,,,,,,0.06039039045572281,0.06163899600505829,,0.15299305319786072,0.12158350646495819,50.8736572265625,0.11374063044786453,0.04832899942994118,
,0.06015210971236229,0.06039042770862579,,150,-0.1295616328716278,0.9031537175178528,-0.16759765148162842,0.23678547143936157,0.05167771130800247,0.20191308856010437,0.1261616200208664,0.2074737548828125,0.2695011496543884,0.2880030870437622,0.18187204003334045,0.1873490810394287,0.2277614325284958,0.1216595321893692,51.286197662353516,,,,,,,,,0.11243660002946854,382633,,,,,,,,,,,,,,,,,,,0.04853445664048195
,,,,151,,,,,,,,,,,,,,,,0.0,300.0,100.0,0.0,8.0,200.0,5.0,10.0,,385167,,,,,,,,,,,,,,,,,,,
,,,,151,,,,,,,,,,,,,,,,,,,,,,,,,385167,,,,,,,,,,,0.06045742705464363,0.06123607978224754,,0.15940187871456146,0.12168990075588226,50.892154693603516,0.10608083754777908,0.04877321049571037,
,0.06027694046497345,0.06045857444405556,,151,-0.14236830174922943,0.9289001226425171,-0.07556799799203873,0.2056429088115692,0.004166712984442711,0.25807803869247437,-0.3497658967971802,-0.20744886994361877,-0.16938216984272003,-0.14784932136535645,0.08960477262735367,0.10051403939723969,0.22838276624679565,0.12169092893600464,51.364768981933594,,,,,,,,,0.11726371943950653,385167,,,,,,,,,,,,,,,,,,,0.04842313379049301
,,,,152,,,,,,,,,,,,,,,,0.0,300.0,100.0,0.0,8.0,200.0,5.0,10.0,,387701,,,,,,,,,,,,,,,,,,,
,,,,152,,,,,,,,,,,,,,,,,,,,,,,,,387701,,,,,,,,,,,0.060892730951309204,0.06151420623064041,,0.1561969816684723,0.12152571231126785,50.98567581176758,0.10559773445129395,0.04837607219815254,
,0.06015126407146454,0.06035502254962921,,152,-0.04865216463804245,0.8450567126274109,-0.09678696095943451,0.434385746717453,0.014917373657226562,0.1858186423778534,-0.13365419209003448,0.004239602014422417,0.06914246082305908,0.10151197016239166,0.03237830474972725,0.04310223087668419,0.22966612875461578,0.12165765464305878,51.296546936035156,,,,,,,,,0.11194544285535812,387701,,,,,,,,,,,,,,,,,,,0.04870472848415375
,,,,153,,,,,,,,,,,,,,,,0.0,300.0,100.0,0.0,8.0,200.0,5.0,10.0,,390235,,,,,,,,,,,,,,,,,,,
,,,,153,,,,,,,,,,,,,,,,,,,,,,,,,390235,,,,,,,,,,,0.06070305407047272,0.061025284230709076,,0.15924355387687683,0.12181565910577774,50.97950744628906,0.10867021232843399,0.04856187850236893,
,0.06027877330780029,0.06055735424160957,,153,-0.10503067076206207,0.9237464666366577,-0.2393793761730194,0.045267485082149506,0.03688272461295128,0.2864908277988434,-0.06726498901844025,0.051704857498407364,0.25956714153289795,0.28373563289642334,-0.0415123887360096,-0.0314163938164711,0.22989113628864288,0.12183433771133423,51.406089782714844,,,,,,,,,0.11528437584638596,390235,,,,,,,,,,,,,,,,,,,0.048431701958179474
,,,,154,,,,,,,,,,,,,,,,0.0,300.0,100.0,0.0,8.0,200.0,5.0,10.0,,392769,,,,,,,,,,,,,,,,,,,
,,,,154,,,,,,,,,,,,,,,,,,,,,,,,,392769,,,,,,,,,,,0.06061452254652977,0.06180046498775482,,0.14422880113124847,0.12151634693145752,50.853515625,0.10921425372362137,0.04859885573387146,
,0.06008944660425186,0.06035885959863663,,154,0.25013184547424316,0.9269520044326782,0.34596407413482666,0.6327967643737793,-0.05388735607266426,0.08193406462669373,-0.1351766288280487,-0.026395216584205627,0.2312825322151184,0.25017672777175903,-0.030393453314900398,-0.023374618962407112,0.2269309014081955,0.12168443948030472,51.263179779052734,,,,,,,,,0.11274726688861847,392769,,,,,,,,,,,,,,,,,,,0.04843984916806221
,,,,155,,,,,,,,,,,,,,,,0.0,300.0,100.0,0.0,8.0,200.0,5.0,10.0,,395303,,,,,,,,,,,,,,,,,,,
,,,,155,,,,,,,,,,,,,,,,,,,,,,,,,395303,,,,,,,,,,,0.060591671615839005,0.061113208532333374,,0.1626262217760086,0.12186574935913086,50.963077545166016,0.10485580563545227,0.04758400470018387,
,0.060252413153648376,0.06042671576142311,,155,-0.060008905827999115,0.9256312847137451,0.0945681557059288,0.4057609438896179,-0.2293301522731781,0.07012198120355606,-0.37085604667663574,-0.17555531859397888,0.20466671884059906,0.25278228521347046,-0.29885488748550415,-0.2864704132080078,0.22748351097106934,0.1215917095541954,51.30337905883789,,,,,,,,,0.1123555526137352,395303,,,,,,,,,,,,,,,,,,,0.048498425632715225
,,,,156,,,,,,,,,,,,,,,,0.0,300.0,100.0,0.0,8.0,200.0,5.0,10.0,,397837,,,,,,,,,,,,,,,,,,,
,,,,156,,,,,,,,,,,,,,,,,,,,,,,,,397837,,,,,,,,,,,0.06077658012509346,0.0610106885433197,,0.15234501659870148,0.12177456170320511,50.917789459228516,0.10569413751363754,0.04815690219402313,
,0.06012357398867607,0.06027498468756676,,156,0.22015231847763062,0.9434221386909485,0.13820472359657288,0.39487728476524353,0.008300231769680977,0.18503223359584808,0.162339985370636,0.2907102704048157,-0.07175961136817932,-0.04804369807243347,0.20209121704101562,0.21112245321273804,0.2277572751045227,0.12162233889102936,51.23774719238281,,,,,,,,,0.10870698094367981,397837,,,,,,,,,,,,,,,,,,,0.04830700531601906
,,,,157,,,,,,,,,,,,,,,,0.0,300.0,100.0,0.0,8.0,200.0,5.0,10.0,,400371,,,,,,,,,,,,,,,,,,,
,,,,157,,,,,,,,,,,,,,,,,,,,,,,,,400371,,,,,,,,,,,0.060793157666921616,0.061231303960084915,,0.13996796309947968,0.12118052691221237,50.700355529785156,0.1007581427693367,0.04796399921178818,
,0.060215890407562256,0.06042180210351944,,157,-0.3215635418891907,0.9357853531837463,-0.2728075087070465,0.02800261229276657,-0.23248520493507385,-0.034278854727745056,-0.11034038662910461,0.02260824292898178,0.2805511951446533,0.29968690872192383,0.08846418559551239,0.09729737043380737,0.22648082673549652,0.12146514654159546,51.2320556640625,,,,,,,,,0.10734467953443527,400371,,,,,,,,,,,,,,,,,,,0.048353251069784164
,,,,158,,,,,,,,,,,,,,,,0.0,300.0,100.0,0.0,8.0,200.0,5.0,10.0,,402905,,,,,,,,,,,,,,,,,,,
,,,,158,,,,,,,,,,,,,,,,,,,,,,,,,402905,,,,,,,,,,,0.06077011674642563,0.0612422414124012,,0.15079836547374725,0.12185797095298767,50.97942352294922,0.11074414849281311,0.04925233870744705,
,0.06024783104658127,0.06054093688726425,,158,0.06264001876115799,0.9913607835769653,-0.019064759835600853,0.07738442718982697,0.0656699538230896,0.11478907614946365,0.2508625090122223,0.2846164107322693,0.08736226707696915,0.0953640341758728,0.08973659574985504,0.09221165627241135,0.22565753757953644,0.12144604325294495,51.24589157104492,,,,,,,,,0.10807181149721146,402905,,,,,,,,,,,,,,,,,,,0.048259396106004715
,,,,159,,,,,,,,,,,,,,,,0.0,300.0,100.0,0.0,8.0,200.0,5.0,10.0,,405439,,,,,,,,,,,,,,,,,,,
,,,,159,,,,,,,,,,,,,,,,,,,,,,,,,405439,,,,,,,,,,,0.060724563896656036,0.06149158254265785,,0.1437515765428543,0.12128275632858276,50.78165054321289,0.10391104221343994,0.0489019900560379,
,0.060245949774980545,0.06038537994027138,,159,-0.2283078283071518,0.8691933155059814,-0.3678046762943268,0.07744733989238739,0.06409516930580139,0.39492014050483704,-0.27460020780563354,-0.14414800703525543,-0.1582702100276947,-0.13474136590957642,-0.2800624966621399,-0.270956814289093,0.2244665026664734,0.12154495716094971,51.26921463012695,,,,,,,,,0.11304228752851486,405439,,,,,,,,,,,,,,,,,,,0.04869481921195984
,,,,160,,,,,,,,,,,,,,,,0.0,300.0,100.0,0.0,8.0,200.0,5.0,10.0,,407973,,,,,,,,,,,,,,,,,,,
,,,,160,,,,,,,,,,,,,,,,,,,,,,,,,407973,,,,,,,,,,,0.061169784516096115,0.06147843971848488,,0.14916588366031647,0.12132100760936737,50.990169525146484,0.11051678657531738,0.048127759248018265,
,0.06017569079995155,0.06045536324381828,,160,0.13628917932510376,0.8851503133773804,0.015897441655397415,0.39330071210861206,-0.10333070158958435,0.25114431977272034,-0.02720162272453308,0.14760680496692657,0.21733668446540833,0.26148802042007446,-0.17597107589244843,-0.16520175337791443,0.22446689009666443,0.12146354466676712,51.22121810913086,,,,,,,,,0.10980232805013657,407973,,,,,,,,,,,,,,,,,,,0.04855149984359741
,,,,161,,,,,,,,,,,,,,,,0.0,300.0,100.0,0.0,8.0,200.0,5.0,10.0,,410507,,,,,,,,,,,,,,,,,,,
,,,,161,,,,,,,,,,,,,,,,,,,,,,,,,410507,,,,,,,,,,,0.0610613115131855,0.061069902032613754,,0.15357744693756104,0.12157228589057922,50.95659255981445,0.10094872862100601,0.048338133841753006,
,0.06024886667728424,0.06044586002826691,,161,0.029379140585660934,0.898217499256134,-0.09533276408910751,0.3112379014492035,0.08693387359380722,0.311983197927475,-0.08807806670665741,0.06980495154857635,-0.026830993592739105,0.020060427486896515,-0.05545254796743393,-0.038140494376420975,0.22301799058914185,0.12152073532342911,51.2299919128418,,,,,,,,,0.1081652045249939,410507,,,,,,,,,,,,,,,,,,,0.04815402999520302
,,,,162,,,,,,,,,,,,,,,,0.0,300.0,100.0,0.0,8.0,200.0,5.0,10.0,,413041,,,,,,,,,,,,,,,,,,,
,,,,162,,,,,,,,,,,,,,,,,,,,,,,,,413041,,,,,,,,,,,0.06053684651851654,0.06101991608738899,,0.15789616107940674,0.12126179784536362,50.759376525878906,0.10110319405794144,0.04752888157963753,
,0.060081902891397476,0.060486312955617905,,162,0.10672889649868011,0.9452179670333862,0.08442922681570053,0.37455257773399353,-0.1312219351530075,0.06526626646518707,-0.05806918814778328,0.07617461681365967,-0.012184590101242065,0.008728984743356705,0.03273183852434158,0.04073695093393326,0.22527411580085754,0.12158471345901489,51.22057342529297,,,,,,,,,0.1088017150759697,413041,,,,,,,,,,,,,,,,,,,0.04842584207653999
,,,,163,,,,,,,,,,,,,,,,0.0,300.0,100.0,0.0,8.0,200.0,5.0,10.0,,415575,,,,,,,,,,,,,,,,,,,
,,,,163,,,,,,,,,,,,,,,,,,,,,,,,,415575,,,,,,,,,,,0.061253517866134644,0.06100329011678696,,0.15737077593803406,0.12147323042154312,51.018348693847656,0.10219352692365646,0.04773899167776108,
,0.060031142085790634,0.06045975908637047,,163,0.14815621078014374,0.9071272015571594,-0.12374669313430786,0.13989093899726868,0.17592790722846985,0.47468748688697815,0.09289977699518204,0.23833884298801422,0.27872663736343384,0.3041720390319824,0.09905771166086197,0.10595500469207764,0.22543859481811523,0.12147010862827301,51.177818298339844,,,,,,,,,0.1084107831120491,415575,,,,,,,,,,,,,,,,,,,0.048290129750967026
,,,,164,,,,,,,,,,,,,,,,0.0,300.0,100.0,0.0,8.0,200.0,5.0,10.0,,418109,,,,,,,,,,,,,,,,,,,
,,,,164,,,,,,,,,,,,,,,,,,,,,,,,,418109,,,,,,,,,,,0.06049872934818268,0.061389826238155365,,0.14923962950706482,0.12070081382989883,50.617210388183594,0.10222873836755753,0.04833995923399925,
,0.06010069325566292,0.06037895008921623,,164,0.1259431540966034,0.9661366939544678,0.025416413322091103,0.23801133036613464,0.13641977310180664,0.2695305645465851,-0.09683055430650711,-0.035868190228939056,0.2059704065322876,0.2194381207227707,-0.13671663403511047,-0.13130323588848114,0.22584080696105957,0.12144897133111954,51.18037414550781,,,,,,,,,0.10671991109848022,418109,,,,,,,,,,,,,,,,,,,0.04822090268135071
,,,,165,,,,,,,,,,,,,,,,0.0,300.0,100.0,0.0,8.0,200.0,5.0,10.0,,420643,,,,,,,,,,,,,,,,,,,
,,,,165,,,,,,,,,,,,,,,,,,,,,,,,,420643,,,,,,,,,,,0.06090940162539482,0.061144035309553146,,0.14701609313488007,0.12099964916706085,50.76050567626953,0.10352267324924469,0.047967515885829926,
,0.06018576771020889,0.060381002724170685,,165,0.08599518239498138,0.9185736775398254,0.01749085821211338,0.3343426585197449,0.044729746878147125,0.22478142380714417,0.226597398519516,0.34384018182754517,-0.054230205714702606,-0.024510793387889862,0.11282018572092056,0.12048579752445221,0.22591285407543182,0.12135154753923416,51.182762145996094,,,,,,,,,0.10630632191896439,420643,,,,,,,,,,,,,,,,,,,0.04797369986772537
,,,,166,,,,,,,,,,,,,,,,0.0,300.0,100.0,0.0,8.0,200.0,5.0,10.0,,423177,,,,,,,,,,,,,,,,,,,
,,,,166,,,,,,,,,,,,,,,,,,,,,,,,,423177,,,,,,,,,,,0.061016883701086044,0.061202920973300934,,0.1521344631910324,0.1214604601264,50.94796371459961,0.10567128658294678,0.0485103577375412,
,0.06023759767413139,0.06038758531212807,,166,0.04391704499721527,0.9317229986190796,-0.03874377906322479,0.2832244634628296,-0.033610910177230835,0.2201050966978073,-0.1468043029308319,-0.005544506013393402,-0.015622645616531372,0.010450809262692928,-0.06398332118988037,-0.04964837804436684,0.22349026799201965,0.12138135731220245,51.196495056152344,,,,,,,,,0.10822425782680511,423177,,,,,,,,,,,,,,,,,,,0.04810996353626251
,,,,167,,,,,,,,,,,,,,,,0.0,300.0,100.0,0.0,8.0,200.0,5.0,10.0,,425711,,,,,,,,,,,,,,,,,,,
,,,,167,,,,,,,,,,,,,,,,,,,,,,,,,425711,,,,,,,,,,,0.06055441126227379,0.06108070909976959,,0.15174630284309387,0.12120740860700607,50.73996353149414,0.10478124022483826,0.04862051084637642,
,0.06015089899301529,0.06043095514178276,,167,-0.2334386557340622,0.923347532749176,-0.11237359791994095,0.22336575388908386,-0.19077718257904053,-0.00032999739050865173,-0.2672449052333832,-0.1247100830078125,-0.01960994303226471,0.0035621635615825653,0.0998900905251503,0.11294331401586533,0.2264377623796463,0.1213969811797142,51.199520111083984,,,,,,,,,0.10773094743490219,425711,,,,,,,,,,,,,,,,,,,0.04815691336989403
,,,,168,,,,,,,,,,,,,,,,0.0,300.0,100.0,0.0,8.0,200.0,5.0,10.0,,428245,,,,,,,,,,,,,,,,,,,
,,,,168,,,,,,,,,,,,,,,,,,,,,,,,,428245,,,,,,,,,,,0.0607466958463192,0.06162230670452118,,0.1519416719675064,0.12158799171447754,50.94657516479492,0.10724177211523056,0.04910347983241081,
,0.06009465083479881,0.06049298495054245,,168,0.0343693383038044,0.8825778961181641,0.07608343660831451,0.47404441237449646,0.28406620025634766,0.4282168745994568,-0.29422909021377563,-0.18068049848079681,-0.07723911106586456,-0.0535472109913826,-0.0720987543463707,-0.06334111094474792,0.22553852200508118,0.12121449410915375,51.14725875854492,,,,,,,,,0.10760200768709183,428245,,,,,,,,,,,,,,,,,,,0.04842960461974144
,,,,169,,,,,,,,,,,,,,,,0.0,300.0,100.0,0.0,8.0,200.0,5.0,10.0,,430779,,,,,,,,,,,,,,,,,,,
,,,,169,,,,,,,,,,,,,,,,,,,,,,,,,430779,,,,,,,,,,,0.060562700033187866,0.061114516109228134,,0.15607516467571259,0.12165030092000961,50.82725143432617,0.09961333125829697,0.04702647775411606,
,0.06016784906387329,0.06039419770240784,,169,-0.022264746949076653,0.9342817664146423,-0.057428568601608276,0.26737844944000244,-0.10264383256435394,0.05674945190548897,-0.009157536551356316,0.11995445191860199,0.23643562197685242,0.2579634487628937,0.2057621330022812,0.21408683061599731,0.22635376453399658,0.1213165745139122,51.19425964355469,,,,,,,,,0.10890568792819977,430779,,,,,,,,,,,,,,,,,,,0.048579346388578415
,,,,170,,,,,,,,,,,,,,,,0.0,300.0,100.0,0.0,8.0,200.0,5.0,10.0,,433313,,,,,,,,,,,,,,,,,,,
,,,,170,,,,,,,,,,,,,,,,,,,,,,,,,433313,,,,,,,,,,,0.060905054211616516,0.06127658858895302,,0.15171398222446442,0.12104819715023041,50.818878173828125,0.10335395485162735,0.04795372486114502,
,0.060111500322818756,0.06042027845978737,,170,0.0024420116096735,0.90631103515625,0.1514110267162323,0.4776737689971924,-0.2938200831413269,0.07608047872781754,-0.2290380597114563,-0.057724013924598694,0.08675578236579895,0.11784838140010834,-0.08512107282876968,-0.0738382562994957,0.22503840923309326,0.12135685980319977,51.16099548339844,,,,,,,,,0.10649923235177994,433313,,,,,,,,,,,,,,,,,,,0.048133205622434616
,,,,171,,,,,,,,,,,,,,,,0.0,300.0,100.0,0.0,8.0,200.0,5.0,10.0,,435847,,,,,,,,,,,,,,,,,,,
,,,,171,,,,,,,,,,,,,,,,,,,,,,,,,435847,,,,,,,,,,,0.0610058568418026,0.06174818053841591,,0.15549476444721222,0.12128536403179169,50.965232849121094,0.10185317695140839,0.04783731326460838,
,0.060174793004989624,0.06031971797347069,,171,0.02185194008052349,0.7855996489524841,0.08794938772916794,0.5966793298721313,-0.012994149699807167,0.2337152510881424,-0.019942283630371094,0.12226255238056183,0.23882518708705902,0.262172669172287,0.022832361981272697,0.03209618479013443,0.22638742625713348,0.12126006931066513,51.16059875488281,,,,,,,,,0.1070970967411995,435847,,,,,,,,,,,,,,,,,,,0.04775657132267952
,,,,172,,,,,,,,,,,,,,,,0.0,300.0,100.0,0.0,8.0,200.0,5.0,10.0,,438381,,,,,,,,,,,,,,,,,,,
,,,,172,,,,,,,,,,,,,,,,,,,,,,,,,438381,,,,,,,,,,,0.06075551360845566,0.06164727360010147,,0.1445924937725067,0.12110256403684616,50.74919509887695,0.09959813207387924,0.04825686290860176,
,0.060123082250356674,0.06052622199058533,,172,-0.07119851559400558,0.957967221736908,-0.08136220276355743,0.15830659866333008,-0.20141321420669556,-0.0466095469892025,0.10230837762355804,0.22975006699562073,0.23638564348220825,0.25511619448661804,-0.05522885173559189,-0.04527215287089348,0.2230250984430313,0.1211916133761406,51.134910583496094,,,,,,,,,0.10836002975702286,438381,,,,,,,,,,,,,,,,,,,0.04809574782848358
,,,,173,,,,,,,,,,,,,,,,0.0,300.0,100.0,0.0,8.0,200.0,5.0,10.0,,440915,,,,,,,,,,,,,,,,,,,
,,,,173,,,,,,,,,,,,,,,,,,,,,,,,,440915,,,,,,,,,,,0.06083969399333,0.06151505932211876,,0.16215504705905914,0.12128178775310516,50.93999481201172,0.10137199610471725,0.047610796988010406,
,0.060066912323236465,0.06048757582902908,,173,0.11855970323085785,0.8103044033050537,0.21240846812725067,0.5933893322944641,0.0032945452257990837,0.3631599545478821,-0.11145365238189697,0.07394516468048096,0.11412163078784943,0.15459081530570984,-0.09367058426141739,-0.08345890790224075,0.22377023100852966,0.12120042741298676,51.107608795166016,,,,,,,,,0.10605418682098389,440915,,,,,,,,,,,,,,,,,,,0.04782218858599663
,,,,174,,,,,,,,,,,,,,,,0.0,300.0,100.0,0.0,8.0,200.0,5.0,10.0,,443449,,,,,,,,,,,,,,,,,,,
,,,,174,,,,,,,,,,,,,,,,,,,,,,,,,443449,,,,,,,,,,,0.06117671728134155,0.061154529452323914,,0.15074461698532104,0.12101257592439651,50.851585388183594,0.09982815384864807,0.04754863306879997,
,0.06009677052497864,0.06043656915426254,,174,-0.06776290386915207,0.8969850540161133,-0.013746841810643673,0.3817007541656494,-0.21096831560134888,0.007331229746341705,-0.06133659556508064,0.09667503088712692,-0.010400913655757904,0.01694173738360405,0.08650542050600052,0.09676354378461838,0.22470000386238098,0.12121450901031494,51.12234878540039,,,,,,,,,0.10563340038061142,443449,,,,,,,,,,,,,,,,,,,0.04810899868607521
,,,,175,,,,,,,,,,,,,,,,0.0,300.0,100.0,0.0,8.0,200.0,5.0,10.0,,445983,,,,,,,,,,,,,,,,,,,
,,,,175,,,,,,,,,,,,,,,,,,,,,,,,,445983,,,,,,,,,,,0.06135120987892151,0.061882905662059784,,0.14832386374473572,0.12117671966552734,51.01585388183594,0.10390215367078781,0.04807867482304573,
,0.06015404313802719,0.06033734977245331,,175,-0.008809540420770645,0.9035294055938721,-0.0883040577173233,0.2826191484928131,-0.017293749377131462,0.19020386040210724,0.023732079192996025,0.1823742389678955,0.07821057736873627,0.11625998467206955,0.12578877806663513,0.1365630030632019,0.22460292279720306,0.12118776887655258,51.10065460205078,,,,,,,,,0.10216336697340012,445983,,,,,,,,,,,,,,,,,,,0.04754984378814697
,,,,176,,,,,,,,,,,,,,,,0.0,300.0,100.0,0.0,8.0,200.0,5.0,10.0,,448517,,,,,,,,,,,,,,,,,,,
,,,,176,,,,,,,,,,,,,,,,,,,,,,,,,448517,,,,,,,,,,,0.061198994517326355,0.0611414760351181,,0.1599399447441101,0.12132184207439423,50.988319396972656,0.09904502332210541,0.047534648329019547,
,0.060266077518463135,0.060556553304195404,,176,-0.1473134160041809,0.8644396066665649,-0.26323288679122925,0.20064567029476166,0.1232825219631195,0.35853469371795654,-0.12691982090473175,0.029281381517648697,0.05475158616900444,0.08527345210313797,-0.06711772084236145,-0.056721244007349014,0.22356843948364258,0.12105541676282883,51.14020919799805,,,,,,,,,0.10548283159732819,448517,,,,,,,,,,,,,,,,,,,0.047763172537088394
,,,,177,,,,,,,,,,,,,,,,0.0,300.0,100.0,0.0,8.0,200.0,5.0,10.0,,451051,,,,,,,,,,,,,,,,,,,
,,,,177,,,,,,,,,,,,,,,,,,,,,,,,,451051,,,,,,,,,,,0.060771990567445755,0.06143714115023613,,0.14585532248020172,0.12139562517404556,50.82415008544922,0.10228583216667175,0.04914247617125511,
,0.06012807413935661,0.06028581038117409,,177,-0.18959280848503113,0.8680375814437866,-0.10321493446826935,0.28408172726631165,-0.016424065455794334,0.18311232328414917,-0.059413932263851166,0.11131539940834045,0.030026042833924294,0.06666585057973862,0.07235541939735413,0.08825717866420746,0.22425590455532074,0.12115760147571564,51.099632263183594,,,,,,,,,0.1048695519566536,451051,,,,,,,,,,,,,,,,,,,0.04827894642949104
,,,,178,,,,,,,,,,,,,,,,0.0,300.0,100.0,0.0,8.0,200.0,5.0,10.0,,453585,,,,,,,,,,,,,,,,,,,
,,,,178,,,,,,,,,,,,,,,,,,,,,,,,,453585,,,,,,,,,,,0.06059042364358902,0.06111676245927811,,0.1439123898744583,0.12074493616819382,50.57246017456055,0.09987577050924301,0.048397552222013474,
,0.06020495295524597,0.060295186936855316,,178,-0.03140426054596901,0.9716916084289551,-0.13606025278568268,0.03335629403591156,-0.10698489844799042,0.06504860520362854,0.13419446349143982,0.21943125128746033,0.15560585260391235,0.1744818240404129,-0.014257020317018032,-0.008389830589294434,0.2219243347644806,0.12115512788295746,51.109657287597656,,,,,,,,,0.10617246478796005,453585,,,,,,,,,,,,,,,,,,,0.048138268291950226
,,,,179,,,,,,,,,,,,,,,,0.0,300.0,100.0,0.0,8.0,200.0,5.0,10.0,,456119,,,,,,,,,,,,,,,,,,,
,,,,179,,,,,,,,,,,,,,,,,,,,,,,,,456119,,,,,,,,,,,0.06118635833263397,0.061717789620161057,,0.14939947426319122,0.12115954607725143,50.9591064453125,0.10677425563335419,0.04704663157463074,
,0.06004692614078522,0.06044096127152443,,179,0.0394129678606987,0.940997838973999,0.09259282052516937,0.38506847620010376,-0.08880579471588135,0.07099004089832306,-0.13242241740226746,-0.0027906224131584167,0.0008611418306827545,0.024009590968489647,0.08734819293022156,0.09545452892780304,0.22089552879333496,0.12105969339609146,51.04281997680664,,,,,,,,,0.1050117090344429,456119,,,,,,,,,,,,,,,,,,,0.048043906688690186
,,,,180,,,,,,,,,,,,,,,,0.0,300.0,100.0,0.0,8.0,200.0,5.0,10.0,,458653,,,,,,,,,,,,,,,,,,,
,,,,180,,,,,,,,,,,,,,,,,,,,,,,,,458653,,,,,,,,,,,0.060707297176122665,0.061737820506095886,,0.14349140226840973,0.12072915583848953,50.666282653808594,0.10058259963989258,0.0483638159930706,
,0.060032106935977936,0.0604810006916523,,180,0.03461156785488129,0.801687479019165,0.06604482978582382,0.6010376214981079,-0.10172395408153534,0.1013081818819046,-0.04115288704633713,0.11165772378444672,0.17038732767105103,0.2012028843164444,-0.15634050965309143,-0.142681285738945,0.22150270640850067,0.12106604129076004,51.0533561706543,,,,,,,,,0.1060369536280632,458653,,,,,,,,,,,,,,,,,,,0.048023488372564316
,,,,181,,,,,,,,,,,,,,,,0.0,300.0,100.0,0.0,8.0,200.0,5.0,10.0,,461187,,,,,,,,,,,,,,,,,,,
,,,,181,,,,,,,,,,,,,,,,,,,,,,,,,461187,,,,,,,,,,,0.06088841333985329,0.06131930276751518,,0.15166373550891876,0.1207549124956131,50.72231674194336,0.0982527807354927,0.04683264344930649,
,0.06021394953131676,0.060390327125787735,,181,0.08025933802127838,0.9079962968826294,0.024103336036205292,0.36541736125946045,-0.0028207898139953613,0.32859551906585693,-0.2893354594707489,-0.14786989986896515,0.016920868307352066,0.040965210646390915,-0.18662770092487335,-0.17641551792621613,0.22203795611858368,0.12118379771709442,51.10118103027344,,,,,,,,,0.10203979164361954,461187,,,,,,,,,,,,,,,,,,,0.04747651889920235
,,,,182,,,,,,,,,,,,,,,,0.0,300.0,100.0,0.0,8.0,200.0,5.0,10.0,,463721,,,,,,,,,,,,,,,,,,,
,,,,182,,,,,,,,,,,,,,,,,,,,,,,,,463721,,,,,,,,,,,0.06076497584581375,0.06124316155910492,,0.15123163163661957,0.12104085832834244,50.74799346923828,0.1002018004655838,0.04751124978065491,
,0.0602102167904377,0.06042571738362312,,182,-0.18131917715072632,0.9793664216995239,-0.11700278520584106,0.07791554927825928,-0.24452237784862518,-0.16688013076782227,-0.024999864399433136,0.03348082676529884,-0.24966080486774445,-0.23756109178066254,0.09684015065431595,0.10057587921619415,0.2223924845457077,0.12112373113632202,51.10842514038086,,,,,,,,,0.10413862019777298,463721,,,,,,,,,,,,,,,,,,,0.04782437905669212
,,,,183,,,,,,,,,,,,,,,,0.0,300.0,100.0,0.0,8.0,200.0,5.0,10.0,,466255,,,,,,,,,,,,,,,,,,,
,,,,183,,,,,,,,,,,,,,,,,,,,,,,,,466255,,,,,,,,,,,0.06057126447558403,0.061285823583602905,,0.13887254893779755,0.12093356251716614,50.56730651855469,0.09971211850643158,0.047110725194215775,
,0.0601426400244236,0.0603051483631134,,183,-0.04213893786072731,0.9206222891807556,-0.15878508985042572,0.14565902948379517,-0.07788853347301483,0.08817741274833679,0.1856248676776886,0.36460450291633606,0.023303747177124023,0.05768010765314102,0.2073535919189453,0.21810904145240784,0.2221856415271759,0.12110336124897003,51.06169891357422,,,,,,,,,0.10288386791944504,466255,,,,,,,,,,,,,,,,,,,0.04758323356509209
,,,,184,,,,,,,,,,,,,,,,0.0,300.0,100.0,0.0,8.0,200.0,5.0,10.0,,468789,,,,,,,,,,,,,,,,,,,
,,,,184,,,,,,,,,,,,,,,,,,,,,,,,,468789,,,,,,,,,,,0.06038462743163109,0.06113550439476967,,0.1540205478668213,0.12140321731567383,50.713722229003906,0.09986864775419235,0.04726609215140343,
,0.06010777875781059,0.0602962002158165,,184,-0.12802273035049438,0.9544031023979187,0.2054562270641327,0.39568090438842773,-0.1679489016532898,0.022267799824476242,-0.3855384588241577,-0.28164246678352356,-0.06512759625911713,-0.0395367331802845,-0.18462130427360535,-0.17807483673095703,0.22121095657348633,0.1210717111825943,51.02974319458008,,,,,,,,,0.10171468555927277,468789,,,,,,,,,,,,,,,,,,,0.04751913622021675
,,,,185,,,,,,,,,,,,,,,,0.0,300.0,100.0,0.0,8.0,200.0,5.0,10.0,,471323,,,,,,,,,,,,,,,,,,,
,,,,185,,,,,,,,,,,,,,,,,,,,,,,,,471323,,,,,,,,,,,0.06063748523592949,0.06147836148738861,,0.14097283780574799,0.12089519202709198,50.629844665527344,0.10080169886350632,0.047993384301662445,
,0.06005339324474335,0.060272395610809326,,185,-0.03898239880800247,0.8784503936767578,-0.04414188116788864,0.40324461460113525,0.1009453758597374,0.25679489970207214,-0.1588514745235443,-0.05179327353835106,-0.1452316790819168,-0.12764500081539154,-0.011556745506823063,-0.005496157333254814,0.22143295407295227,0.12106840312480927,51.02214050292969,,,,,,,,,0.10309828072786331,471323,,,,,,,,,,,,,,,,,,,0.04783088341355324
,,,,186,,,,,,,,,,,,,,,,0.0,300.0,100.0,0.0,8.0,200.0,5.0,10.0,,473857,,,,,,,,,,,,,,,,,,,
,,,,186,,,,,,,,,,,,,,,,,,,,,,,,,473857,,,,,,,,,,,0.060860589146614075,0.060981616377830505,,0.14581747353076935,0.121303990483284,50.74859619140625,0.09776780009269714,0.04760916158556938,
,0.06011517345905304,0.06037452444434166,,186,-0.04334454983472824,0.9318016767501831,-0.06472942233085632,0.23961609601974487,-0.12440596520900726,0.09802761673927307,-0.03850096836686134,0.17260050773620605,-0.2156078815460205,-0.18085430562496185,0.15872111916542053,0.17296093702316284,0.22277505695819855,0.12111620604991913,51.087196350097656,,,,,,,,,0.10577739775180817,473857,,,,,,,,,,,,,,,,,,,0.04808711260557175
,,,,187,,,,,,,,,,,,,,,,0.0,300.0,100.0,0.0,8.0,200.0,5.0,10.0,,476391,,,,,,,,,,,,,,,,,,,
,,,,187,,,,,,,,,,,,,,,,,,,,,,,,,476391,,,,,,,,,,,0.06069861352443695,0.06144874542951584,,0.15053777396678925,0.12162219732999802,50.92263412475586,0.10980717092752457,0.04903982952237129,
,0.06019103527069092,0.060365889221429825,,187,0.04903705418109894,0.8732109069824219,-0.03762585297226906,0.2745084762573242,0.07283638417720795,0.40696626901626587,0.014124414883553982,0.1812950074672699,0.16681510210037231,0.20349450409412384,0.12873056530952454,0.1403781771659851,0.21910201013088226,0.12120554596185684,51.09296798706055,,,,,,,,,0.10506048053503036,476391,,,,,,,,,,,,,,,,,,,0.047979686409235
,,,,188,,,,,,,,,,,,,,,,0.0,300.0,100.0,0.0,8.0,200.0,5.0,10.0,,478925,,,,,,,,,,,,,,,,,,,
,,,,188,,,,,,,,,,,,,,,,,,,,,,,,,478925,,,,,,,,,,,0.060561735183000565,0.0611322857439518,,0.14231519401073456,0.12125209718942642,50.62956237792969,0.09649503231048584,0.04764239490032196,
,0.06014872342348099,0.0604548417031765,,188,0.07481145858764648,0.9339327812194824,-0.01769682578742504,0.2904481291770935,-0.029680414125323296,0.17610087990760803,-0.03933059051632881,0.12189636379480362,0.051495231688022614,0.08464014530181885,0.2447185218334198,0.25760456919670105,0.2183058112859726,0.12120892107486725,51.084938049316406,,,,,,,,,0.10550173372030258,478925,,,,,,,,,,,,,,,,,,,0.047904908657073975
,,,,189,,,,,,,,,,,,,,,,0.0,300.0,100.0,0.0,8.0,200.0,5.0,10.0,,481459,,,,,,,,,,,,,,,,,,,
,,,,189,,,,,,,,,,,,,,,,,,,,,,,,,481459,,,,,,,,,,,0.06067242845892906,0.06134409084916115,,0.14616848528385162,0.12108136713504791,50.705108642578125,0.10101842880249023,0.04782334342598915,
,0.06031903997063637,0.06039602681994438,,189,-0.16678093373775482,0.9590731859207153,-0.011489689350128174,0.2267044186592102,-0.11383272707462311,0.014046356081962585,-0.2245873659849167,-0.09963518381118774,-0.011568010784685612,0.009535405784845352,0.043178338557481766,0.050410278141498566,0.22011540830135345,0.12107698619365692,51.11295700073242,,,,,,,,,0.1054464727640152,481459,,,,,,,,,,,,,,,,,,,0.047402676194906235
,,,,190,,,,,,,,,,,,,,,,0.0,300.0,100.0,0.0,8.0,200.0,5.0,10.0,,483993,,,,,,,,,,,,,,,,,,,
,,,,190,,,,,,,,,,,,,,,,,,,,,,,,,483993,,,,,,,,,,,0.060483284294605255,0.061120837926864624,,0.14620806276798248,0.12091068178415298,50.57940673828125,0.10060159862041473,0.046749766916036606,
,0.06024043634533882,0.06054197624325752,,190,0.08969858288764954,0.9454200863838196,0.17902632057666779,0.4252033233642578,-0.0015060128644108772,0.20784831047058105,-0.11284004151821136,0.007187063805758953,0.04267938807606697,0.0623822920024395,-0.06746162474155426,-0.058222878724336624,0.22252459824085236,0.12106990814208984,51.120628356933594,,,,,,,,,0.1051417663693428,483993,,,,,,,,,,,,,,,,,,,0.047437723726034164
,,,,191,,,,,,,,,,,,,,,,0.0,300.0,100.0,0.0,8.0,200.0,5.0,10.0,,486527,,,,,,,,,,,,,,,,,,,
,,,,191,,,,,,,,,,,,,,,,,,,,,,,,,486527,,,,,,,,,,,0.060514505952596664,0.06134398281574249,,0.14003241062164307,0.12078902125358582,50.533966064453125,0.09748131036758423,0.04797443374991417,
,0.06018557399511337,0.06048593297600746,,191,0.12946787476539612,0.955752968788147,0.08535332977771759,0.34929558634757996,-0.1325961947441101,0.024336032569408417,0.11658526211977005,0.23114719986915588,-0.07969585061073303,-0.05785953253507614,-0.05311465635895729,-0.04372630640864372,0.22069329023361206,0.1209246888756752,51.0469856262207,,,,,,,,,0.1035008430480957,486527,,,,,,,,,,,,,,,,,,,0.04746641591191292
,,,,192,,,,,,,,,,,,,,,,0.0,300.0,100.0,0.0,8.0,200.0,5.0,10.0,,489061,,,,,,,,,,,,,,,,,,,
,,,,192,,,,,,,,,,,,,,,,,,,,,,,,,489061,,,,,,,,,,,0.060823678970336914,0.06121249124407768,,0.14682532846927643,0.12102705985307693,50.736328125,0.10224073380231857,0.04767584055662155,
,0.06010480597615242,0.0604105070233345,,192,-0.14965695142745972,0.9512474536895752,-0.03184767812490463,0.19903872907161713,-0.14954304695129395,0.01833217591047287,-0.058442048728466034,0.07640431076288223,0.03494218736886978,0.05319605767726898,0.06251522153615952,0.07016661763191223,0.22068817913532257,0.12095754593610764,51.024436950683594,,,,,,,,,0.10375025868415833,489061,,,,,,,,,,,,,,,,,,,0.04761418700218201
,,,,193,,,,,,,,,,,,,,,,0.0,300.0,100.0,0.0,8.0,200.0,5.0,10.0,,491595,,,,,,,,,,,,,,,,,,,
,,,,193,,,,,,,,,,,,,,,,,,,,,,,,,491595,,,,,,,,,,,0.06100260093808174,0.06157773360610008,,0.15147875249385834,0.12125787138938904,50.894676208496094,0.09785567224025726,0.04834643006324768,
,0.06014770641922951,0.06027199700474739,,193,0.2807807922363281,0.980270504951477,0.21303561329841614,0.4223428964614868,-0.1274752914905548,-0.031601253896951675,0.043724894523620605,0.11130642890930176,-0.22007577121257782,-0.20912005007266998,0.03236904740333557,0.03713162988424301,0.22298988699913025,0.12108046561479568,51.06371307373047,,,,,,,,,0.10314386337995529,491595,,,,,,,,,,,,,,,,,,,0.04764973744750023
,,,,194,,,,,,,,,,,,,,,,0.0,300.0,100.0,0.0,8.0,200.0,5.0,10.0,,494129,,,,,,,,,,,,,,,,,,,
,,,,194,,,,,,,,,,,,,,,,,,,,,,,,,494129,,,,,,,,,,,0.0608840249478817,0.06193717569112778,,0.14732606709003448,0.12097413837909698,50.82455062866211,0.10341949015855789,0.04750814661383629,
,0.06009846180677414,0.06036384031176567,,194,0.10022711753845215,0.8963534235954285,0.0723118707537651,0.4649156630039215,0.00314493291079998,0.3131664991378784,-0.3968055546283722,-0.24635930359363556,-0.0443715862929821,-0.008915126323699951,0.092840276658535,0.10201885551214218,0.21982449293136597,0.12103539705276489,51.03558349609375,,,,,,,,,0.10489863902330399,494129,,,,,,,,,,,,,,,,,,,0.04795185104012489
,,,,195,,,,,,,,,,,,,,,,0.0,300.0,100.0,0.0,8.0,200.0,5.0,10.0,,496663,,,,,,,,,,,,,,,,,,,
,,,,195,,,,,,,,,,,,,,,,,,,,,,,,,496663,,,,,,,,,,,0.061360009014606476,0.06152646988630295,,0.1554809808731079,0.12061718851327896,50.90523910522461,0.098992258310318,0.048236314207315445,
,0.060034334659576416,0.06036887317895889,,195,0.029449615627527237,0.9439635276794434,-0.05623647943139076,0.20601916313171387,0.05101887136697769,0.3341224193572998,-0.31768766045570374,-0.1856667697429657,0.011420853435993195,0.034201424568891525,-0.22067153453826904,-0.2126440405845642,0.21733087301254272,0.1209055632352829,50.967044830322266,,,,,,,,,0.10427869856357574,496663,,,,,,,,,,,,,,,,,,,0.047873031347990036
,,,,196,,,,,,,,,,,,,,,,0.0,300.0,100.0,0.0,8.0,200.0,5.0,10.0,,499197,,,,,,,,,,,,,,,,,,,
,,,,196,,,,,,,,,,,,,,,,,,,,,,,,,499197,,,,,,,,,,,0.06061926111578941,0.061349380761384964,,0.14357447624206543,0.12110187858343124,50.650794982910156,0.09642495214939117,0.04789632558822632,
,0.06016054376959801,0.06032301485538483,,196,-0.02095857262611389,0.9295895099639893,0.14772266149520874,0.4341668486595154,-0.17135341465473175,0.04999028891324997,-0.22416572272777557,-0.043952908366918564,-0.019431129097938538,0.009019339457154274,0.12346354126930237,0.13768938183784485,0.21786904335021973,0.12104261666536331,51.01815414428711,,,,,,,,,0.10209333151578903,499197,,,,,,,,,,,,,,,,,,,0.047577954828739166
,,,,197,,,,,,,,,,,,,,,,0.0,300.0,100.0,0.0,8.0,200.0,5.0,10.0,,501731,,,,,,,,,,,,,,,,,,,
,,,,197,,,,,,,,,,,,,,,,,,,,,,,,,501731,,,,,,,,,,,0.060713641345500946,0.061329856514930725,,0.14833249151706696,0.12100721150636673,50.699466705322266,0.09837263822555542,0.04724038392305374,
,0.06008899584412575,0.06035088747739792,,197,-0.0577206052839756,0.8258039951324463,-0.05830014869570732,0.34533631801605225,0.03970662131905556,0.3018740713596344,0.19324395060539246,0.3646649122238159,0.38537806272506714,0.40599095821380615,0.19207841157913208,0.2007194310426712,0.21762704849243164,0.12095601856708527,50.98491287231445,,,,,,,,,0.10277336090803146,501731,,,,,,,,,,,,,,,,,,,0.04771147668361664
,,,,198,,,,,,,,,,,,,,,,0.0,300.0,100.0,0.0,8.0,200.0,5.0,10.0,,504265,,,,,,,,,,,,,,,,,,,
,,,,198,,,,,,,,,,,,,,,,,,,,,,,,,504265,,,,,,,,,,,0.0606553889811039,0.0615813210606575,,0.13926585018634796,0.12097285687923431,50.6030158996582,0.0920950323343277,0.04790622740983963,
,0.06012817099690437,0.06044873967766762,,198,0.13869118690490723,0.866412878036499,0.09960372000932693,0.5197499394416809,-0.03910362720489502,0.15230792760849,0.180661141872406,0.3356860280036926,-0.05539083480834961,-0.029763540253043175,0.09769715368747711,0.10606655478477478,0.21858902275562286,0.12090588361024857,50.995628356933594,,,,,,,,,0.10126432776451111,504265,,,,,,,,,,,,,,,,,,,0.04760922119021416
,,,,199,,,,,,,,,,,,,,,,0.0,300.0,100.0,0.0,8.0,200.0,5.0,10.0,,506799,,,,,,,,,,,,,,,,,,,
,,,,199,,,,,,,,,,,,,,,,,,,,,,,,,506799,,,,,,,,,,,0.06071806699037552,0.061473093926906586,,0.14397577941417694,0.12105902284383774,50.734893798828125,0.10616142302751541,0.04777238145470619,
,0.060316432267427444,0.06038244441151619,,199,-0.0004307478666305542,0.9626089334487915,-0.1032770648598671,0.15297064185142517,-0.03770880028605461,0.11753841489553452,-0.007923182100057602,0.10036992281675339,0.09590229392051697,0.11734217405319214,-0.1465170830488205,-0.13889239728450775,0.21858645975589752,0.12089261412620544,51.04082107543945,,,,,,,,,0.10034332424402237,506799,,,,,,,,,,,,,,,,,,,0.04787560924887657
,,,,200,,,,,,,,,,,,,,,,0.0,300.0,100.0,0.0,8.0,200.0,5.0,10.0,,509333,,,,,,,,,,,,,,,,,,,
,,,,200,,,,,,,,,,,,,,,,,,,,,,,,,509333,,,,,,,,,,,0.060729339718818665,0.06112077459692955,,0.13997602462768555,0.12081115692853928,50.591251373291016,0.10107728093862534,0.04729578271508217,
,0.060015901923179626,0.06032582372426987,,200,-0.13175702095031738,0.862787663936615,-0.08959654718637466,0.3351208567619324,0.0018058866262435913,0.2922036945819855,-0.3140820264816284,-0.11202885955572128,0.03005702793598175,0.0534837506711483,-0.10520324110984802,-0.09174366295337677,0.2168840765953064,0.12089499831199646,50.95062255859375,,,,,,,,,0.10423611104488373,509333,,,,,,,,,,,,,,,,,,,0.0478009432554245
,,,,201,,,,,,,,,,,,,,,,0.0,300.0,100.0,0.0,8.0,200.0,5.0,10.0,,511867,,,,,,,,,,,,,,,,,,,
,,,,201,,,,,,,,,,,,,,,,,,,,,,,,,511867,,,,,,,,,,,0.060628876090049744,0.06132528558373451,,0.16556388139724731,0.12130138278007507,50.87699508666992,0.09861040115356445,0.04780098423361778,
,0.06020527333021164,0.060375798493623734,,201,0.36243146657943726,0.9560853242874146,0.20015981793403625,0.40933263301849365,0.2626131474971771,0.42700180411338806,0.12656347453594208,0.22636619210243225,0.08842345327138901,0.11312031000852585,0.2938699424266815,0.30166852474212646,0.21721167862415314,0.12092218548059464,51.021339416503906,,,,,,,,,0.10435248166322708,511867,,,,,,,,,,,,,,,,,,,0.04783368110656738
,,,,202,,,,,,,,,,,,,,,,0.0,300.0,100.0,0.0,8.0,200.0,5.0,10.0,,514401,,,,,,,,,,,,,,,,,,,
,,,,202,,,,,,,,,,,,,,,,,,,,,,,,,514401,,,,,,,,,,,0.060617610812187195,0.0610450804233551,,0.14335399866104126,0.12075968086719513,50.57067108154297,0.1009230762720108,0.047749340534210205,
,0.060115452855825424,0.060463059693574905,,202,0.3164251744747162,0.9366859793663025,0.21594169735908508,0.45496928691864014,0.230952650308609,0.4500093460083008,-0.1436048001050949,-0.006909996271133423,0.14634105563163757,0.16524431109428406,0.17700563371181488,0.18652862310409546,0.2156437486410141,0.12093941867351532,50.99384689331055,,,,,,,,,0.10383230447769165,514401,,,,,,,,,,,,,,,,,,,0.0480610653758049
,,,,203,,,,,,,,,,,,,,,,0.0,300.0,100.0,0.0,8.0,200.0,5.0,10.0,,516935,,,,,,,,,,,,,,,,,,,
,,,,203,,,,,,,,,,,,,,,,,,,,,,,,,516935,,,,,,,,,,,0.06081724166870117,0.060859743505716324,,0.14829735457897186,0.12146682292222977,50.77207565307617,0.09611482173204422,0.04806288331747055,
,0.06020684540271759,0.06033933535218239,,203,0.030670521780848503,0.942162275314331,0.0046704295091331005,0.25958821177482605,-0.09233425557613373,0.044277891516685486,0.17782223224639893,0.31836798787117004,-0.0066461702808737755,0.021695531904697418,0.06832574307918549,0.07858942449092865,0.2186291217803955,0.12094414979219437,51.03298568725586,,,,,,,,,0.10394103825092316,516935,,,,,,,,,,,,,,,,,,,0.04794704169034958
,,,,204,,,,,,,,,,,,,,,,0.0,300.0,100.0,0.0,8.0,200.0,5.0,10.0,,519469,,,,,,,,,,,,,,,,,,,
,,,,204,,,,,,,,,,,,,,,,,,,,,,,,,519469,,,,,,,,,,,0.060754306614398956,0.061687588691711426,,0.13456293940544128,0.12087973952293396,50.637054443359375,0.10146121680736542,0.048226747661828995,
,0.06011281907558441,0.06029766798019409,,204,0.04302576929330826,0.9310556650161743,0.061022404581308365,0.337680459022522,0.1154739260673523,0.2988695800304413,-0.08994495868682861,0.037767086178064346,-0.13866984844207764,-0.10977029800415039,-0.16900789737701416,-0.16001316905021667,0.21743209660053253,0.12097946554422379,51.0017204284668,,,,,,,,,0.10460604727268219,519469,,,,,,,,,,,,,,,,,,,0.0479717031121254
,,,,205,,,,,,,,,,,,,,,,0.0,300.0,100.0,0.0,8.0,200.0,5.0,10.0,,522003,,,,,,,,,,,,,,,,,,,
,,,,205,,,,,,,,,,,,,,,,,,,,,,,,,522003,,,,,,,,,,,0.06091766059398651,0.06111758202314377,,0.1447407454252243,0.12085837870836258,50.67675018310547,0.09597296267747879,0.048022229224443436,
,0.060224078595638275,0.06043856218457222,,205,0.26530081033706665,0.9622676372528076,0.23621439933776855,0.42637890577316284,-0.06128634139895439,0.13073894381523132,0.16246363520622253,0.26805293560028076,0.0740274116396904,0.09252757579088211,-0.06681910157203674,-0.05917184054851532,0.21801263093948364,0.12074791640043259,50.9962158203125,,,,,,,,,0.1025741845369339,522003,,,,,,,,,,,,,,,,,,,0.047852952033281326
,,,,206,,,,,,,,,,,,,,,,0.0,300.0,100.0,0.0,8.0,200.0,5.0,10.0,,524537,,,,,,,,,,,,,,,,,,,
,,,,206,,,,,,,,,,,,,,,,,,,,,,,,,524537,,,,,,,,,,,0.06092972308397293,0.06151159852743149,,0.13960419595241547,0.1206669732928276,50.65227508544922,0.09819573909044266,0.04809936508536339,
,0.06012257561087608,0.060334108769893646,,206,-0.03540961444377899,0.936174750328064,-0.148824542760849,0.1758391261100769,0.1527659147977829,0.332838237285614,-0.27060768008232117,-0.14026737213134766,-0.0011237580329179764,0.028422145172953606,0.06316818296909332,0.07446940988302231,0.21714623272418976,0.1208627000451088,50.968563079833984,,,,,,,,,0.10212287306785583,524537,,,,,,,,,,,,,,,,,,,0.04780842363834381
,,,,207,,,,,,,,,,,,,,,,0.0,300.0,100.0,0.0,8.0,200.0,5.0,10.0,,527071,,,,,,,,,,,,,,,,,,,
,,,,207,,,,,,,,,,,,,,,,,,,,,,,,,527071,,,,,,,,,,,0.0603213869035244,0.06145806983113289,,0.15373460948467255,0.12116215378046036,50.69367599487305,0.10322584956884384,0.04729856923222542,
,0.0601896196603775,0.06034686416387558,,207,0.12309786677360535,0.9555418491363525,0.037941426038742065,0.2530667185783386,0.19511069357395172,0.3758772611618042,-0.12478327751159668,-0.013424793258309364,0.05815053731203079,0.07555359601974487,-0.2322586178779602,-0.22393161058425903,0.21681277453899384,0.12075533717870712,50.955833435058594,,,,,,,,,0.10076127201318741,527071,,,,,,,,,,,,,,,,,,,0.047486115247011185
,,,,208,,,,,,,,,,,,,,,,0.0,300.0,100.0,0.0,8.0,200.0,5.0,10.0,,529605,,,,,,,,,,,,,,,,,,,
,,,,208,,,,,,,,,,,,,,,,,,,,,,,,,529605,,,,,,,,,,,0.0606192983686924,0.06114824861288071,,0.1463506519794464,0.12052524834871292,50.55757522583008,0.09977351129055023,0.048222750425338745,
,0.06015804037451744,0.06039039045572281,,208,-0.06029868125915527,0.9105478525161743,-0.006335301324725151,0.33010196685791016,-0.31764665246009827,0.01697511039674282,0.06308656930923462,0.2208939790725708,-0.05219230800867081,-0.016230307519435883,-0.023394159972667694,-0.01068328320980072,0.21476653218269348,0.12066876888275146,50.925323486328125,,,,,,,,,0.10208822786808014,529605,,,,,,,,,,,,,,,,,,,0.0476539246737957
,,,,209,,,,,,,,,,,,,,,,0.0,300.0,100.0,0.0,8.0,200.0,5.0,10.0,,532139,,,,,,,,,,,,,,,,,,,
,,,,209,,,,,,,,,,,,,,,,,,,,,,,,,532139,,,,,,,,,,,0.0607617162168026,0.06164947897195816,,0.13484099507331848,0.12062463909387589,50.58997344970703,0.10265029966831207,0.04795912653207779,
,0.060022566467523575,0.060280025005340576,,209,0.12096516788005829,0.9889466762542725,0.15740849077701569,0.2738622725009918,-0.1898670643568039,-0.11062206327915192,0.28293174505233765,0.33565813302993774,-0.18730102479457855,-0.17816510796546936,-0.09484680742025375,-0.0916137620806694,0.21393565833568573,0.12068575620651245,50.87571334838867,,,,,,,,,0.10245009511709213,532139,,,,,,,,,,,,,,,,,,,0.04800189658999443
,,,,210,,,,,,,,,,,,,,,,0.0,300.0,100.0,0.0,8.0,200.0,5.0,10.0,,534673,,,,,,,,,,,,,,,,,,,
,,,,210,,,,,,,,,,,,,,,,,,,,,,,,,534673,,,,,,,,,,,0.0607973150908947,0.06124149635434151,,0.1366068720817566,0.12059339880943298,50.54904556274414,0.09836290776729584,0.048236072063446045,
,0.06022818759083748,0.06035486236214638,,210,0.21858271956443787,0.9580089449882507,0.23695527017116547,0.4470103085041046,-0.036593303084373474,0.1851472556591034,-0.12990817427635193,-0.03866814821958542,-0.01463568489998579,0.010241562500596046,0.016667280346155167,0.02329404279589653,0.2141198366880417,0.12075433135032654,50.952613830566406,,,,,,,,,0.10115355253219604,534673,,,,,,,,,,,,,,,,,,,0.04791034013032913
,,,,211,,,,,,,,,,,,,,,,0.0,300.0,100.0,0.0,8.0,200.0,5.0,10.0,,537207,,,,,,,,,,,,,,,,,,,
,,,,211,,,,,,,,,,,,,,,,,,,,,,,,,537207,,,,,,,,,,,0.0604165755212307,0.060954537242650986,,0.14267109334468842,0.1211400106549263,50.54154586791992,0.09446805715560913,0.047942012548446655,
,0.06019267439842224,0.060394443571567535,,211,-0.3951107859611511,0.9785819053649902,0.013158765621483326,0.18112552165985107,-0.06140303611755371,0.027526244521141052,0.03385431692004204,0.11240816116333008,0.020704016089439392,0.03469488024711609,0.054788555949926376,0.060746170580387115,0.21499145030975342,0.120627760887146,50.93808364868164,,,,,,,,,0.10316157341003418,537207,,,,,,,,,,,,,,,,,,,0.04795484617352486
,,,,212,,,,,,,,,,,,,,,,0.0,300.0,100.0,0.0,8.0,200.0,5.0,10.0,,539741,,,,,,,,,,,,,,,,,,,
,,,,212,,,,,,,,,,,,,,,,,,,,,,,,,539741,,,,,,,,,,,0.0606352835893631,0.061067838221788406,,0.15477201342582703,0.12071860581636429,50.63991165161133,0.09524965286254883,0.04843810945749283,
,0.06001913547515869,0.06032584607601166,,212,0.26261061429977417,0.9038519859313965,0.18105337023735046,0.5554991364479065,0.07077881693840027,0.28334885835647583,-0.12161971628665924,0.015600239858031273,0.1805984377861023,0.20358039438724518,-0.007511720061302185,0.0019088760018348694,0.21571557223796844,0.12066136300563812,50.88284683227539,,,,,,,,,0.1012038141489029,539741,,,,,,,,,,,,,,,,,,,0.04804839566349983
,,,,213,,,,,,,,,,,,,,,,0.0,300.0,100.0,0.0,8.0,200.0,5.0,10.0,,542275,,,,,,,,,,,,,,,,,,,
,,,,213,,,,,,,,,,,,,,,,,,,,,,,,,542275,,,,,,,,,,,0.060630619525909424,0.06151777133345604,,0.1410767287015915,0.12040487676858902,50.50673294067383,0.09708445519208908,0.04708607867360115,
,0.05999637022614479,0.060386087745428085,,213,-0.049413204193115234,0.9661760926246643,-0.04121256247162819,0.16181915998458862,0.2103874832391739,0.39687061309814453,-0.49537113308906555,-0.39429548382759094,-0.35616302490234375,-0.3394087851047516,-0.07828925549983978,-0.07147534191608429,0.2212820053100586,0.12074198573827744,50.94936752319336,,,,,,,,,0.10288369655609131,542275,,,,,,,,,,,,,,,,,,,0.04788075387477875
,,,,214,,,,,,,,,,,,,,,,0.0,300.0,100.0,0.0,8.0,200.0,5.0,10.0,,544809,,,,,,,,,,,,,,,,,,,
,,,,214,,,,,,,,,,,,,,,,,,,,,,,,,544809,,,,,,,,,,,0.061089929193258286,0.06163005158305168,,0.1387673020362854,0.1207670047879219,50.733787536621094,0.09998362511396408,0.048036083579063416,
,0.060070183128118515,0.060320787131786346,,214,-0.030813489109277725,0.8656889200210571,0.03930161893367767,0.4229086637496948,0.08533115684986115,0.3115626573562622,-0.1439768373966217,0.006123224273324013,-0.1609337031841278,-0.12906131148338318,0.07355230301618576,0.08401049673557281,0.21668848395347595,0.12066779285669327,50.908748626708984,,,,,,,,,0.1024497002363205,544809,,,,,,,,,,,,,,,,,,,0.04763038083910942
,,,,215,,,,,,,,,,,,,,,,0.0,300.0,100.0,0.0,8.0,200.0,5.0,10.0,,547343,,,,,,,,,,,,,,,,,,,
,,,,215,,,,,,,,,,,,,,,,,,,,,,,,,547343,,,,,,,,,,,0.060608334839344025,0.06114337593317032,,0.14398254454135895,0.12129668891429901,50.6854248046875,0.10007265210151672,0.047700606286525726,
,0.060147274285554886,0.0602307990193367,,215,0.01385630015283823,0.9688307046890259,0.1773647964000702,0.35415881872177124,-0.14439833164215088,-0.038509007543325424,-0.06533382833003998,0.020658358931541443,-0.2670111060142517,-0.2551712095737457,0.07031216472387314,0.07679373025894165,0.2161838561296463,0.12067750096321106,50.91835021972656,,,,,,,,,0.1022108867764473,547343,,,,,,,,,,,,,,,,,,,0.04750899225473404
,,,,216,,,,,,,,,,,,,,,,0.0,300.0,100.0,0.0,8.0,200.0,5.0,10.0,,549877,,,,,,,,,,,,,,,,,,,
,,,,216,,,,,,,,,,,,,,,,,,,,,,,,,549877,,,,,,,,,,,0.06076880544424057,0.061389531940221786,,0.1422920972108841,0.12075628340244293,50.630741119384766,0.09725373983383179,0.048528000712394714,
,0.06015709415078163,0.06032273918390274,,216,0.10707205533981323,0.9821064472198486,0.020329933613538742,0.183432936668396,0.06613507866859436,0.16841952502727509,-0.05661487206816673,0.00011832825839519501,-0.07273168861865997,-0.058832280337810516,-0.020560860633850098,-0.017351482063531876,0.21418355405330658,0.12065274268388748,50.90911102294922,,,,,,,,,0.10191741585731506,549877,,,,,,,,,,,,,,,,,,,0.04761103540658951
,,,,217,,,,,,,,,,,,,,,,0.0,300.0,100.0,0.0,8.0,200.0,5.0,10.0,,552411,,,,,,,,,,,,,,,,,,,
,,,,217,,,,,,,,,,,,,,,,,,,,,,,,,552411,,,,,,,,,,,0.06103156507015228,0.061494968831539154,,0.14051949977874756,0.12057911604642868,50.66912078857422,0.09794631600379944,0.04804254323244095,
,0.06028059497475624,0.06040164828300476,,217,0.29130882024765015,0.8221194744110107,0.30470433831214905,0.7556431889533997,0.16558639705181122,0.2970494329929352,-0.06180809438228607,0.031173845753073692,0.14232081174850464,0.16184552013874054,-0.06666091829538345,-0.06055629998445511,0.21599218249320984,0.12067099660634995,50.97576141357422,,,,,,,,,0.10221397876739502,552411,,,,,,,,,,,,,,,,,,,0.0478118471801281
,,,,218,,,,,,,,,,,,,,,,0.0,300.0,100.0,0.0,8.0,200.0,5.0,10.0,,554945,,,,,,,,,,,,,,,,,,,
,,,,218,,,,,,,,,,,,,,,,,,,,,,,,,554945,,,,,,,,,,,0.06124928966164589,0.06155910715460777,,0.143547922372818,0.12026314437389374,50.71845245361328,0.09981047362089157,0.048772990703582764,
,0.06015922501683235,0.0604211762547493,,218,0.06377251446247101,0.904450535774231,0.01245658379048109,0.3725284934043884,0.02454299107193947,0.20828315615653992,0.10508857667446136,0.20897945761680603,0.07541953772306442,0.10040538758039474,0.035279981791973114,0.042260028421878815,0.21149376034736633,0.12060462683439255,50.904293060302734,,,,,,,,,0.10456656664609909,554945,,,,,,,,,,,,,,,,,,,0.04786957427859306
,,,,219,,,,,,,,,,,,,,,,0.0,300.0,100.0,0.0,8.0,200.0,5.0,10.0,,557479,,,,,,,,,,,,,,,,,,,
,,,,219,,,,,,,,,,,,,,,,,,,,,,,,,557479,,,,,,,,,,,0.06065863370895386,0.06140228733420372,,0.13637495040893555,0.12030988931655884,50.46733474731445,0.10098983347415924,0.04716397821903229,
,0.06004663556814194,0.06045907363295555,,219,-0.20978152751922607,0.9231371283531189,-0.18563473224639893,0.16741251945495605,-0.3178054690361023,-0.10479748994112015,0.06616254895925522,0.2140052765607834,0.04610655456781387,0.07421676069498062,0.002275034785270691,0.012616641819477081,0.21326656639575958,0.12057033181190491,50.87577438354492,,,,,,,,,0.10321661084890366,557479,,,,,,,,,,,,,,,,,,,0.047955356538295746
,,,,220,,,,,,,,,,,,,,,,0.0,300.0,100.0,0.0,8.0,200.0,5.0,10.0,,560013,,,,,,,,,,,,,,,,,,,
,,,,220,,,,,,,,,,,,,,,,,,,,,,,,,560013,,,,,,,,,,,0.06021108850836754,0.06125035509467125,,0.13428017497062683,0.12071311473846436,50.352081298828125,0.09524063766002655,0.047065842896699905,
,0.06010439619421959,0.0603855736553669,,220,-0.06692485511302948,0.9752785563468933,-0.008657101541757584,0.1701754331588745,0.07173978537321091,0.1834428459405899,-0.20901094377040863,-0.10747339576482773,-0.020121868699789047,-0.0049124825745821,-0.26837432384490967,-0.26265180110931396,0.21269384026527405,0.12065311521291733,50.890419006347656,,,,,,,,,0.10255888104438782,560013,,,,,,,,,,,,,,,,,,,0.04754934459924698
,,,,221,,,,,,,,,,,,,,,,0.0,300.0,100.0,0.0,8.0,200.0,5.0,10.0,,562547,,,,,,,,,,,,,,,,,,,
,,,,221,,,,,,,,,,,,,,,,,,,,,,,,,562547,,,,,,,,,,,0.060428962111473083,0.06129289045929909,,0.13580027222633362,0.1213708221912384,50.59567642211914,0.10043791681528091,0.04749343916773796,
,0.060123905539512634,0.06034831702709198,,221,0.3458980619907379,0.9754625558853149,0.4349990487098694,0.5906635522842407,0.12129896134138107,0.26819998025894165,-0.36492836475372314,-0.2543490529060364,-0.4135514795780182,-0.3956425189971924,0.1044771745800972,0.11146204173564911,0.21306473016738892,0.1207030713558197,50.91082000732422,,,,,,,,,0.1034802496433258,562547,,,,,,,,,,,,,,,,,,,0.04762089252471924
,,,,222,,,,,,,,,,,,,,,,0.0,300.0,100.0,0.0,8.0,200.0,5.0,10.0,,565081,,,,,,,,,,,,,,,,,,,
,,,,222,,,,,,,,,,,,,,,,,,,,,,,,,565081,,,,,,,,,,,0.060331765562295914,0.061010099947452545,,0.13222795724868774,0.12095386534929276,50.40468215942383,0.09699515253305435,0.047056831419467926,
,0.06009259819984436,0.06037113443017006,,222,-0.13127842545509338,0.8915509581565857,0.040532857179641724,0.35886329412460327,-0.16646303236484528,0.10711486637592316,-0.1577555537223816,0.008665556088089943,0.10512934625148773,0.14163917303085327,-0.030884534120559692,-0.01721389964222908,0.21050263941287994,0.12059224396944046,50.85710144042969,,,,,,,,,0.10265554487705231,565081,,,,,,,,,,,,,,,,,,,0.04765111207962036
,,,,223,,,,,,,,,,,,,,,,0.0,300.0,100.0,0.0,8.0,200.0,5.0,10.0,,567615,,,,,,,,,,,,,,,,,,,
,,,,223,,,,,,,,,,,,,,,,,,,,,,,,,567615,,,,,,,,,,,0.06069312244653702,0.06111549586057663,,0.1437205970287323,0.12084566801786423,50.63918685913086,0.1024424284696579,0.04885277897119522,
,0.06015188619494438,0.06047021597623825,,223,-0.22457481920719147,0.9474977254867554,-0.24363493919372559,0.012335531413555145,-0.14226791262626648,0.10518212616443634,-0.09056846797466278,0.03236228600144386,0.058653704822063446,0.08451669663190842,0.0018124040216207504,0.009586988016963005,0.2118462175130844,0.12052525579929352,50.870548248291016,,,,,,,,,0.10038450360298157,567615,,,,,,,,,,,,,,,,,,,0.047619909048080444
,,,,224,,,,,,,,,,,,,,,,0.0,300.0,100.0,0.0,8.0,200.0,5.0,10.0,,570149,,,,,,,,,,,,,,,,,,,
,,,,224,,,,,,,,,,,,,,,,,,,,,,,,,570149,,,,,,,,,,,0.06038900837302208,0.0611291378736496,,0.14517894387245178,0.12046199291944504,50.44561004638672,0.0976857990026474,0.04737348482012749,
,0.06010518968105316,0.060287926346063614,,224,0.018259810283780098,0.910696804523468,-0.024455318227410316,0.3369826078414917,-0.1230127364397049,0.15373291075229645,-0.0828254297375679,0.0711657777428627,0.03418419137597084,0.0705445185303688,-0.037887975573539734,-0.02685466967523098,0.21370360255241394,0.12052539736032486,50.860111236572266,,,,,,,,,0.10161908715963364,570149,,,,,,,,,,,,,,,,,,,0.04769367352128029
,,,,225,,,,,,,,,,,,,,,,0.0,300.0,100.0,0.0,8.0,200.0,5.0,10.0,,572683,,,,,,,,,,,,,,,,,,,
,,,,225,,,,,,,,,,,,,,,,,,,,,,,,,572683,,,,,,,,,,,0.06077203154563904,0.06124278903007507,,0.14424507319927216,0.1203077882528305,50.521793365478516,0.09467022866010666,0.047701396048069,
,0.06011258438229561,0.060433924198150635,,225,0.05889170244336128,0.9262954592704773,0.04309597611427307,0.34925711154937744,-0.042590707540512085,0.12920989096164703,0.029700953513383865,0.1436624526977539,0.10295456647872925,0.12529680132865906,-0.003677463624626398,0.003982878290116787,0.21117930114269257,0.12051612138748169,50.85717010498047,,,,,,,,,0.10223457217216492,572683,,,,,,,,,,,,,,,,,,,0.047621965408325195
,,,,226,,,,,,,,,,,,,,,,0.0,300.0,100.0,0.0,8.0,200.0,5.0,10.0,,575217,,,,,,,,,,,,,,,,,,,
,,,,226,,,,,,,,,,,,,,,,,,,,,,,,,575217,,,,,,,,,,,0.06075428053736687,0.06142764165997505,,0.14883150160312653,0.1206221878528595,50.67711639404297,0.10249428451061249,0.04805155098438263,
,0.060023125261068344,0.060447853058576584,,226,0.21589244902133942,0.9399067163467407,0.27611827850341797,0.5544984340667725,-0.17193469405174255,0.015439953655004501,-0.030426770448684692,0.08834339678287506,0.03243796527385712,0.05307650938630104,-0.13156677782535553,-0.12073756754398346,0.2121456116437912,0.12045362591743469,50.82267379760742,,,,,,,,,0.10158146172761917,575217,,,,,,,,,,,,,,,,,,,0.04751991853117943
,,,,227,,,,,,,,,,,,,,,,0.0,300.0,100.0,0.0,8.0,200.0,5.0,10.0,,577751,,,,,,,,,,,,,,,,,,,
,,,,227,,,,,,,,,,,,,,,,,,,,,,,,,577751,,,,,,,,,,,0.060754094272851944,0.06119159981608391,,0.13448356091976166,0.12075121700763702,50.547176361083984,0.09984919428825378,0.04764378070831299,
,0.06010996550321579,0.060346368700265884,,227,-0.10487642884254456,0.9370103478431702,-0.21450406312942505,0.06492331624031067,-0.1145038902759552,0.04836583882570267,0.2520335018634796,0.371631920337677,0.09136725962162018,0.11554166674613953,0.2597212493419647,0.26898205280303955,0.21190528571605682,0.120595782995224,50.87078857421875,,,,,,,,,0.10260004550218582,577751,,,,,,,,,,,,,,,,,,,0.04757702723145485
,,,,228,,,,,,,,,,,,,,,,0.0,300.0,100.0,0.0,8.0,200.0,5.0,10.0,,580285,,,,,,,,,,,,,,,,,,,
,,,,228,,,,,,,,,,,,,,,,,,,,,,,,,580285,,,,,,,,,,,0.060393016785383224,0.06110399216413498,,0.13617201149463654,0.12061592191457748,50.39632797241211,0.09610852599143982,0.04749295487999916,
,0.0601574070751667,0.06037505343556404,,228,0.0034094038419425488,0.8937027454376221,0.03197883814573288,0.4466898739337921,-0.22916476428508759,-0.008793722838163376,-0.09131715446710587,0.06114744767546654,0.15816238522529602,0.189781054854393,0.185293510556221,0.1945061832666397,0.21102458238601685,0.12050754576921463,50.85730743408203,,,,,,,,,0.10126054286956787,580285,,,,,,,,,,,,,,,,,,,0.04765935242176056
,,,,229,,,,,,,,,,,,,,,,0.0,300.0,100.0,0.0,8.0,200.0,5.0,10.0,,582819,,,,,,,,,,,,,,,,,,,
,,,,229,,,,,,,,,,,,,,,,,,,,,,,,,582819,,,,,,,,,,,0.060209356248378754,0.06099522486329079,,0.14074984192848206,0.12021536380052567,50.28364181518555,0.09570503979921341,0.0473739355802536,
,0.06013502553105354,0.06049274280667305,,229,-0.17440731823444366,0.8831418752670288,-0.19466334581375122,0.1730285882949829,0.0028265956789255142,0.2587714195251465,-0.09553378820419312,0.03609123080968857,0.131953626871109,0.15177655220031738,-0.14921705424785614,-0.1420964002609253,0.21167287230491638,0.12034577131271362,50.831748962402344,,,,,,,,,0.10062046349048615,582819,,,,,,,,,,,,,,,,,,,0.047635242342948914
,,,,230,,,,,,,,,,,,,,,,0.0,300.0,100.0,0.0,8.0,200.0,5.0,10.0,,585353,,,,,,,,,,,,,,,,,,,
,,,,230,,,,,,,,,,,,,,,,,,,,,,,,,585353,,,,,,,,,,,0.06032230332493782,0.0610160231590271,,0.14418306946754456,0.12089341878890991,50.52454376220703,0.1027127280831337,0.04805521294474602,
,0.060109663754701614,0.06034436449408531,,230,-0.06178835406899452,0.9044103622436523,-0.051151614636182785,0.2753683030605316,7.072463631629944e-05,0.20476403832435608,-0.05649817734956741,0.13082164525985718,0.01598605327308178,0.051083505153656006,-0.04683424532413483,-0.037666257470846176,0.21200698614120483,0.12040118873119354,50.839561462402344,,,,,,,,,0.10418675094842911,585353,,,,,,,,,,,,,,,,,,,0.04750719293951988
,,,,231,,,,,,,,,,,,,,,,0.0,300.0,100.0,0.0,8.0,200.0,5.0,10.0,,587887,,,,,,,,,,,,,,,,,,,
,,,,231,,,,,,,,,,,,,,,,,,,,,,,,,587887,,,,,,,,,,,0.06056240200996399,0.06109987199306488,,0.14680267870426178,0.12028881907463074,50.48424530029297,0.101058728992939,0.04680643230676651,
,0.060117341578006744,0.0602087527513504,,231,0.19555386900901794,0.9758771061897278,0.16336484253406525,0.3579844832420349,-0.060026951134204865,0.03877851366996765,-0.008873376995325089,0.0858636125922203,0.17778627574443817,0.1961652934551239,0.12741538882255554,0.13329225778579712,0.21407167613506317,0.12040693312883377,50.83655548095703,,,,,,,,,0.10255143791437149,587887,,,,,,,,,,,,,,,,,,,0.04738077521324158
,,,,232,,,,,,,,,,,,,,,,0.0,300.0,100.0,0.0,8.0,200.0,5.0,10.0,,590421,,,,,,,,,,,,,,,,,,,
,,,,232,,,,,,,,,,,,,,,,,,,,,,,,,590421,,,,,,,,,,,0.060586776584386826,0.06125176325440407,,0.1408408284187317,0.12061609327793121,50.5362663269043,0.10036758333444595,0.048330407589673996,
,0.06002839654684067,0.060460783541202545,,232,-0.6253633499145508,0.5934404134750366,-0.6140458583831787,0.24080191552639008,-0.17502208054065704,0.027354765683412552,-0.04112473502755165,0.101289302110672,0.21669980883598328,0.24450749158859253,0.05974450707435608,0.07043901085853577,0.21125216782093048,0.12040558457374573,50.81436538696289,,,,,,,,,0.10228859633207321,590421,,,,,,,,,,,,,,,,,,,0.04771621152758598
,,,,233,,,,,,,,,,,,,,,,0.0,300.0,100.0,0.0,8.0,200.0,5.0,10.0,,592955,,,,,,,,,,,,,,,,,,,
,,,,233,,,,,,,,,,,,,,,,,,,,,,,,,592955,,,,,,,,,,,0.06069713830947876,0.06115586310625076,,0.13935396075248718,0.12052097171545029,50.50519943237305,0.09681688249111176,0.04773367941379547,
,0.06008245795965195,0.06043088436126709,,233,-0.29838842153549194,0.9554589986801147,-0.3141461908817291,-0.05128130316734314,-0.12548598647117615,0.12306026369333267,-0.2558189034461975,-0.1181158646941185,0.08582690358161926,0.11596527695655823,-0.06304672360420227,-0.0533284954726696,0.21292079985141754,0.12047617137432098,50.85361862182617,,,,,,,,,0.10186927020549774,592955,,,,,,,,,,,,,,,,,,,0.04778551310300827
,,,,234,,,,,,,,,,,,,,,,0.0,300.0,100.0,0.0,8.0,200.0,5.0,10.0,,595489,,,,,,,,,,,,,,,,,,,
,,,,234,,,,,,,,,,,,,,,,,,,,,,,,,595489,,,,,,,,,,,0.060842037200927734,0.06141837313771248,,0.15247276425361633,0.1203371062874794,50.647499084472656,0.0986442118883133,0.047265149652957916,
,0.060034655034542084,0.060339439660310745,,234,-0.2119290679693222,0.853824257850647,-0.11982313543558121,0.29040956497192383,-0.060361459851264954,0.21922171115875244,-0.21205653250217438,-0.0461602509021759,-0.3367776572704315,-0.3128371834754944,0.04152645170688629,0.052239734679460526,0.21519184112548828,0.12051127851009369,50.847408294677734,,,,,,,,,0.10104735940694809,595489,,,,,,,,,,,,,,,,,,,0.04740363359451294
,,,,235,,,,,,,,,,,,,,,,0.0,300.0,100.0,0.0,8.0,200.0,5.0,10.0,,598023,,,,,,,,,,,,,,,,,,,
,,,,235,,,,,,,,,,,,,,,,,,,,,,,,,598023,,,,,,,,,,,0.06044818088412285,0.061251200735569,,0.13786397874355316,0.12063825130462646,50.45555877685547,0.0973939523100853,0.04784279316663742,
,0.06005673110485077,0.060336265712976456,,235,0.12954653799533844,0.9293232560157776,0.05430140346288681,0.32021284103393555,0.2408624142408371,0.3872279226779938,0.06951990723609924,0.2093588262796402,0.2420406937599182,0.26926541328430176,0.03415246307849884,0.04389333724975586,0.21268466114997864,0.12047317624092102,50.82523727416992,,,,,,,,,0.10078340023756027,598023,,,,,,,,,,,,,,,,,,,0.047453850507736206
,,,,236,,,,,,,,,,,,,,,,0.0,300.0,100.0,0.0,8.0,200.0,5.0,10.0,,600557,,,,,,,,,,,,,,,,,,,
,,,,236,,,,,,,,,,,,,,,,,,,,,,,,,600557,,,,,,,,,,,0.06058664992451668,0.0612715445458889,,0.14878711104393005,0.12012269347906113,50.4586296081543,0.09548158198595047,0.046326931565999985,
,0.0600973442196846,0.06027614697813988,,236,-0.021926600486040115,0.9412822127342224,-0.1518288254737854,0.09763084352016449,0.04700706899166107,0.29385316371917725,0.03431791439652443,0.14065343141555786,-0.08719820529222488,-0.0697355717420578,0.0004244670271873474,0.007418014574795961,0.21185821294784546,0.12045125663280487,50.82386779785156,,,,,,,,,0.10188435018062592,600557,,,,,,,,,,,,,,,,,,,0.04724681004881859
,,,,237,,,,,,,,,,,,,,,,0.0,300.0,100.0,0.0,8.0,200.0,5.0,10.0,,603091,,,,,,,,,,,,,,,,,,,
,,,,237,,,,,,,,,,,,,,,,,,,,,,,,,603091,,,,,,,,,,,0.060515936464071274,0.06145147606730461,,0.1424984633922577,0.12070956081151962,50.56367492675781,0.10113134235143661,0.04761749133467674,
,0.060060132294893265,0.06022392213344574,,237,0.0888650193810463,0.9035316109657288,0.09031461924314499,0.43693989515304565,0.12100765854120255,0.2965982258319855,-0.07814382016658783,0.05664987117052078,-0.05119634419679642,-0.03300962597131729,0.09832115471363068,0.10770699381828308,0.2134801149368286,0.12049762159585953,50.829689025878906,,,,,,,,,0.10177481919527054,603091,,,,,,,,,,,,,,,,,,,0.04730099067091942
,,,,238,,,,,,,,,,,,,,,,0.0,300.0,100.0,0.0,8.0,200.0,5.0,10.0,,605625,,,,,,,,,,,,,,,,,,,
,,,,238,,,,,,,,,,,,,,,,,,,,,,,,,605625,,,,,,,,,,,0.06025221198797226,0.060872167348861694,,0.1462538242340088,0.12019769102334976,50.297611236572266,0.0922267809510231,0.04640302434563637,
,0.06002972275018692,0.06020154431462288,,238,-0.08067478239536285,0.8090142011642456,-0.09408441185951233,0.47410598397254944,-0.052897047251462936,0.1367434561252594,-0.040989622473716736,0.0857573002576828,-0.08458734303712845,-0.0615786537528038,-0.1635078489780426,-0.15475162863731384,0.2150871753692627,0.1203269213438034,50.79283142089844,,,,,,,,,0.10082335770130157,605625,,,,,,,,,,,,,,,,,,,0.04735889658331871
,,,,239,,,,,,,,,,,,,,,,0.0,300.0,100.0,0.0,8.0,200.0,5.0,10.0,,608159,,,,,,,,,,,,,,,,,,,
,,,,239,,,,,,,,,,,,,,,,,,,,,,,,,608159,,,,,,,,,,,0.06049736589193344,0.06157643720507622,,0.14147426187992096,0.12044387310743332,50.46194839477539,0.09290214627981186,0.047000687569379807,
,0.06016942858695984,0.06035035103559494,,239,0.10258112847805023,0.858245849609375,0.11912117898464203,0.45675039291381836,0.08885430544614792,0.37256574630737305,0.03525352478027344,0.2029533088207245,0.07028691470623016,0.10002722591161728,0.11454891413450241,0.12503744661808014,0.2127007395029068,0.12039964646100998,50.83473205566406,,,,,,,,,0.099073126912117,608159,,,,,,,,,,,,,,,,,,,0.047195687890052795
,,,,240,,,,,,,,,,,,,,,,0.0,300.0,100.0,0.0,8.0,200.0,5.0,10.0,,610693,,,,,,,,,,,,,,,,,,,
,,,,240,,,,,,,,,,,,,,,,,,,,,,,,,610693,,,,,,,,,,,0.06029248237609863,0.06104553863406181,,0.13816989958286285,0.12054331600666046,50.36216735839844,0.09566948562860489,0.0477481335401535,
,0.06016254052519798,0.060178112238645554,,240,-0.04784511774778366,0.8532862663269043,0.21166245639324188,0.5190200805664062,-0.09652294218540192,0.2399228811264038,-0.23289933800697327,-0.05177619308233261,0.04133685305714607,0.08049187064170837,-0.018151238560676575,-0.003140566870570183,0.21218536794185638,0.12038755416870117,50.80693054199219,,,,,,,,,0.09839585423469543,610693,,,,,,,,,,,,,,,,,,,0.04733099043369293
,,,,241,,,,,,,,,,,,,,,,0.0,300.0,100.0,0.0,8.0,200.0,5.0,10.0,,613227,,,,,,,,,,,,,,,,,,,
,,,,241,,,,,,,,,,,,,,,,,,,,,,,,,613227,,,,,,,,,,,0.06025847792625427,0.06092267483472824,,0.14557650685310364,0.12044557183980942,50.391475677490234,0.09870432317256927,0.04744232818484306,
,0.06013122946023941,0.06029761582612991,,241,-0.5410165190696716,0.9429070949554443,-0.5300803780555725,-0.2800772488117218,-0.186824232339859,0.07441648840904236,-0.22184480726718903,-0.09458045661449432,-0.20441429316997528,-0.17818127572536469,-0.08051084727048874,-0.07082361727952957,0.2097361832857132,0.12032902985811234,50.79227066040039,,,,,,,,,0.10048266500234604,613227,,,,,,,,,,,,,,,,,,,0.04770759865641594
,,,,242,,,,,,,,,,,,,,,,0.0,300.0,100.0,0.0,8.0,200.0,5.0,10.0,,615761,,,,,,,,,,,,,,,,,,,
,,,,242,,,,,,,,,,,,,,,,,,,,,,,,,615761,,,,,,,,,,,0.06085187569260597,0.061451975256204605,,0.13527362048625946,0.12034256011247635,50.53596878051758,0.09935537725687027,0.04877619817852974,
,0.060114212334156036,0.0602303072810173,,242,0.18557773530483246,0.9690755009651184,0.16643622517585754,0.3913167119026184,-0.04015643149614334,0.17126323282718658,-0.2579266428947449,-0.15342038869857788,-0.016409024596214294,0.004964146763086319,0.11166518926620483,0.12055917084217072,0.20964019000530243,0.12050992995500565,50.82577896118164,,,,,,,,,0.10237541049718857,615761,,,,,,,,,,,,,,,,,,,0.04775427281856537
,,,,243,,,,,,,,,,,,,,,,0.0,300.0,100.0,0.0,8.0,200.0,5.0,10.0,,618295,,,,,,,,,,,,,,,,,,,
,,,,243,,,,,,,,,,,,,,,,,,,,,,,,,618295,,,,,,,,,,,0.06014106795191765,0.06100449338555336,,0.14048002660274506,0.12090452760457993,50.39957046508789,0.0952165499329567,0.04759538918733597,
,0.0600028932094574,0.06018361076712608,,243,0.39970147609710693,0.9139158725738525,0.39380574226379395,0.702042818069458,0.03583907335996628,0.22386512160301208,-0.09398704767227173,0.04687725752592087,-0.30740562081336975,-0.28622952103614807,-0.06338363140821457,-0.054842907935380936,0.2111840546131134,0.12041880935430527,50.7617301940918,,,,,,,,,0.09880200028419495,618295,,,,,,,,,,,,,,,,,,,0.04752039164304733
,,,,244,,,,,,,,,,,,,,,,0.0,300.0,100.0,0.0,8.0,200.0,5.0,10.0,,620829,,,,,,,,,,,,,,,,,,,
,,,,244,,,,,,,,,,,,,,,,,,,,,,,,,620829,,,,,,,,,,,0.06077136844396591,0.06127185374498367,,0.13172903656959534,0.12047619372606277,50.45526123046875,0.09447494149208069,0.04751849174499512,
,0.060119666159152985,0.06016141176223755,,244,0.3579362630844116,0.9205780625343323,0.3920619487762451,0.6981498003005981,0.03339569270610809,0.1467328816652298,-0.12405123561620712,-0.0053910911083221436,-0.19457396864891052,-0.1731070578098297,0.3413289189338684,0.3479769229888916,0.20893177390098572,0.1205391064286232,50.80757141113281,,,,,,,,,0.09984588623046875,620829,,,,,,,,,,,,,,,,,,,0.047705840319395065
,,,,245,,,,,,,,,,,,,,,,0.0,300.0,100.0,0.0,8.0,200.0,5.0,10.0,,623363,,,,,,,,,,,,,,,,,,,
,,,,245,,,,,,,,,,,,,,,,,,,,,,,,,623363,,,,,,,,,,,0.060555726289749146,0.061266228556632996,,0.15821200609207153,0.12093565613031387,50.73021697998047,0.10044915229082108,0.048177801072597504,
,0.06000738963484764,0.060279637575149536,,245,-0.18740174174308777,0.8721789121627808,-0.19911514222621918,0.12858924269676208,0.13895753026008606,0.3902107775211334,-0.025198940187692642,0.09142450988292694,0.10236720740795135,0.12145287543535233,-0.1199856624007225,-0.11190824955701828,0.20733174681663513,0.12042924761772156,50.7552375793457,,,,,,,,,0.10053784400224686,623363,,,,,,,,,,,,,,,,,,,0.047784630209207535
,,,,246,,,,,,,,,,,,,,,,0.0,300.0,100.0,0.0,8.0,200.0,5.0,10.0,,625897,,,,,,,,,,,,,,,,,,,
,,,,246,,,,,,,,,,,,,,,,,,,,,,,,,625897,,,,,,,,,,,0.06056663393974304,0.061073508113622665,,0.14343906939029694,0.12018684297800064,50.416900634765625,0.09562380611896515,0.04765699431300163,
,0.06005224958062172,0.060390494763851166,,246,-0.16549518704414368,0.8859351873397827,-0.22123803198337555,0.1786644607782364,0.0027335062623023987,0.28185659646987915,-0.16577734053134918,-0.011376583948731422,-0.06925822794437408,-0.04458434507250786,0.04851289838552475,0.060715653002262115,0.20908455550670624,0.12037574499845505,50.77893829345703,,,,,,,,,0.09992630779743195,625897,,,,,,,,,,,,,,,,,,,0.04767722263932228
,,,,247,,,,,,,,,,,,,,,,0.0,300.0,100.0,0.0,8.0,200.0,5.0,10.0,,628431,,,,,,,,,,,,,,,,,,,
,,,,247,,,,,,,,,,,,,,,,,,,,,,,,,628431,,,,,,,,,,,0.06076546013355255,0.06120406836271286,,0.149351105093956,0.12045864015817642,50.59054183959961,0.09649881720542908,0.047151513397693634,
,0.06009019538760185,0.06026016175746918,,247,0.012930678203701973,0.9471091032028198,-0.04545009136199951,0.2196839600801468,0.07553821057081223,0.2479630708694458,-0.10179490596055984,-0.015163522213697433,0.08429664373397827,0.10532455146312714,-0.10821729153394699,-0.10194534063339233,0.2099514752626419,0.1203756034374237,50.785301208496094,,,,,,,,,0.10013336688280106,628431,,,,,,,,,,,,,,,,,,,0.04768315330147743
,,,,248,,,,,,,,,,,,,,,,0.0,300.0,100.0,0.0,8.0,200.0,5.0,10.0,,630965,,,,,,,,,,,,,,,,,,,
,,,,248,,,,,,,,,,,,,,,,,,,,,,,,,630965,,,,,,,,,,,0.0609559640288353,0.06170075014233589,,0.13590574264526367,0.12039993703365326,50.608985900878906,0.1002446711063385,0.04836682602763176,
,0.06012500450015068,0.06037050113081932,,248,-0.06170899420976639,0.7957557439804077,-0.021345581859350204,0.545396089553833,-0.21967574954032898,0.011871729046106339,-0.09466277807950974,0.09267675131559372,-0.021359331905841827,0.024278201162815094,-0.007991855964064598,0.00708417035639286,0.20965294539928436,0.12034284323453903,50.80323028564453,,,,,,,,,0.10069676488637924,630965,,,,,,,,,,,,,,,,,,,0.04793642833828926
,,,,249,,,,,,,,,,,,,,,,0.0,300.0,100.0,0.0,8.0,200.0,5.0,10.0,,633499,,,,,,,,,,,,,,,,,,,
,,,,249,,,,,,,,,,,,,,,,,,,,,,,,,633499,,,,,,,,,,,0.0609779953956604,0.06153535470366478,,0.13917049765586853,0.12054327875375748,50.614540100097656,0.09349031001329422,0.04781113192439079,
,0.06009717658162117,0.06031316518783569,,249,-0.1498141586780548,0.9423471689224243,-0.20439548790454865,0.09855750948190689,0.015188932418823242,0.2577187120914459,-0.3424419164657593,-0.22361642122268677,-0.052759043872356415,-0.023964256048202515,-0.186341792345047,-0.17749598622322083,0.21040582656860352,0.12032639235258102,50.79829788208008,,,,,,,,,0.10197889804840088,633499,,,,,,,,,,,,,,,,,,,0.04793323948979378
,,,,250,,,,,,,,,,,,,,,,0.0,300.0,100.0,0.0,8.0,200.0,5.0,10.0,,636033,,,,,,,,,,,,,,,,,,,
,,,,250,,,,,,,,,,,,,,,,,,,,,,,,,636033,,,,,,,,,,,0.060515545308589935,0.061592139303684235,,0.1419532597064972,0.12071812897920609,50.60149002075195,0.10360469669103622,0.049032438546419144,
,0.059967104345560074,0.06034013628959656,,250,0.1110871434211731,0.9466054439544678,0.08059343695640564,0.34731706976890564,-0.15455058217048645,0.03991726040840149,0.33265259861946106,0.427409827709198,0.035310663282871246,0.058545779436826706,0.2451344132423401,0.25362691283226013,0.20892982184886932,0.120305135846138,50.745269775390625,,,,,,,,,0.10197676718235016,636033,,,,,,,,,,,,,,,,,,,0.04787573963403702
,,,,251,,,,,,,,,,,,,,,,0.0,300.0,100.0,0.0,8.0,200.0,5.0,10.0,,638567,,,,,,,,,,,,,,,,,,,
,,,,251,,,,,,,,,,,,,,,,,,,,,,,,,638567,,,,,,,,,,,0.060564469546079636,0.061408333480358124,,0.14278291165828705,0.12033472210168839,50.5203857421875,0.10435283184051514,0.04792623221874237,
,0.06017981097102165,0.06031477078795433,,251,0.15098030865192413,0.8803783655166626,0.24842843413352966,0.5805930495262146,0.07146920263767242,0.32001978158950806,-0.13372579216957092,-0.006233416497707367,-0.13532812893390656,-0.11369530111551285,-0.27138465642929077,-0.2615756392478943,0.21005088090896606,0.12039805203676224,50.84187698364258,,,,,,,,,0.10351654887199402,638567,,,,,,,,,,,,,,,,,,,0.047888368368148804
,,,,252,,,,,,,,,,,,,,,,0.0,300.0,100.0,0.0,8.0,200.0,5.0,10.0,,641101,,,,,,,,,,,,,,,,,,,
,,,,252,,,,,,,,,,,,,,,,,,,,,,,,,641101,,,,,,,,,,,0.06011349707841873,0.06127899885177612,,0.1415894329547882,0.12062830477952957,50.38616943359375,0.09999459236860275,0.0465884692966938,
,0.060059916228055954,0.06040102615952492,,252,0.1851738542318344,0.9518402814865112,0.36514168977737427,0.6057965159416199,-0.09239363670349121,0.03379986807703972,-0.33785226941108704,-0.21116217970848083,-0.3471687436103821,-0.3291082978248596,-0.027307532727718353,-0.02047683671116829,0.20755425095558167,0.12034034729003906,50.78248596191406,,,,,,,,,0.10409753769636154,641101,,,,,,,,,,,,,,,,,,,0.04754224792122841
,,,,253,,,,,,,,,,,,,,,,0.0,300.0,100.0,0.0,8.0,200.0,5.0,10.0,,643635,,,,,,,,,,,,,,,,,,,
,,,,253,,,,,,,,,,,,,,,,,,,,,,,,,643635,,,,,,,,,,,0.06040286645293236,0.06155015155673027,,0.1443779468536377,0.12017743289470673,50.39616775512695,0.09316386282444,0.046395983546972275,
,0.06004888936877251,0.0602947473526001,,253,0.11507657915353775,0.9596948623657227,0.18055637180805206,0.4208162724971771,-0.02581365965306759,0.13116995990276337,-0.17843572795391083,-0.08079404383897781,-0.42829766869544983,-0.4069543480873108,0.06610166281461716,0.07386885583400726,0.21048404276371002,0.12034110724925995,50.77047348022461,,,,,,,,,0.10038327425718307,643635,,,,,,,,,,,,,,,,,,,0.047230519354343414
,,,,254,,,,,,,,,,,,,,,,0.0,300.0,100.0,0.0,8.0,200.0,5.0,10.0,,646169,,,,,,,,,,,,,,,,,,,
,,,,254,,,,,,,,,,,,,,,,,,,,,,,,,646169,,,,,,,,,,,0.060397420078516006,0.061751049011945724,,0.1295424848794937,0.12030791491270065,50.35797119140625,0.09743301570415497,0.0478547066450119,
,0.060085028409957886,0.06041528284549713,,254,0.14542414247989655,0.9531609416007996,0.07701423764228821,0.32141533493995667,0.0009004278108477592,0.14446625113487244,0.1730274260044098,0.26857393980026245,0.11215749382972717,0.12920944392681122,0.004933513700962067,0.0139194056391716,0.20764827728271484,0.12031485140323639,50.76906967163086,,,,,,,,,0.10104239732027054,646169,,,,,,,,,,,,,,,,,,,0.047267645597457886
,,,,255,,,,,,,,,,,,,,,,0.0,300.0,100.0,0.0,8.0,200.0,5.0,10.0,,648703,,,,,,,,,,,,,,,,,,,
,,,,255,,,,,,,,,,,,,,,,,,,,,,,,,648703,,,,,,,,,,,0.06080042943358421,0.06142401695251465,,0.14223432540893555,0.1204342469573021,50.54621505737305,0.09214084595441818,0.047825660556554794,
,0.059921979904174805,0.060292959213256836,,255,-0.09451228380203247,0.8962907791137695,-0.10172058641910553,0.20875628292560577,-0.022565679624676704,0.2524338662624359,-0.04119382053613663,0.1299671232700348,0.03997966647148132,0.076530322432518,0.0032289456576108932,0.017313238233327866,0.20668774843215942,0.1202908381819725,50.69384002685547,,,,,,,,,0.10001692920923233,648703,,,,,,,,,,,,,,,,,,,0.04762035235762596
,,,,256,,,,,,,,,,,,,,,,0.0,300.0,100.0,0.0,8.0,200.0,5.0,10.0,,651237,,,,,,,,,,,,,,,,,,,
,,,,256,,,,,,,,,,,,,,,,,,,,,,,,,651237,,,,,,,,,,,0.060490578413009644,0.06107102707028389,,0.1427929550409317,0.12049053609371185,50.443904876708984,0.09566740691661835,0.04708123952150345,
,0.060066256672143936,0.06031377986073494,,256,-0.02667980082333088,0.9148747324943542,0.026222961023449898,0.38458603620529175,-0.198411226272583,0.01345337089151144,-0.13458602130413055,0.033593665808439255,0.09843873232603073,0.12339627742767334,0.16797107458114624,0.17888739705085754,0.20951002836227417,0.12027521431446075,50.74782943725586,,,,,,,,,0.09805366396903992,651237,,,,,,,,,,,,,,,,,,,0.04751637205481529
,,,,257,,,,,,,,,,,,,,,,0.0,300.0,100.0,0.0,8.0,200.0,5.0,10.0,,653771,,,,,,,,,,,,,,,,,,,
,,,,257,,,,,,,,,,,,,,,,,,,,,,,,,653771,,,,,,,,,,,0.06078081205487251,0.06129502132534981,,0.14002461731433868,0.12019327282905579,50.49675750732422,0.09819268435239792,0.04831879585981369,
,0.060041073709726334,0.06038303300738335,,257,-0.033080004155635834,0.8956303000450134,0.00013510137796401978,0.4045068621635437,-0.2028016448020935,-0.010817859321832657,-0.009137049317359924,0.15314483642578125,-0.11884483695030212,-0.08948223292827606,0.021485816687345505,0.03325618803501129,0.2070976048707962,0.12022657692432404,50.7484245300293,,,,,,,,,0.10392256081104279,653771,,,,,,,,,,,,,,,,,,,0.04760899022221565
,,,,258,,,,,,,,,,,,,,,,0.0,300.0,100.0,0.0,8.0,200.0,5.0,10.0,,656305,,,,,,,,,,,,,,,,,,,
,,,,258,,,,,,,,,,,,,,,,,,,,,,,,,656305,,,,,,,,,,,0.060527198016643524,0.061643220484256744,,0.1376715451478958,0.11992568522691727,50.353050231933594,0.09371430426836014,0.047548022121191025,
,0.05999700725078583,0.060378581285476685,,258,-0.0779029056429863,0.9092150926589966,-0.13265813887119293,0.2735232710838318,-0.15743108093738556,0.10724130272865295,-0.09289421886205673,0.04443470388650894,-0.07503008842468262,-0.04774506390094757,0.04804762452840805,0.06046530604362488,0.20481990277767181,0.12018794566392899,50.686309814453125,,,,,,,,,0.09959324449300766,656305,,,,,,,,,,,,,,,,,,,0.04752088710665703
,,,,259,,,,,,,,,,,,,,,,0.0,300.0,100.0,0.0,8.0,200.0,5.0,10.0,,658839,,,,,,,,,,,,,,,,,,,
,,,,259,,,,,,,,,,,,,,,,,,,,,,,,,658839,,,,,,,,,,,0.060739666223526,0.06150498613715172,,0.14411063492298126,0.12053679674863815,50.60661315917969,0.10020320117473602,0.04729637876152992,
,0.06009075045585632,0.060293760150671005,,259,-0.05893722176551819,0.9652494788169861,-0.08690252155065536,0.10998132824897766,0.05175071209669113,0.244676411151886,-0.20918790996074677,-0.12032277882099152,-0.18203666806221008,-0.16257302463054657,-0.06025783717632294,-0.05291568487882614,0.20628122985363007,0.12024848908185959,50.727291107177734,,,,,,,,,0.09906546771526337,658839,,,,,,,,,,,,,,,,,,,0.047538500279188156
,,,,260,,,,,,,,,,,,,,,,0.0,300.0,100.0,0.0,8.0,200.0,5.0,10.0,,661373,,,,,,,,,,,,,,,,,,,
,,,,260,,,,,,,,,,,,,,,,,,,,,,,,,661373,,,,,,,,,,,0.06084923818707466,0.061208419501781464,,0.1463647484779358,0.12087123095989227,50.670589447021484,0.0961235985159874,0.046920936554670334,
,0.060206253081560135,0.060328904539346695,,260,0.09192381799221039,0.9236379861831665,-0.048820238560438156,0.27831777930259705,0.1889970451593399,0.3093678951263428,0.13699683547019958,0.2626267671585083,0.04278712347149849,0.06680068373680115,-0.08073095977306366,-0.073031947016716,0.20365816354751587,0.12027851492166519,50.75357437133789,,,,,,,,,0.09999363869428635,661373,,,,,,,,,,,,,,,,,,,0.04738450422883034
,,,,261,,,,,,,,,,,,,,,,0.0,300.0,100.0,0.0,8.0,200.0,5.0,10.0,,663907,,,,,,,,,,,,,,,,,,,
,,,,261,,,,,,,,,,,,,,,,,,,,,,,,,663907,,,,,,,,,,,0.06055976077914238,0.06108800694346428,,0.14025582373142242,0.12016098201274872,50.38479232788086,0.09595342725515366,0.047407906502485275,
,0.060047391802072525,0.060279350727796555,,261,-0.21377642452716827,0.9013066291809082,-0.36855074763298035,-0.10570518672466278,0.034131765365600586,0.3289905786514282,0.18512961268424988,0.289402037858963,-0.11419790238142014,-0.0879623144865036,0.07116075605154037,0.07997795194387436,0.20667102932929993,0.12034127861261368,50.73249435424805,,,,,,,,,0.09924202412366867,663907,,,,,,,,,,,,,,,,,,,0.04725733399391174
