dinu_pt_loss,epoch,higgs_mass_loss,huber_loss,loss,neg_r2_loss,nu_mass_loss,step,val_dinu_pt_loss,val_higgs_mass_loss,val_huber_loss,val_loss,val_neg_r2_loss,val_nu_mass_loss,val_w0_mass_mae_loss,val_w1_mass_mae_loss,val_w_mass_mmd0_loss,val_w_mass_mmd1_loss,w0_mass_mae_loss,w1_mass_mae_loss,w_mass_mmd0_loss,w_mass_mmd1_loss
,0,,,,,,728,66.39547729492188,0.0,33.905338287353516,38.69843292236328,-0.6875119805335999,0.006501647178083658,32.25831604003906,36.30037307739258,0.4501909613609314,0.5084261894226074,,,,
66.06053924560547,0,0.0,34.14863967895508,41.136253356933594,-0.686991274356842,0.004675364587455988,728,,,,,,,,,,,38.205055236816406,39.846221923828125,0.6983843445777893,0.6991389393806458
,1,,,,,,1457,66.83870697021484,1.569959044456482,33.40342712402344,37.99736785888672,-0.6920344233512878,0.00880772527307272,28.74559211730957,32.32581329345703,0.36745989322662354,0.39433079957962036,,,,
66.28073120117188,1,1.7672420740127563,33.61723327636719,38.80986404418945,-0.6917060613632202,0.007602940313518047,1457,,,,,,,,,,,30.714019775390625,33.92801284790039,0.4153231978416443,0.4464779198169708
,2,,,,,,2186,67.91041564941406,2.4107048511505127,32.769126892089844,37.13395309448242,-0.6996305584907532,0.011695285327732563,27.365333557128906,28.482650756835938,0.310862272977829,0.32103046774864197,,,,
67.04545593261719,2,2.8133392333984375,33.010215759277344,37.90800857543945,-0.6976444125175476,0.010251711122691631,2186,,,,,,,,,,,28.284791946411133,29.99028968811035,0.34499236941337585,0.3532300293445587
,3,,,,,,2915,69.33612823486328,2.407521963119507,32.50959396362305,36.516273498535156,-0.7042669057846069,0.014044527895748615,26.503700256347656,26.557409286499023,0.271147221326828,0.2894369959831238,,,,
68.41606903076172,3,3.0604381561279297,32.49336624145508,36.99207305908203,-0.7049075961112976,0.012937025167047977,2915,,,,,,,,,,,27.150136947631836,27.268537521362305,0.2934369444847107,0.30026528239250183
,4,,,,,,3644,71.16975402832031,1.8982387781143188,32.402320861816406,36.10356140136719,-0.7094016671180725,0.01666375808417797,26.93332862854004,26.353872299194336,0.2645198404788971,0.28590622544288635,,,,
69.85199737548828,4,2.547496795654297,32.35215759277344,36.432003021240234,-0.7093480825424194,0.01545218750834465,3644,,,,,,,,,,,26.749286651611328,26.321096420288086,0.2747383713722229,0.2864864766597748
,5,,,,,,4373,73.87246704101562,1.1251213550567627,32.456932067871094,35.807552337646484,-0.7148930430412292,0.01890844665467739,28.128700256347656,27.198625564575195,0.27167361974716187,0.2859341502189636,,,,
72.51397705078125,5,1.822803258895874,32.321441650390625,36.03289031982422,-0.7153947949409485,0.017972951754927635,4373,,,,,,,,,,,27.743886947631836,26.821611404418945,0.2734302580356598,0.28658145666122437
,6,,,,,,5102,74.4313735961914,0.7113895416259766,32.5468635559082,35.67338180541992,-0.7164052724838257,0.019891303032636642,29.04568099975586,27.916101455688477,0.2696492075920105,0.2845107913017273,,,,
74.11779022216797,6,0.8923205137252808,32.48785400390625,35.74663162231445,-0.7172470092773438,0.019437335431575775,5102,,,,,,,,,,,28.74933624267578,27.632949829101562,0.27387475967407227,0.2886563241481781
,7,,,,,,5831,73.07355499267578,0.7967351675033569,32.47705841064453,35.60429000854492,-0.7163450717926025,0.020137663930654526,29.435922622680664,28.216934204101562,0.26547080278396606,0.28030407428741455,,,,
73.54505157470703,7,0.8097330927848816,32.47657012939453,35.66110610961914,-0.7178580164909363,0.020095758140087128,5831,,,,,,,,,,,29.374738693237305,28.115394592285156,0.2702843248844147,0.28564825654029846
,8,,,,,,6560,72.31131744384766,0.8268710970878601,32.43205261230469,35.5444450378418,-0.7169543504714966,0.020516565069556236,29.895475387573242,28.55448341369629,0.2630434036254883,0.27674999833106995,,,,
72.41490173339844,8,0.8856380581855774,32.4015998840332,35.583580017089844,-0.7182596921920776,0.020327884703874588,6560,,,,,,,,,,,29.74853515625,28.389299392700195,0.2666887044906616,0.28113749623298645
,9,,,,,,7289,70.55448913574219,0.9462387561798096,32.227455139160156,35.382484436035156,-0.7180659174919128,0.020538466051220894,30.423786163330078,29.07052993774414,0.2624717354774475,0.27390944957733154,,,,
71.2519302368164,9,0.9787347912788391,32.2938346862793,35.496315002441406,-0.7192707061767578,0.020442306995391846,7289,,,,,,,,,,,30.15498924255371,28.73478126525879,0.2649494707584381,0.27767226099967957
,10,,,,,,8018,68.74765014648438,1.257851243019104,32.02083206176758,35.32010269165039,-0.7190735936164856,0.020268812775611877,30.856685638427734,29.569067001342773,0.26267170906066895,0.27140140533447266,,,,
69.48350524902344,10,1.1327041387557983,32.09962844848633,35.362030029296875,-0.7202385663986206,0.02046075463294983,8018,,,,,,,,,,,30.72559356689453,29.345441818237305,0.2647739052772522,0.27443909645080566
,11,,,,,,8747,67.97640228271484,1.3306559324264526,31.953758239746094,35.281036376953125,-0.7198804616928101,0.020492924377322197,30.773916244506836,29.515914916992188,0.26195237040519714,0.27043429017066956,,,,
68.59795379638672,11,1.2145811319351196,32.01782989501953,35.306373596191406,-0.7205483913421631,0.020686227828264236,8747,,,,,,,,,,,30.893056869506836,29.565446853637695,0.26291635632514954,0.27333348989486694
,12,,,,,,9476,67.39067077636719,1.374703049659729,31.90764808654785,35.24441146850586,-0.7203682065010071,0.020713701844215393,30.76791000366211,29.535791397094727,0.2609855532646179,0.26888903975486755,,,,
67.87592315673828,12,1.3209666013717651,31.955625534057617,35.29039001464844,-0.7216182351112366,0.020875707268714905,9476,,,,,,,,,,,30.872161865234375,29.563325881958008,0.2627963721752167,0.2720615863800049
,13,,,,,,10205,66.3162841796875,1.8557063341140747,31.783401489257812,35.34830856323242,-0.7208882570266724,0.020465748384594917,30.347858428955078,29.28605079650879,0.2601476013660431,0.2672644555568695,,,,
67.10855102539062,13,1.3821927309036255,31.900209426879883,35.24964141845703,-0.7216473817825317,0.02100047841668129,10205,,,,,,,,,,,30.8145809173584,29.56781005859375,0.2613290250301361,0.2703351378440857
,14,,,,,,10934,66.15557861328125,1.5772954225540161,31.800785064697266,35.21397399902344,-0.7213245630264282,0.021084066480398178,30.43550682067871,29.323640823364258,0.2589932978153229,0.26591309905052185,,,,
66.48533630371094,14,1.462601661682129,31.846242904663086,35.22571563720703,-0.7223422527313232,0.021195100620388985,10934,,,,,,,,,,,30.72562599182129,29.538846969604492,0.26047375798225403,0.26916274428367615
,15,,,,,,11663,66.14645385742188,1.5007116794586182,31.8892765045166,35.255279541015625,-0.7213549613952637,0.021812627092003822,30.719161987304688,29.563339233398438,0.2577885389328003,0.2653433084487915,,,,
65.86231994628906,15,1.558811068534851,31.788036346435547,35.2091178894043,-0.7229421138763428,0.02133638970553875,11663,,,,,,,,,,,30.595291137695312,29.451560974121094,0.2602424919605255,0.2680956721305847
,16,,,,,,12392,62.56996536254883,1.4892512559890747,32.0679817199707,35.426876068115234,-0.7134675979614258,0.019547509029507637,28.56170082092285,27.647258758544922,0.2555212080478668,0.26733681559562683,,,,
64.7349853515625,16,1.6760380268096924,31.797719955444336,35.27146530151367,-0.7215304970741272,0.02101183868944645,12392,,,,,,,,,,,30.11625862121582,29.092073440551758,0.2593482732772827,0.267795205116272
,17,,,,,,13121,62.71631622314453,1.654705286026001,31.738489151000977,35.179779052734375,-0.7189157605171204,0.0202435702085495,28.65732192993164,27.708251953125,0.2562815546989441,0.2665119171142578,,,,
63.2149772644043,17,1.5634469985961914,31.804393768310547,35.223609924316406,-0.7202446460723877,0.020423579961061478,13121,,,,,,,,,,,29.187522888183594,28.183963775634766,0.2587386965751648,0.26876410841941833
,18,,,,,,13850,62.1743278503418,1.8407000303268433,31.602619171142578,35.136436462402344,-0.7202823162078857,0.020384550094604492,28.341110229492188,27.531024932861328,0.25650525093078613,0.26619237661361694,,,,
62.812103271484375,18,1.7103095054626465,31.694467544555664,35.18239212036133,-0.7212982773780823,0.02070007100701332,13850,,,,,,,,,,,29.05547523498535,28.053442001342773,0.2583516538143158,0.26820313930511475
,19,,,,,,14579,62.27308654785156,1.7256940603256226,31.52025604248047,35.01873016357422,-0.7227208018302917,0.021254319697618484,28.841176986694336,27.85260772705078,0.25869444012641907,0.2684365212917328,,,,
62.166385650634766,19,1.7905871868133545,31.555273056030273,35.09085464477539,-0.7229548692703247,0.020945215597748756,14579,,,,,,,,,,,28.826223373413086,27.88005828857422,0.25926706194877625,0.26879456639289856
,20,,,,,,15308,60.99688720703125,1.865903615951538,31.391130447387695,34.96707534790039,-0.7228536605834961,0.020892268046736717,28.228317260742188,27.386629104614258,0.25953754782676697,0.26906445622444153,,,,
61.81197738647461,20,1.8826745748519897,31.456899642944336,35.04643249511719,-0.7245594263076782,0.021336352452635765,15308,,,,,,,,,,,28.900794982910156,27.931299209594727,0.2599506080150604,0.26968586444854736
,21,,,,,,16037,60.67253875732422,2.3750908374786377,31.15427589416504,35.04722213745117,-0.7268655300140381,0.021406620740890503,27.83985710144043,26.98124122619629,0.26365649700164795,0.27742841839790344,,,,
60.220088958740234,21,2.0398108959198,31.324356079101562,35.03726577758789,-0.7248432040214539,0.021053843200206757,16037,,,,,,,,,,,28.19266128540039,27.197961807250977,0.2631892263889313,0.275411993265152
,22,,,,,,16766,59.17295455932617,1.8270500898361206,31.26270294189453,34.886539459228516,-0.7234137654304504,0.0209775660187006,27.643024444580078,26.62964630126953,0.2635059058666229,0.27855169773101807,,,,
59.63563537597656,22,2.0204017162323,31.270732879638672,34.99717330932617,-0.7253773808479309,0.021161725744605064,16766,,,,,,,,,,,27.98230743408203,27.02950668334961,0.2647634446620941,0.27848121523857117
,23,,,,,,17495,59.57925033569336,2.0074658393859863,31.114349365234375,34.85736846923828,-0.7268727421760559,0.02154727280139923,27.62030792236328,26.588661193847656,0.2659233808517456,0.28193819522857666,,,,
59.3062858581543,23,2.064984083175659,31.205791473388672,34.96808624267578,-0.7258641123771667,0.02121664024889469,17495,,,,,,,,,,,27.866825103759766,26.756736755371094,0.26568499207496643,0.2802753448486328
,24,,,,,,18224,59.2202033996582,2.1513831615448,31.340150833129883,35.10984802246094,-0.7204848527908325,0.020171212032437325,27.292020797729492,26.36090087890625,0.26342299580574036,0.2753778398036957,,,,
59.519840240478516,24,2.1395254135131836,31.231103897094727,35.03104019165039,-0.7257982492446899,0.021209843456745148,18224,,,,,,,,,,,27.8856258392334,26.815200805664062,0.2665500044822693,0.2794860899448395
,25,,,,,,18953,59.228885650634766,2.203101396560669,31.31173324584961,35.11948013305664,-0.72115159034729,0.020297963172197342,27.195018768310547,26.360881805419922,0.2650359272956848,0.2762012183666229,,,,
59.1218376159668,25,2.1242146492004395,31.28800392150879,35.08074188232422,-0.7233012318611145,0.02052573300898075,18953,,,,,,,,,,,27.473953247070312,26.566617965698242,0.26755622029304504,0.27856704592704773
,26,,,,,,19682,60.97196960449219,2.24436616897583,31.268442153930664,35.122772216796875,-0.7256824970245361,0.021496400237083435,27.668676376342773,27.062541961669922,0.26799505949020386,0.2784358561038971,,,,
59.98923873901367,26,2.1506574153900146,31.320537567138672,35.125518798828125,-0.7239559888839722,0.02073933184146881,19682,,,,,,,,,,,27.556489944458008,26.796676635742188,0.2686093747615814,0.2773255407810211
,27,,,,,,20411,61.504920959472656,2.47849440574646,31.39984130859375,35.3514289855957,-0.7228288054466248,0.02069988287985325,27.470317840576172,26.692777633666992,0.266142874956131,0.27631625533103943,,,,
60.593421936035156,27,2.4876208305358887,31.31679916381836,35.29078674316406,-0.7252643704414368,0.021156031638383865,20411,,,,,,,,,,,27.63206672668457,27.002885818481445,0.2687195837497711,0.27731406688690186
,28,,,,,,21140,63.40072250366211,2.5994977951049805,31.613861083984375,35.579498291015625,-0.7205895185470581,0.020395776256918907,27.879287719726562,26.972902297973633,0.2622230350971222,0.2709513008594513,,,,
62.225502014160156,28,2.5286865234375,31.45882797241211,35.444908142089844,-0.7239649891853333,0.020822707563638687,21140,,,,,,,,,,,27.743240356445312,26.943735122680664,0.2672051787376404,0.2771425247192383
,29,,,,,,21869,60.87733459472656,2.430424451828003,31.504169464111328,35.39970016479492,-0.7198320031166077,0.020391102880239487,27.40869903564453,26.409652709960938,0.2625609040260315,0.273502916097641,,,,
61.334747314453125,29,2.5433878898620605,31.498796463012695,35.467063903808594,-0.722027599811554,0.02049850858747959,21869,,,,,,,,,,,27.649198532104492,26.70172691345215,0.26532280445098877,0.2739894688129425
,30,,,,,,22598,63.03450012207031,2.5819313526153564,31.651887893676758,35.6104621887207,-0.7191916108131409,0.02003858983516693,27.88408660888672,26.712890625,0.26238709688186646,0.2711382210254669,,,,
61.9417724609375,30,2.5309336185455322,31.637271881103516,35.577613830566406,-0.719289243221283,0.01999409683048725,22598,,,,,,,,,,,27.68294334411621,26.64756965637207,0.2634624242782593,0.2715170085430145
,31,,,,,,23327,60.26740646362305,2.5058248043060303,31.384748458862305,35.338035583496094,-0.7207411527633667,0.020226145163178444,27.350297927856445,26.224925994873047,0.2639964520931244,0.27607935667037964,,,,
61.57649612426758,31,2.4523074626922607,31.5146541595459,35.4421501159668,-0.721845805644989,0.02037198655307293,23327,,,,,,,,,,,27.63608741760254,26.604692459106445,0.2653810381889343,0.27488115429878235
,32,,,,,,24056,59.2736930847168,2.4842076301574707,31.34421157836914,35.28858184814453,-0.7205425500869751,0.020147953182458878,26.968332290649414,26.080310821533203,0.2648727595806122,0.275582879781723,,,,
59.19221115112305,32,2.3416106700897217,31.31728172302246,35.220306396484375,-0.7231082320213318,0.02047881670296192,24056,,,,,,,,,,,27.057886123657227,26.118125915527344,0.2681475281715393,0.2783012092113495
,33,,,,,,24785,59.001564025878906,2.642789840698242,31.27347183227539,35.32343673706055,-0.7209970355033875,0.01986531913280487,26.785419464111328,25.846284866333008,0.2673095464706421,0.27839982509613037,,,,
58.901798248291016,33,2.5546629428863525,31.288806915283203,35.30867385864258,-0.7231100797653198,0.020301608368754387,24785,,,,,,,,,,,26.829204559326172,26.005741119384766,0.26927080750465393,0.2792387902736664
,34,,,,,,25514,58.764320373535156,2.4622466564178467,31.32572364807129,35.29156494140625,-0.7186964154243469,0.01953555829823017,26.936614990234375,26.068647384643555,0.26808157563209534,0.278858482837677,,,,
58.84667205810547,34,2.3971097469329834,31.334367752075195,35.284698486328125,-0.7207089066505432,0.019728560000658035,25514,,,,,,,,,,,26.984111785888672,26.090620040893555,0.2706598937511444,0.27969205379486084
,35,,,,,,26243,59.22473907470703,2.7916433811187744,31.329504013061523,35.45210647583008,-0.7185352444648743,0.019324354827404022,27.061988830566406,26.069616317749023,0.267325222492218,0.27803492546081543,,,,
58.84874725341797,35,2.4965131282806396,31.384414672851562,35.37744140625,-0.7187926769256592,0.019400283694267273,26243,,,,,,,,,,,27.137786865234375,26.168842315673828,0.2700327932834625,0.2789192199707031
,36,,,,,,26972,58.61974334716797,2.6387510299682617,31.257061004638672,35.32389450073242,-0.7197540998458862,0.019562402740120888,27.135522842407227,26.180992126464844,0.2693677246570587,0.2801271080970764,,,,
59.17412567138672,36,2.599119186401367,31.381162643432617,35.42652893066406,-0.7195890545845032,0.019556710496544838,26972,,,,,,,,,,,27.422039031982422,26.310853958129883,0.2705821990966797,0.27858299016952515
,37,,,,,,27701,58.60167694091797,2.706559658050537,31.112762451171875,35.23714065551758,-0.7235719561576843,0.02023395709693432,27.015583038330078,26.101482391357422,0.2717151939868927,0.28250816464424133,,,,
58.62139129638672,37,2.586848497390747,31.26947784423828,35.333763122558594,-0.7215377688407898,0.019810311496257782,27701,,,,,,,,,,,27.246143341064453,26.2391357421875,0.27297690510749817,0.2811908721923828
,38,,,,,,28430,58.86405563354492,2.4419682025909424,31.243209838867188,35.23063659667969,-0.7215715646743774,0.020115261897444725,27.35182762145996,26.422889709472656,0.27169838547706604,0.2815893888473511,,,,
58.488651275634766,38,2.5995805263519287,31.207740783691406,35.29063415527344,-0.723091185092926,0.020049642771482468,28430,,,,,,,,,,,27.209928512573242,26.23984718322754,0.27329981327056885,0.2833130359649658
,39,,,,,,29159,59.37407684326172,2.521846055984497,31.279699325561523,35.30669403076172,-0.7213543057441711,0.02005251683294773,27.555110931396484,26.492307662963867,0.27127784490585327,0.28193575143814087,,,,
58.93157958984375,39,2.5118746757507324,31.209518432617188,35.253807067871094,-0.7239514589309692,0.020244654268026352,29159,,,,,,,,,,,27.469818115234375,26.416053771972656,0.2734689712524414,0.284201443195343
,40,,,,,,29888,58.49271011352539,2.4049792289733887,31.190704345703125,35.170677185058594,-0.721799910068512,0.020001785829663277,27.36495018005371,26.237258911132812,0.2715815007686615,0.2839100658893585,,,,
58.731597900390625,40,2.6107189655303955,31.19403076171875,35.299102783203125,-0.7238563299179077,0.02011343277990818,29888,,,,,,,,,,,27.455875396728516,26.312257766723633,0.274848997592926,0.28509321808815
,41,,,,,,30617,58.38619613647461,2.514709234237671,31.13800811767578,35.18511962890625,-0.7238520383834839,0.020527832210063934,27.17096710205078,26.2279052734375,0.27327272295951843,0.2846828103065491,,,,
58.50870895385742,41,2.507017135620117,31.194231033325195,35.23217010498047,-0.7232498526573181,0.020121145993471146,30617,,,,,,,,,,,27.401906967163086,26.317956924438477,0.27357539534568787,0.28330889344215393
,42,,,,,,31346,59.39157485961914,2.4405360221862793,31.21798324584961,35.20790100097656,-0.7233170866966248,0.020494885742664337,27.35101890563965,26.364566802978516,0.27194201946258545,0.2819853127002716,,,,
58.654605865478516,42,2.4936845302581787,31.096769332885742,35.1518440246582,-0.7258080244064331,0.02046792395412922,31346,,,,,,,,,,,27.004064559936523,26.12078094482422,0.2760791778564453,0.2855663597583771
,43,,,,,,32075,58.53681564331055,2.7306771278381348,31.00528335571289,35.17123031616211,-0.7256717681884766,0.020254788920283318,26.678945541381836,25.79339027404785,0.27421844005584717,0.28591036796569824,,,,
58.74151611328125,43,2.4355690479278564,31.152681350708008,35.16577911376953,-0.7249781489372253,0.020280443131923676,32075,,,,,,,,,,,27.078392028808594,26.16494369506836,0.27471911907196045,0.28435105085372925
,44,,,,,,32804,58.08696365356445,2.6422808170318604,31.02982521057129,35.146148681640625,-0.7247335314750671,0.020179951563477516,26.75054168701172,25.851402282714844,0.27389025688171387,0.2851414978504181,,,,
58.168331146240234,44,2.5195510387420654,31.074851989746094,35.14904022216797,-0.7261067032814026,0.020474156364798546,32804,,,,,,,,,,,26.964242935180664,26.094165802001953,0.2764100134372711,0.28647661209106445
,45,,,,,,33533,57.86129379272461,2.4848062992095947,31.042537689208984,35.09140396118164,-0.7261592745780945,0.02091234363615513,26.84849739074707,26.026954650878906,0.27446478605270386,0.2868247330188751,,,,
58.03211212158203,45,2.534775495529175,31.086679458618164,35.1681022644043,-0.7258390784263611,0.020401079207658768,33533,,,,,,,,,,,26.862733840942383,26.053661346435547,0.27546218037605286,0.28734177350997925
,46,,,,,,34262,57.53913497924805,2.4815614223480225,31.066265106201172,35.094970703125,-0.7242012619972229,0.020366771146655083,26.775054931640625,26.021745681762695,0.27335190773010254,0.2842314839363098,,,,
57.69867706298828,46,2.4516654014587402,31.055402755737305,35.09861373901367,-0.7261881828308105,0.02045723795890808,34262,,,,,,,,,,,26.836835861206055,26.09122085571289,0.27605026960372925,0.2874199450016022
,47,,,,,,34991,57.93159484863281,2.5655064582824707,31.06773567199707,35.156227111816406,-0.7254084944725037,0.020819544792175293,26.84551239013672,26.08108901977539,0.2745562195777893,0.2865924835205078,,,,
57.64936447143555,47,2.4636712074279785,31.03293228149414,35.08274459838867,-0.7263613343238831,0.02050800807774067,34991,,,,,,,,,,,26.750619888305664,26.027185440063477,0.2762311100959778,0.2873629033565521
,48,,,,,,35720,57.072265625,2.4856972694396973,31.097957611083984,35.12431716918945,-0.7237423062324524,0.020603705197572708,27.011066436767578,26.134950637817383,0.2721838355064392,0.28451797366142273,,,,
57.282466888427734,48,2.423159599304199,31.020395278930664,35.05204391479492,-0.7262384295463562,0.020466778427362442,35720,,,,,,,,,,,26.707454681396484,25.952987670898438,0.2763216495513916,0.2876918613910675
,49,,,,,,36449,57.37845230102539,2.4175703525543213,31.005786895751953,35.005428314208984,-0.7252104878425598,0.0204283706843853,26.53667640686035,25.935657501220703,0.2729063928127289,0.28526678681373596,,,,
57.18949508666992,49,2.362139940261841,31.038171768188477,35.03095626831055,-0.7260012030601501,0.02049609087407589,36449,,,,,,,,,,,26.768165588378906,25.99361228942871,0.27592694759368896,0.2864183187484741
,50,,,,,,37178,56.94328689575195,2.399977684020996,30.990049362182617,34.97750473022461,-0.725679874420166,0.020744016394019127,26.616241455078125,25.98625946044922,0.2724607586860657,0.2850281000137329,,,,
57.26686096191406,50,2.564741611480713,31.009334564208984,35.08951950073242,-0.726434588432312,0.020591644570231438,37178,,,,,,,,,,,26.70958709716797,26.08791732788086,0.27454623579978943,0.2850185036659241
,51,,,,,,37907,56.81759262084961,2.495985269546509,30.886585235595703,34.98169708251953,-0.7283856868743896,0.02131369151175022,26.44546127319336,25.653701782226562,0.2775353193283081,0.2918868362903595,,,,
56.89445877075195,51,2.434633255004883,30.921276092529297,34.95905685424805,-0.7278012037277222,0.020700136199593544,37907,,,,,,,,,,,26.484933853149414,25.75487518310547,0.27605757117271423,0.28803709149360657
,52,,,,,,38636,56.92820358276367,2.334420680999756,30.86528205871582,34.865692138671875,-0.7279214859008789,0.02094264328479767,26.275436401367188,25.52936363220215,0.27676936984062195,0.2898707389831543,,,,
56.707881927490234,52,2.5231692790985107,30.84806251525879,34.96354675292969,-0.729493260383606,0.020988332107663155,38636,,,,,,,,,,,26.366668701171875,25.560081481933594,0.27896592020988464,0.29181915521621704
,53,,,,,,39365,56.63196563720703,2.417814254760742,30.780317306518555,34.810447692871094,-0.7297760248184204,0.02124253660440445,26.054121017456055,25.42428207397461,0.27572694420814514,0.2885148227214813,,,,
56.89809036254883,53,2.4871597290039062,30.84663963317871,34.93745040893555,-0.7302071452140808,0.021225884556770325,39365,,,,,,,,,,,26.406217575073242,25.639638900756836,0.27920767664909363,0.2902403771877289
,54,,,,,,40094,56.2846565246582,2.291928768157959,30.803287506103516,34.76678466796875,-0.7293556332588196,0.021275056526064873,26.200515747070312,25.704486846923828,0.27596062421798706,0.2875504791736603,,,,
56.49489212036133,54,2.3880326747894287,30.82456398010254,34.85422134399414,-0.7304340600967407,0.021341955289244652,40094,,,,,,,,,,,26.374784469604492,25.698413848876953,0.2782861590385437,0.2888450026512146
,55,,,,,,40823,56.7639274597168,2.4976260662078857,30.89073371887207,34.9564323425293,-0.7283604741096497,0.021195603534579277,26.425153732299805,25.83228302001953,0.2753203809261322,0.28805235028266907,,,,
56.3332633972168,55,2.4100754261016846,30.82235336303711,34.86226272583008,-0.7297378182411194,0.02094833180308342,40823,,,,,,,,,,,26.35161781311035,25.75916290283203,0.2784014046192169,0.2885717749595642
,56,,,,,,41552,56.614200592041016,2.2798526287078857,30.731101989746094,34.71723937988281,-0.7306652665138245,0.02124096266925335,25.822158813476562,25.275264739990234,0.2784661650657654,0.2907806634902954,,,,
56.529788970947266,56,2.3646700382232666,30.797908782958984,34.831382751464844,-0.7303979992866516,0.021022146567702293,41552,,,,,,,,,,,26.219457626342773,25.581478118896484,0.27940893173217773,0.29081591963768005
,57,,,,,,42281,56.41514205932617,2.2584216594696045,30.77157974243164,34.68882751464844,-0.7306816577911377,0.021614352241158485,26.12801742553711,25.732830047607422,0.2732356786727905,0.28436821699142456,,,,
56.49559783935547,57,2.5245604515075684,30.769060134887695,34.85973358154297,-0.7313870787620544,0.02139989286661148,42281,,,,,,,,,,,26.13538932800293,25.594289779663086,0.2779785692691803,0.28770291805267334
,58,,,,,,43010,56.297950744628906,2.3249850273132324,30.667749404907227,34.690673828125,-0.7336563467979431,0.022170938551425934,26.058517456054688,25.366422653198242,0.2796262204647064,0.2924649715423584,,,,
56.13429260253906,58,2.4658777713775635,30.695114135742188,34.7733154296875,-0.7333362102508545,0.02171434834599495,43010,,,,,,,,,,,26.1204776763916,25.481351852416992,0.279497355222702,0.28955474495887756
,59,,,,,,43739,56.05777359008789,2.277195930480957,30.566347122192383,34.56893539428711,-0.7356835007667542,0.022417498752474785,25.86638641357422,25.256168365478516,0.2793659567832947,0.2934364974498749,,,,
56.1394157409668,59,2.2745301723480225,30.61083984375,34.63591003417969,-0.735840380191803,0.022243497893214226,43739,,,,,,,,,,,26.02487564086914,25.305166244506836,0.28311648964881897,0.2944486439228058
,60,,,,,,44468,55.895668029785156,2.267460346221924,30.569889068603516,34.573551177978516,-0.7357836961746216,0.022505076602101326,25.90542221069336,25.175216674804688,0.27987992763519287,0.2940991222858429,,,,
56.03056716918945,60,2.4129364490509033,30.564533233642578,34.665626525878906,-0.7373764514923096,0.022667190060019493,44468,,,,,,,,,,,26.01443862915039,25.325654983520508,0.2832433581352234,0.2956756055355072
,61,,,,,,45197,55.67987060546875,2.5177853107452393,30.46375846862793,34.60519027709961,-0.7364780306816101,0.022078854963183403,25.5439453125,24.846158981323242,0.28152596950531006,0.29498592019081116,,,,
55.674415588378906,61,2.2809479236602783,30.544645309448242,34.56843566894531,-0.7370015382766724,0.02237108163535595,45197,,,,,,,,,,,25.919384002685547,25.16577911376953,0.28228458762168884,0.29437655210494995
,62,,,,,,45926,56.261409759521484,2.6988346576690674,30.39769744873047,34.660892486572266,-0.7435604333877563,0.024187911301851273,25.692611694335938,25.053850173950195,0.2838881015777588,0.29887402057647705,,,,
55.9132080078125,62,2.422987699508667,30.503938674926758,34.62897872924805,-0.7412863969802856,0.02354467660188675,45926,,,,,,,,,,,25.952373504638672,25.261083602905273,0.2843869626522064,0.2983277142047882
,63,,,,,,46655,55.22590637207031,2.27634334564209,30.41193389892578,34.45909881591797,-0.7387551665306091,0.022748051211237907,25.762521743774414,24.9341983795166,0.2828853726387024,0.29891952872276306,,,,
55.76668167114258,63,2.4124743938446045,30.427955627441406,34.584110260009766,-0.7426218390464783,0.023602640256285667,46655,,,,,,,,,,,25.879087448120117,25.133054733276367,0.28792282938957214,0.30206355452537537
,64,,,,,,47384,54.8109245300293,2.536764144897461,30.39550018310547,34.53298568725586,-0.7361917495727539,0.021806802600622177,25.653244018554688,24.8612003326416,0.279134601354599,0.2946847975254059,,,,
54.998321533203125,64,2.1979503631591797,30.42886734008789,34.42865753173828,-0.7398971319198608,0.02287440188229084,47384,,,,,,,,,,,26.038972854614258,25.20813751220703,0.2826883792877197,0.2974700927734375
,65,,,,,,48113,55.014122009277344,2.2859911918640137,30.420555114746094,34.42975997924805,-0.7373807430267334,0.02231542021036148,25.683740615844727,24.831472396850586,0.2789289057254791,0.29431116580963135,,,,
54.940067291259766,65,2.2615339756011963,30.455238342285156,34.49577331542969,-0.7372634410858154,0.021991532295942307,48113,,,,,,,,,,,25.75040626525879,24.83119010925293,0.2837766408920288,0.29817745089530945
,66,,,,,,48842,54.94572448730469,2.4855597019195557,30.322622299194336,34.44249725341797,-0.7402236461639404,0.022788042202591896,25.225387573242188,24.409883499145508,0.2796005606651306,0.29581403732299805,,,,
54.92285919189453,66,2.492837429046631,30.436677932739258,34.56776809692383,-0.7390651702880859,0.02257475070655346,48842,,,,,,,,,,,25.785634994506836,24.865100860595703,0.281261146068573,0.29566019773483276
,67,,,,,,49571,55.47494125366211,2.223676919937134,30.418716430664062,34.36237716674805,-0.7393766045570374,0.022908654063940048,25.69422721862793,25.048303604125977,0.2754286825656891,0.29093459248542786,,,,
55.205902099609375,67,2.242230176925659,30.404558181762695,34.395992279052734,-0.7401984930038452,0.022754225879907608,49571,,,,,,,,,,,25.748666763305664,24.959548950195312,0.279900461435318,0.2941684126853943
,68,,,,,,50300,55.61640930175781,2.2007341384887695,30.38248634338379,34.30011749267578,-0.7381942272186279,0.022196562960743904,25.22898292541504,24.484365463256836,0.2741646468639374,0.28928616642951965,,,,
55.50923538208008,68,2.2813076972961426,30.41779327392578,34.412384033203125,-0.7391744256019592,0.022436711937189102,50300,,,,,,,,,,,25.594951629638672,24.896284103393555,0.2793257534503937,0.29147034883499146
,69,,,,,,51029,55.86490249633789,2.365002155303955,30.364234924316406,34.342689514160156,-0.7389475703239441,0.02230202779173851,25.356950759887695,24.61791229248047,0.2718522846698761,0.2873336374759674,,,,
55.666812896728516,69,2.1975839138031006,30.408830642700195,34.36391067504883,-0.7395810484886169,0.022327208891510963,51029,,,,,,,,,,,25.447006225585938,24.664457321166992,0.27827975153923035,0.2929713726043701
,70,,,,,,51758,55.61540222167969,2.2269134521484375,30.349672317504883,34.27077102661133,-0.7401267886161804,0.022791504859924316,25.414413452148438,24.69808006286621,0.2730245888233185,0.2885057032108307,,,,
55.70962142944336,70,2.3402018547058105,30.42367935180664,34.42249298095703,-0.7391683459281921,0.022330716252326965,51758,,,,,,,,,,,25.60140609741211,24.849895477294922,0.2765399217605591,0.2892022430896759
,71,,,,,,52487,55.58430480957031,2.1953678131103516,30.432601928710938,34.298553466796875,-0.7389960885047913,0.02281380072236061,25.731975555419922,25.07640838623047,0.26896899938583374,0.28468185663223267,,,,
55.49492645263672,71,2.3509254455566406,30.41111183166504,34.38728713989258,-0.7401519417762756,0.02271150052547455,52487,,,,,,,,,,,25.78885269165039,25.135862350463867,0.27422231435775757,0.28591278195381165
,72,,,,,,53216,54.80465316772461,2.172868490219116,30.36619758605957,34.214168548583984,-0.7380780577659607,0.022230317816138268,25.07906723022461,24.442197799682617,0.26855847239494324,0.2837464511394501,,,,
55.5462760925293,72,2.241753339767456,30.4323787689209,34.34778594970703,-0.7394219636917114,0.022426439449191093,53216,,,,,,,,,,,25.582239151000977,24.984333038330078,0.2724098265171051,0.28649622201919556
,73,,,,,,53945,54.231292724609375,2.0738439559936523,30.328327178955078,34.1472053527832,-0.7384624481201172,0.022314757108688354,24.837621688842773,24.230379104614258,0.2701828181743622,0.2862055003643036,,,,
54.81282424926758,73,2.1924779415130615,30.403451919555664,34.303138732910156,-0.7387524247169495,0.02213158831000328,53945,,,,,,,,,,,25.164276123046875,24.572162628173828,0.27368444204330444,0.2870066463947296
,74,,,,,,54674,54.446876525878906,2.169300079345703,30.323549270629883,34.177608489990234,-0.7384145259857178,0.022073112428188324,24.818384170532227,24.33767318725586,0.26997771859169006,0.2839062213897705,,,,
54.376529693603516,74,2.084890127182007,30.361522674560547,34.21517562866211,-0.7393707036972046,0.02216169983148575,54674,,,,,,,,,,,25.051502227783203,24.547771453857422,0.27477192878723145,0.2874749004840851
,75,,,,,,55403,53.884925842285156,2.3707640171051025,30.176685333251953,34.200401306152344,-0.7397095561027527,0.021881069988012314,24.40711212158203,23.82958221435547,0.2761630415916443,0.29150599241256714,,,,
54.55645751953125,75,2.260129690170288,30.360679626464844,34.275028228759766,-0.739481508731842,0.022263580933213234,55403,,,,,,,,,,,25.2105655670166,24.695072174072266,0.27350151538848877,0.28335773944854736
,76,,,,,,56132,53.72964096069336,2.0108046531677246,30.194622039794922,34.0098876953125,-0.7411372661590576,0.022657694295048714,24.694746017456055,24.218122482299805,0.27394044399261475,0.28803351521492004,,,,
53.6141357421875,76,2.2042651176452637,30.236610412597656,34.16341781616211,-0.7409235239028931,0.022318216040730476,56132,,,,,,,,,,,24.912857055664062,24.278213500976562,0.2761242985725403,0.28881150484085083
,77,,,,,,56861,52.72141647338867,2.036724805831909,30.079586029052734,33.90559005737305,-0.7421519160270691,0.02261175587773323,24.625131607055664,24.13330841064453,0.2743031680583954,0.28722673654556274,,,,
53.168819427490234,77,2.0590553283691406,30.135356903076172,33.997772216796875,-0.7429604530334473,0.022535011172294617,56861,,,,,,,,,,,24.800119400024414,24.25102424621582,0.27744895219802856,0.28913235664367676
,78,,,,,,57590,52.59618377685547,2.2675697803497314,30.089447021484375,34.04649353027344,-0.7433585524559021,0.023109156638383865,24.76732063293457,24.24635124206543,0.2747548222541809,0.28990375995635986,,,,
52.862281799316406,78,2.2192702293395996,30.07932472229004,34.01729965209961,-0.7432733178138733,0.022569287568330765,57590,,,,,,,,,,,24.740888595581055,24.188247680664062,0.27645036578178406,0.2892210781574249
,79,,,,,,58319,51.93971252441406,2.065028190612793,29.891014099121094,33.73603057861328,-0.7439684867858887,0.02244524098932743,24.25752830505371,23.651782989501953,0.27404940128326416,0.2884465754032135,,,,
52.4515495300293,79,2.043637990951538,29.998205184936523,33.85667419433594,-0.7436760663986206,0.02240385301411152,58319,,,,,,,,,,,24.556133270263672,23.965911865234375,0.27791309356689453,0.289414644241333
,80,,,,,,59048,52.08964157104492,1.9749466180801392,29.84962272644043,33.6358528137207,-0.7458120584487915,0.022953467443585396,24.326183319091797,23.736186981201172,0.2725759744644165,0.28717395663261414,,,,
52.2216796875,80,2.105544328689575,29.95248031616211,33.83788299560547,-0.7454265356063843,0.022731730714440346,59048,,,,,,,,,,,24.53187370300293,23.9101619720459,0.27696219086647034,0.28956714272499084
,81,,,,,,59777,52.59905242919922,1.9755252599716187,29.84218978881836,33.6788330078125,-0.7470778226852417,0.02314388006925583,24.1558780670166,23.53644561767578,0.27825912833213806,0.2915162444114685,,,,
52.71794891357422,81,2.0523130893707275,29.895998001098633,33.77168655395508,-0.7456679344177246,0.02251324988901615,59777,,,,,,,,,,,24.245262145996094,23.62984848022461,0.2788717448711395,0.29103589057922363
,82,,,,,,60506,52.31807327270508,2.07987380027771,29.638647079467773,33.52471923828125,-0.7489575147628784,0.022780776023864746,23.8813419342041,23.351247787475586,0.2789285182952881,0.2902933657169342,,,,
52.56768035888672,82,2.024048328399658,29.790422439575195,33.66755676269531,-0.7487390041351318,0.0230400413274765,60506,,,,,,,,,,,24.217912673950195,23.660709381103516,0.28044408559799194,0.29257866740226746
,83,,,,,,61235,51.78035354614258,1.9077351093292236,29.601417541503906,33.383541107177734,-0.7486854791641235,0.02276313491165638,23.736186981201172,23.224626541137695,0.27735990285873413,0.2882862985134125,,,,
52.31413650512695,83,1.9105541706085205,29.728425979614258,33.51953887939453,-0.7492371797561646,0.022897085174918175,61235,,,,,,,,,,,24.144060134887695,23.63192367553711,0.27861085534095764,0.288562148809433
,84,,,,,,61964,51.121971130371094,1.9246703386306763,29.661558151245117,33.37339782714844,-0.7455370426177979,0.022267375141382217,23.782447814941406,23.31216812133789,0.2703312039375305,0.27956974506378174,,,,
51.724945068359375,84,1.9526365995407104,29.69588851928711,33.48590087890625,-0.7476369142532349,0.02241341769695282,61964,,,,,,,,,,,23.928308486938477,23.43702507019043,0.27674600481987,0.2859932482242584
,85,,,,,,62693,50.90318298339844,1.9113540649414062,29.56222152709961,33.289390563964844,-0.7484562397003174,0.022715730592608452,23.77153778076172,23.30611801147461,0.27300071716308594,0.2812976837158203,,,,
51.105594635009766,85,1.9466841220855713,29.65669059753418,33.44417190551758,-0.7480477690696716,0.022391555830836296,62693,,,,,,,,,,,23.825077056884766,23.338720321655273,0.2775161862373352,0.28531405329704285
,86,,,,,,63422,51.07017517089844,1.8555248975753784,29.54813575744629,33.228546142578125,-0.7479435205459595,0.022605737671256065,23.553775787353516,23.130346298217773,0.27105993032455444,0.279470831155777,,,,
51.145263671875,86,1.9321132898330688,29.599449157714844,33.384822845458984,-0.7487572431564331,0.02245829440653324,63422,,,,,,,,,,,23.646652221679688,23.222131729125977,0.2779068350791931,0.2859618067741394
,87,,,,,,64151,50.68598175048828,1.8340591192245483,29.46236228942871,33.15423583984375,-0.7495889067649841,0.022738082334399223,23.49482536315918,23.122833251953125,0.27413639426231384,0.28083425760269165,,,,
50.88554000854492,87,1.951684832572937,29.54448699951172,33.320396423339844,-0.7493199110031128,0.022534752264618874,64151,,,,,,,,,,,23.638973236083984,23.19906997680664,0.27686697244644165,0.28314846754074097
,88,,,,,,64880,50.76699447631836,1.8238381147384644,29.340984344482422,33.03373336791992,-0.7518624663352966,0.02290930412709713,23.320209503173828,22.97981834411621,0.2753709554672241,0.28079938888549805,,,,
50.8895263671875,88,1.974604845046997,29.461965560913086,33.26542282104492,-0.7515609264373779,0.022830713540315628,64880,,,,,,,,,,,23.503223419189453,23.146333694458008,0.2786172926425934,0.2846064865589142
,89,,,,,,65609,50.170936584472656,2.0654520988464355,29.257892608642578,33.04707336425781,-0.7522038817405701,0.02276524528861046,23.1965274810791,22.870868682861328,0.27428093552589417,0.27701616287231445,,,,
50.72671890258789,89,1.877590537071228,29.36705780029297,33.124629974365234,-0.7528818249702454,0.02294415608048439,65609,,,,,,,,,,,23.368244171142578,23.023605346679688,0.27922049164772034,0.2845347821712494
,90,,,,,,66338,50.26548767089844,1.8350778818130493,29.235244750976562,32.912742614746094,-0.7521976828575134,0.022792410105466843,22.928451538085938,22.632587432861328,0.2738907039165497,0.27810439467430115,,,,
50.48745346069336,90,1.9779101610183716,29.33335304260254,33.12267303466797,-0.7525945901870728,0.02277299202978611,66338,,,,,,,,,,,23.22419548034668,22.889450073242188,0.277927041053772,0.282146155834198
,91,,,,,,67067,49.54665756225586,1.8427557945251465,29.14676284790039,32.83079147338867,-0.7535899877548218,0.022978508844971657,22.93385887145996,22.63198471069336,0.2751622796058655,0.2773692309856415,,,,
50.3946533203125,91,1.9621107578277588,29.27811050415039,33.06681442260742,-0.75306636095047,0.022703491151332855,67067,,,,,,,,,,,23.05754280090332,22.713457107543945,0.27914878726005554,0.2823871970176697
,92,,,,,,67796,50.447452545166016,1.7999297380447388,29.100257873535156,32.781185150146484,-0.7552104592323303,0.02306581288576126,22.713823318481445,22.53159523010254,0.278110146522522,0.2780897319316864,,,,
50.149269104003906,92,1.854652762413025,29.199947357177734,32.93516159057617,-0.7549057602882385,0.023042140528559685,67796,,,,,,,,,,,23.00578498840332,22.704469680786133,0.28053271770477295,0.28104764223098755
,93,,,,,,68525,50.84383773803711,1.74399995803833,29.103923797607422,32.70161437988281,-0.7556026577949524,0.02324405126273632,22.817895889282227,22.53512954711914,0.27240118384361267,0.27273812890052795,,,,
51.05827331542969,93,1.937563419342041,29.172353744506836,32.95195388793945,-0.7558859586715698,0.02302699349820614,68525,,,,,,,,,,,22.842262268066406,22.61684226989746,0.2805776000022888,0.28158465027809143
,94,,,,,,69254,50.992740631103516,1.737481951713562,29.064022064208984,32.688655853271484,-0.7563853859901428,0.02319667488336563,22.623390197753906,22.462657928466797,0.27655354142189026,0.2746218740940094,,,,
51.132171630859375,94,1.8930160999298096,29.12474822998047,32.8683967590332,-0.7569409012794495,0.02312992326915264,69254,,,,,,,,,,,22.792570114135742,22.572818756103516,0.2801772356033325,0.27924880385398865
,95,,,,,,69983,50.44495391845703,1.7115614414215088,28.98532485961914,32.62113952636719,-0.7574016451835632,0.02333623170852661,22.481632232666016,22.268489837646484,0.28034132719039917,0.27566197514533997,,,,
50.94324493408203,95,1.766528844833374,29.058420181274414,32.75115203857422,-0.7576934695243835,0.023232324048876762,69983,,,,,,,,,,,22.677448272705078,22.45306396484375,0.28180620074272156,0.2800886332988739
,96,,,,,,70712,50.616416931152344,1.7441803216934204,28.964664459228516,32.5560302734375,-0.7595966458320618,0.02401275746524334,22.714187622070312,22.55057144165039,0.27410855889320374,0.26974624395370483,,,,
50.71111297607422,96,1.8449046611785889,29.025293350219727,32.73704528808594,-0.7592088580131531,0.02361871674656868,70712,,,,,,,,,,,22.757404327392578,22.51237678527832,0.2811025381088257,0.2767636775970459
,97,,,,,,71441,51.673561096191406,2.0364816188812256,28.9931697845459,32.72825241088867,-0.7599573731422424,0.024148480966687202,22.640933990478516,22.568164825439453,0.2737584710121155,0.2696090042591095,,,,
50.94163513183594,97,1.8673548698425293,28.980613708496094,32.68427658081055,-0.7608382701873779,0.023964565247297287,71441,,,,,,,,,,,22.741430282592773,22.56378173828125,0.27954933047294617,0.27444398403167725
,98,,,,,,72170,52.09303283691406,1.6827656030654907,28.896488189697266,32.44960021972656,-0.7615090012550354,0.024108625948429108,22.481067657470703,22.417158126831055,0.274340957403183,0.2680043578147888,,,,
51.85995101928711,98,1.746371865272522,28.940439224243164,32.58878707885742,-0.7618265748023987,0.024006009101867676,72170,,,,,,,,,,,22.567773818969727,22.45397186279297,0.280402809381485,0.2746274471282959
,99,,,,,,72899,52.77937698364258,1.736288070678711,28.90680503845215,32.45287322998047,-0.7621190547943115,0.02426517754793167,22.633460998535156,22.4827880859375,0.271555095911026,0.26402559876441956,,,,
52.44804763793945,99,1.9192349910736084,28.94477653503418,32.63739013671875,-0.7630345821380615,0.024281326681375504,72899,,,,,,,,,,,22.741226196289062,22.59259033203125,0.27575796842575073,0.2708433270454407
,100,,,,,,73628,51.76277542114258,1.7316840887069702,28.83377456665039,32.3790397644043,-0.7634469866752625,0.02456584945321083,22.55455207824707,22.383956909179688,0.27114176750183105,0.2647469937801361,,,,
52.40882873535156,100,1.8722156286239624,28.90106964111328,32.576255798339844,-0.7637324929237366,0.024319393560290337,73628,,,,,,,,,,,22.659900665283203,22.480100631713867,0.2771146297454834,0.27069535851478577
,101,,,,,,74357,52.0720100402832,1.728154182434082,28.84617042541504,32.35169219970703,-0.7635360360145569,0.02464812994003296,22.787492752075195,22.653717041015625,0.2668724060058594,0.2614116668701172,,,,
52.0082893371582,101,1.7651159763336182,28.857816696166992,32.461631774902344,-0.7643902897834778,0.024579213932156563,74357,,,,,,,,,,,22.69290542602539,22.447998046875,0.2752242982387543,0.2690236568450928
,102,,,,,,75086,51.8605842590332,1.71553635597229,28.8266658782959,32.311302185058594,-0.7632707953453064,0.024588629603385925,22.67975425720215,22.539783477783203,0.2653823494911194,0.25999271869659424,,,,
52.3422737121582,102,1.7720729112625122,28.8377685546875,32.41923141479492,-0.7647036910057068,0.024411793798208237,75086,,,,,,,,,,,22.7324161529541,22.59340476989746,0.2734730541706085,0.2656165361404419
,103,,,,,,75815,51.9525032043457,1.7311878204345703,28.75782585144043,32.24680709838867,-0.7652159929275513,0.024925854057073593,22.56878662109375,22.512409210205078,0.26558613777160645,0.2590886056423187,,,,
51.97300338745117,103,1.9036887884140015,28.79289436340332,32.43070983886719,-0.7652928233146667,0.02458639070391655,75815,,,,,,,,,,,22.641368865966797,22.54427146911621,0.271555095911026,0.26563209295272827
,104,,,,,,76544,51.352821350097656,1.7609848976135254,28.792264938354492,32.26261901855469,-0.76482093334198,0.025108056142926216,22.71139144897461,22.667802810668945,0.2609710991382599,0.2569975256919861,,,,
51.461639404296875,104,1.7997745275497437,28.78139305114746,32.35171890258789,-0.7654832601547241,0.02466771937906742,76544,,,,,,,,,,,22.708667755126953,22.545791625976562,0.270234614610672,0.26385384798049927
,105,,,,,,77273,51.75709533691406,1.6765722036361694,28.725122451782227,32.16200637817383,-0.7653290629386902,0.024917205795645714,22.573043823242188,22.502132415771484,0.2614262104034424,0.2582921087741852,,,,
51.54149627685547,105,1.8553694486618042,28.76622772216797,32.3536376953125,-0.7657261490821838,0.024710986763238907,77273,,,,,,,,,,,22.623960494995117,22.522897720336914,0.2680170238018036,0.26393043994903564
,106,,,,,,78002,53.26095962524414,2.4139909744262695,28.807050704956055,32.611995697021484,-0.7656760811805725,0.02509535290300846,22.481496810913086,22.56395721435547,0.2610550820827484,0.25853490829467773,,,,
52.24576187133789,106,1.8485833406448364,28.731653213500977,32.312870025634766,-0.7664533853530884,0.024692194536328316,78002,,,,,,,,,,,22.53312110900879,22.470714569091797,0.2683230936527252,0.26306456327438354
,107,,,,,,78731,52.72343063354492,1.7112482786178589,28.678895950317383,32.10297393798828,-0.7672216892242432,0.02509387955069542,22.548402786254883,22.491214752197266,0.25767025351524353,0.2560187876224518,,,,
53.0081672668457,107,1.8140802383422852,28.710594177246094,32.26327133178711,-0.7682952880859375,0.025069817900657654,78731,,,,,,,,,,,22.56141471862793,22.487871170043945,0.26574328541755676,0.26338401436805725
,108,,,,,,79460,52.71201705932617,2.394512414932251,28.568742752075195,32.33858108520508,-0.7676467895507812,0.024795446544885635,22.51675796508789,22.455896377563477,0.25882411003112793,0.2556891441345215,,,,
52.95103454589844,108,1.960417628288269,28.692508697509766,32.289817810058594,-0.7686029076576233,0.025142015889286995,79460,,,,,,,,,,,22.653396606445312,22.57099723815918,0.2636703848838806,0.25974804162979126
,109,,,,,,80189,52.963104248046875,1.7427881956100464,28.654232025146484,32.0639762878418,-0.7688428163528442,0.02544238418340683,22.633838653564453,22.592464447021484,0.25387343764305115,0.2537955641746521,,,,
53.936641693115234,109,1.808882236480713,28.682865142822266,32.19377899169922,-0.7691569328308105,0.025165827944874763,80189,,,,,,,,,,,22.619157791137695,22.5915584564209,0.26192253828048706,0.2593689560890198
,110,,,,,,80918,52.85720443725586,2.016249418258667,28.71800422668457,32.248291015625,-0.7692710757255554,0.025740787386894226,22.637563705444336,22.711496353149414,0.2523321509361267,0.25209707021713257,,,,
53.30913162231445,110,1.962600588798523,28.66025161743164,32.24394989013672,-0.7701748609542847,0.025545893236994743,80918,,,,,,,,,,,22.630937576293945,22.58730697631836,0.2608318030834198,0.25964775681495667
,111,,,,,,81647,52.38951110839844,1.7569606304168701,28.625768661499023,32.01387023925781,-0.7690507173538208,0.02541419491171837,22.612258911132812,22.647279739379883,0.2505858242511749,0.2513302266597748,,,,
52.41437911987305,111,1.8121603727340698,28.63671875,32.126895904541016,-0.7704875469207764,0.025522666051983833,81647,,,,,,,,,,,22.593992233276367,22.60202980041504,0.2587026059627533,0.2581186294555664
,112,,,,,,82376,52.99272918701172,1.8295472860336304,28.653339385986328,32.06943893432617,-0.7692258954048157,0.02560119517147541,22.606950759887695,22.672637939453125,0.25017011165618896,0.2500872313976288,,,,
52.640140533447266,112,1.8412463665008545,28.63105583190918,32.11510467529297,-0.770725429058075,0.025438645854592323,82376,,,,,,,,,,,22.657411575317383,22.676666259765625,0.25660017132759094,0.25607994198799133
,113,,,,,,83105,53.99726867675781,2.061347246170044,28.66172981262207,32.19462203979492,-0.7708262205123901,0.02590624801814556,22.504732131958008,22.65172004699707,0.25011566281318665,0.25032779574394226,,,,
52.77767562866211,113,1.7830768823623657,28.603044509887695,32.06987762451172,-0.7711216807365417,0.025547252967953682,83105,,,,,,,,,,,22.5118465423584,22.574541091918945,0.2583516240119934,0.2567043900489807
,114,,,,,,83834,53.65689468383789,2.024951457977295,28.636180877685547,32.13113021850586,-0.7705085873603821,0.02569752000272274,22.527284622192383,22.701799392700195,0.2476920187473297,0.2488049566745758,,,,
53.49815368652344,114,1.8157236576080322,28.580934524536133,32.02931594848633,-0.7718158960342407,0.025479838252067566,83834,,,,,,,,,,,22.497987747192383,22.624361038208008,0.25459980964660645,0.2535037100315094
,115,,,,,,84563,52.91415786743164,1.9959630966186523,28.618453979492188,32.10771942138672,-0.7712043523788452,0.025986051186919212,22.47755241394043,22.674652099609375,0.24868786334991455,0.2495698481798172,,,,
52.85630798339844,115,1.944106936454773,28.550430297851562,32.08241653442383,-0.7723636031150818,0.025657741352915764,84563,,,,,,,,,,,22.437559127807617,22.58884620666504,0.2564951479434967,0.2554941773414612
,116,,,,,,85292,54.12902069091797,1.9301518201828003,28.601089477539062,32.05424880981445,-0.77125084400177,0.025821179151535034,22.373010635375977,22.59372329711914,0.2473062425851822,0.2503048777580261,,,,
52.887840270996094,116,1.8654690980911255,28.533124923706055,32.01798629760742,-0.7727702260017395,0.02572835050523281,85292,,,,,,,,,,,22.38755989074707,22.527769088745117,0.25524088740348816,0.2551848292350769
,117,,,,,,86021,52.704368591308594,1.771332025527954,28.478290557861328,31.848596572875977,-0.7711025476455688,0.02537814900279045,22.28241539001465,22.439807891845703,0.24770185351371765,0.24922454357147217,,,,
53.42057800292969,117,1.8134950399398804,28.530208587646484,31.973770141601562,-0.7726836800575256,0.025650523602962494,86021,,,,,,,,,,,22.358238220214844,22.53069305419922,0.25275471806526184,0.2546089291572571
,118,,,,,,86750,52.73898696899414,1.960356593132019,28.581153869628906,32.02730178833008,-0.771159827709198,0.025759071111679077,22.348735809326172,22.495996475219727,0.24482755362987518,0.24836991727352142,,,,
52.39046859741211,118,1.848914623260498,28.504819869995117,31.964637756347656,-0.7722428441047668,0.025486357510089874,86750,,,,,,,,,,,22.36130142211914,22.419275283813477,0.25282588601112366,0.2542460262775421
,119,,,,,,87479,52.710121154785156,1.6932204961776733,28.49794578552246,31.78399658203125,-0.7711349725723267,0.025402402505278587,22.397375106811523,22.469648361206055,0.24175144731998444,0.24613544344902039,,,,
52.798274993896484,119,1.8240774869918823,28.508272171020508,31.940858840942383,-0.772487461566925,0.025528118014335632,87479,,,,,,,,,,,22.330766677856445,22.439443588256836,0.2510686218738556,0.25304484367370605
,120,,,,,,88208,52.30317687988281,1.7699834108352661,28.435489654541016,31.794010162353516,-0.7717477083206177,0.025471732020378113,22.27407455444336,22.258365631103516,0.24556280672550201,0.24915100634098053,,,,
52.59373092651367,120,1.8280768394470215,28.48140525817871,31.923229217529297,-0.7727298140525818,0.025600584223866463,88208,,,,,,,,,,,22.329158782958984,22.350433349609375,0.2522082030773163,0.25334903597831726
,121,,,,,,88937,52.40043258666992,1.7199537754058838,28.441707611083984,31.741334915161133,-0.7734295725822449,0.025914033874869347,22.378597259521484,22.42369842529297,0.24254101514816284,0.24539081752300262,,,,
52.650794982910156,121,1.773264765739441,28.448720932006836,31.84605598449707,-0.7739976048469543,0.025619875639677048,88937,,,,,,,,,,,22.282062530517578,22.34575843811035,0.24982866644859314,0.25231385231018066
,122,,,,,,89666,52.576629638671875,2.0042307376861572,28.35503578186035,31.775100708007812,-0.7740945219993591,0.02568790689110756,22.445388793945312,22.351354598999023,0.24039216339588165,0.24320249259471893,,,,
53.02043151855469,122,1.7364577054977417,28.420679092407227,31.786727905273438,-0.7749215960502625,0.02585832215845585,89666,,,,,,,,,,,22.392839431762695,22.339162826538086,0.24913272261619568,0.2504352927207947
,123,,,,,,90395,52.22230911254883,1.7324538230895996,28.40824317932129,31.693866729736328,-0.77308189868927,0.025751503184437752,22.413862228393555,22.370973587036133,0.24050642549991608,0.24337615072727203,,,,
52.70443344116211,123,1.848642349243164,28.41303062438965,31.816844940185547,-0.7755419015884399,0.026138460263609886,90395,,,,,,,,,,,22.440540313720703,22.377378463745117,0.2461579293012619,0.24974840879440308
,124,,,,,,91124,52.1580810546875,1.8089109659194946,28.42510414123535,31.72458267211914,-0.7744028568267822,0.02618737891316414,22.551498413085938,22.473583221435547,0.23677369952201843,0.24223731458187103,,,,
52.52775573730469,124,1.9088400602340698,28.391098022460938,31.822101593017578,-0.7753927111625671,0.025875510647892952,91124,,,,,,,,,,,22.402591705322266,22.337657928466797,0.24641430377960205,0.24890047311782837
,125,,,,,,91853,52.82490539550781,1.748268723487854,28.367156982421875,31.642566680908203,-0.7747264504432678,0.026076871901750565,22.412334442138672,22.266578674316406,0.23750290274620056,0.2427460104227066,,,,
52.22184753417969,125,1.789429783821106,28.37946319580078,31.73769760131836,-0.7752522826194763,0.025890236720442772,91853,,,,,,,,,,,22.44915199279785,22.339689254760742,0.243893563747406,0.2488163858652115
,126,,,,,,92582,52.66468811035156,1.7278152704238892,28.3448543548584,31.607280731201172,-0.7752062678337097,0.0258554145693779,22.44523048400879,22.3089656829834,0.2381720393896103,0.24153734743595123,,,,
52.90061950683594,126,1.7812349796295166,28.34352684020996,31.71330451965332,-0.7765010595321655,0.026004619896411896,92582,,,,,,,,,,,22.39120101928711,22.269428253173828,0.24592801928520203,0.2499072253704071
,127,,,,,,93311,51.90909957885742,1.7513821125030518,28.26658058166504,31.564512252807617,-0.7767320275306702,0.02635093592107296,22.381813049316406,22.158382415771484,0.24002771079540253,0.2444150596857071,,,,
52.15736389160156,127,1.8915950059890747,28.30327033996582,31.724550247192383,-0.7776048183441162,0.026224609464406967,93311,,,,,,,,,,,22.399354934692383,22.219364166259766,0.24587272107601166,0.24922612309455872
,128,,,,,,94040,52.46931076049805,1.7223409414291382,28.25664520263672,31.523149490356445,-0.7765043377876282,0.02623024396598339,22.30396270751953,22.130434036254883,0.2384372055530548,0.24263039231300354,,,,
52.31659698486328,128,1.891059160232544,28.286026000976562,31.699146270751953,-0.77724289894104,0.026123739778995514,94040,,,,,,,,,,,22.389591217041016,22.177703857421875,0.24454687535762787,0.24897076189517975
,129,,,,,,94769,51.904266357421875,1.7360783815383911,28.244884490966797,31.49538803100586,-0.7760563492774963,0.02613755874335766,22.280202865600586,22.077672958374023,0.23603087663650513,0.240457683801651,,,,
52.202884674072266,129,1.828140377998352,28.25311279296875,31.632320404052734,-0.7776827812194824,0.026332778856158257,94769,,,,,,,,,,,22.287445068359375,22.13144302368164,0.24436426162719727,0.2486623227596283
,130,,,,,,95498,52.40885543823242,1.717224359512329,28.246063232421875,31.496503829956055,-0.7773525714874268,0.026514947414398193,22.2232723236084,22.08768653869629,0.23736898601055145,0.24100041389465332,,,,
52.01100540161133,130,1.8171476125717163,28.23674964904785,31.60207748413086,-0.7781001925468445,0.026411352679133415,95498,,,,,,,,,,,22.190597534179688,22.082515716552734,0.24381916224956512,0.24753034114837646
,131,,,,,,96227,52.46110916137695,1.7264991998672485,28.245988845825195,31.462472915649414,-0.7773272395133972,0.02646942436695099,22.349355697631836,22.212615966796875,0.23313957452774048,0.23750199377536774,,,,
52.128841400146484,131,1.8571386337280273,28.23458480834961,31.607763290405273,-0.778247594833374,0.02638254500925541,96227,,,,,,,,,,,22.298934936523438,22.20442771911621,0.24278344213962555,0.246137335896492
,132,,,,,,96956,52.838253021240234,1.8500301837921143,28.257797241210938,31.537662506103516,-0.7784413695335388,0.02673153020441532,22.435314178466797,22.28049659729004,0.23369404673576355,0.2372758835554123,,,,
52.20679473876953,132,1.7717376947402954,28.21285629272461,31.52989387512207,-0.7793706059455872,0.026529300957918167,96956,,,,,,,,,,,22.351696014404297,22.215932846069336,0.24079059064388275,0.24544166028499603
,133,,,,,,97685,52.178287506103516,1.7191733121871948,28.161169052124023,31.365745544433594,-0.7779113054275513,0.0262470506131649,22.386526107788086,22.16280174255371,0.23177440464496613,0.2372276932001114,,,,
52.9044075012207,133,1.8288235664367676,28.18931007385254,31.522424697875977,-0.7798375487327576,0.026551706716418266,97685,,,,,,,,,,,22.410945892333984,22.20453453063965,0.24056048691272736,0.24318087100982666
,134,,,,,,98414,52.231388092041016,1.6814255714416504,28.16683006286621,31.371932983398438,-0.7778852581977844,0.026279117912054062,22.150188446044922,21.864604949951172,0.23458349704742432,0.23829667270183563,,,,
52.47989273071289,134,1.811997652053833,28.16445541381836,31.51076316833496,-0.779478907585144,0.02643231861293316,98414,,,,,,,,,,,22.198625564575195,21.99504280090332,0.24206140637397766,0.24599610269069672
,135,,,,,,99143,51.79055404663086,1.6516039371490479,28.13101577758789,31.305601119995117,-0.7780548930168152,0.026303211227059364,22.123342514038086,21.802188873291016,0.23264957964420319,0.23711112141609192,,,,
51.75197219848633,135,1.7727645635604858,28.143566131591797,31.469036102294922,-0.7791200280189514,0.02626960352063179,99143,,,,,,,,,,,22.059158325195312,21.82689094543457,0.24190452694892883,0.24590478837490082
,136,,,,,,99872,52.54671859741211,1.7568565607070923,28.16811752319336,31.364290237426758,-0.7784758806228638,0.026359999552369118,22.318885803222656,22.08306121826172,0.22894427180290222,0.23460239171981812,,,,
51.92457580566406,136,1.7943955659866333,28.10725212097168,31.42853355407715,-0.7801071405410767,0.026314569637179375,99872,,,,,,,,,,,22.086889266967773,21.841773986816406,0.24064390361309052,0.2441738396883011
,137,,,,,,100601,52.31903076171875,1.720697045326233,28.10196304321289,31.281742095947266,-0.7791551947593689,0.0264008529484272,22.30293846130371,21.99650001525879,0.22931021451950073,0.23457930982112885,,,,
52.310550689697266,137,1.822251796722412,28.093244552612305,31.422019958496094,-0.7804929614067078,0.026396768167614937,100601,,,,,,,,,,,22.115785598754883,21.86110496520996,0.2399127036333084,0.2436131089925766
,138,,,,,,101330,50.99729537963867,2.016542434692383,27.955650329589844,31.289409637451172,-0.7803636789321899,0.02639785408973694,22.056346893310547,21.71578598022461,0.22899386286735535,0.23610694706439972,,,,
51.57035446166992,138,1.715487003326416,28.057950973510742,31.319639205932617,-0.7806910276412964,0.02649625763297081,101330,,,,,,,,,,,22.12014389038086,21.852249145507812,0.23838017880916595,0.24240081012248993
,139,,,,,,102059,51.77197265625,2.3160033226013184,28.13297462463379,31.60018539428711,-0.7797046303749084,0.02678050845861435,22.371015548706055,22.035228729248047,0.2274123579263687,0.23443427681922913,,,,
51.0529899597168,139,1.8361279964447021,28.011390686035156,31.329856872558594,-0.7808259725570679,0.02639961801469326,102059,,,,,,,,,,,22.093002319335938,21.771785736083984,0.23742014169692993,0.24265311658382416
,140,,,,,,102788,51.08167266845703,1.7771331071853638,27.92924690246582,31.131542205810547,-0.7820144891738892,0.026810776442289352,22.011281967163086,21.694448471069336,0.22845490276813507,0.2342989146709442,,,,
50.8116569519043,140,1.8611794710159302,27.99005889892578,31.300628662109375,-0.7822014689445496,0.02670402079820633,102788,,,,,,,,,,,22.117450714111328,21.871726989746094,0.23525148630142212,0.24074923992156982
,141,,,,,,103517,52.14296340942383,1.6597509384155273,27.975692749023438,31.075302124023438,-0.7810468077659607,0.02652900479733944,22.214771270751953,21.9235782623291,0.22367073595523834,0.2302817702293396,,,,
51.51153564453125,141,1.7943135499954224,27.97813606262207,31.24312400817871,-0.7830407023429871,0.02688690274953842,103517,,,,,,,,,,,22.146656036376953,21.950254440307617,0.23367662727832794,0.23989076912403107
,142,,,,,,104246,51.23130798339844,1.7048895359039307,27.96721649169922,31.097013473510742,-0.7817273736000061,0.026649342849850655,22.070024490356445,22.015470504760742,0.22177617251873016,0.2336883544921875,,,,
51.267276763916016,142,1.775508165359497,27.941940307617188,31.195045471191406,-0.7831887602806091,0.026757564395666122,104246,,,,,,,,,,,22.06029510498047,21.96605110168457,0.2331443727016449,0.23992480337619781
,143,,,,,,104975,50.47380065917969,1.7023749351501465,27.839462280273438,30.972537994384766,-0.7820816040039062,0.026513271033763885,21.878862380981445,21.75707244873047,0.22258053719997406,0.23379482328891754,,,,
50.72312927246094,143,1.8304176330566406,27.898128509521484,31.188720703125,-0.78360915184021,0.026731986552476883,104975,,,,,,,,,,,21.973308563232422,21.95975685119629,0.23241765797138214,0.2426595538854599
,144,,,,,,105704,50.51240539550781,1.8231621980667114,27.9075984954834,31.078699111938477,-0.7822301387786865,0.026939207687973976,22.0533504486084,21.922197341918945,0.22075483202934265,0.23114480078220367,,,,
50.55075454711914,144,1.94622802734375,27.852832794189453,31.1937313079834,-0.7840625047683716,0.026687931269407272,105704,,,,,,,,,,,21.845895767211914,21.79375457763672,0.23276884853839874,0.24078774452209473
,145,,,,,,106433,51.590274810791016,1.699122428894043,27.835208892822266,30.95572280883789,-0.7841836214065552,0.02685580402612686,21.85262107849121,21.688919067382812,0.22186534106731415,0.2323233038187027,,,,
50.36566162109375,145,1.7095110416412354,27.827953338623047,31.043672561645508,-0.7844551205635071,0.026849890127778053,106433,,,,,,,,,,,21.857263565063477,21.774354934692383,0.23120011389255524,0.24098517000675201
,146,,,,,,107162,50.84699630737305,1.794184684753418,27.83721160888672,30.975223541259766,-0.7841212153434753,0.02722577005624771,21.91092872619629,21.800586700439453,0.2173064649105072,0.2308807075023651,,,,
50.902488708496094,146,1.7837775945663452,27.789796829223633,31.038909912109375,-0.7866843938827515,0.027225345373153687,107162,,,,,,,,,,,21.854572296142578,21.782148361206055,0.23022431135177612,0.24121659994125366
,147,,,,,,107891,50.51970291137695,1.8921722173690796,27.8128719329834,31.00360107421875,-0.7833614349365234,0.02672397531569004,21.834070205688477,21.77680015563965,0.21712447702884674,0.23180367052555084,,,,
50.18844985961914,147,1.762786865234375,27.73175621032715,30.97099494934082,-0.7863163948059082,0.02711194008588791,107891,,,,,,,,,,,21.68414878845215,21.652206420898438,0.23088407516479492,0.24068787693977356
,148,,,,,,108620,50.904178619384766,1.9732383489608765,27.779695510864258,31.008718490600586,-0.7853138446807861,0.02713402360677719,21.955820083618164,21.848041534423828,0.21660631895065308,0.23187334835529327,,,,
50.1544189453125,148,1.6639963388442993,27.69924545288086,30.886457443237305,-0.786410391330719,0.02678259275853634,108620,,,,,,,,,,,21.621700286865234,21.591903686523438,0.22875657677650452,0.24228248000144958
,149,,,,,,109349,49.443084716796875,1.631192922592163,27.636119842529297,30.683330535888672,-0.785594642162323,0.027105063199996948,21.77234649658203,21.59658432006836,0.21562302112579346,0.23070651292800903,,,,
49.67448043823242,149,1.7441601753234863,27.660139083862305,30.86834716796875,-0.786818265914917,0.02705223485827446,109349,,,,,,,,,,,21.671066284179688,21.586288452148438,0.22730490565299988,0.2399241179227829
,150,,,,,,110078,50.27878189086914,1.6343799829483032,27.656108856201172,30.674970626831055,-0.7854548096656799,0.02685912884771824,21.642135620117188,21.59495735168457,0.2109995186328888,0.22933374345302582,,,,
49.71277618408203,150,1.746570348739624,27.655698776245117,30.84722137451172,-0.7864701747894287,0.0269146915525198,110078,,,,,,,,,,,21.688690185546875,21.612075805664062,0.2253018468618393,0.2383493036031723
,151,,,,,,110807,49.48484420776367,1.673353672027588,27.529434204101562,30.555591583251953,-0.7874616980552673,0.027053700760006905,21.667858123779297,21.650394439697266,0.20875492691993713,0.22914689779281616,,,,
49.633731842041016,151,1.7600046396255493,27.5909481048584,30.779916763305664,-0.787545919418335,0.02696504443883896,110807,,,,,,,,,,,21.696537017822266,21.65911293029785,0.22309617698192596,0.23869815468788147
,152,,,,,,111536,50.736656188964844,1.8653600215911865,27.57101058959961,30.68889808654785,-0.7893134355545044,0.027630077674984932,21.76225471496582,21.743534088134766,0.20789749920368195,0.22914016246795654,,,,
49.85159683227539,152,1.8531215190887451,27.520137786865234,30.754087448120117,-0.7893685102462769,0.027277491986751556,111536,,,,,,,,,,,21.629335403442383,21.62063980102539,0.22360140085220337,0.237881600856781
,153,,,,,,112265,49.595176696777344,1.6156798601150513,27.47641372680664,30.450345993041992,-0.7891774773597717,0.027464190497994423,21.501657485961914,21.626195907592773,0.20483750104904175,0.22837971150875092,,,,
49.456966400146484,153,1.7729884386062622,27.457670211791992,30.64174461364746,-0.7900015115737915,0.027143001556396484,112265,,,,,,,,,,,21.4487361907959,21.523605346679688,0.22019846737384796,0.2393149882555008
,154,,,,,,112994,49.43185806274414,1.662226915359497,27.450010299682617,30.43551254272461,-0.7893789410591125,0.027541523799300194,21.630823135375977,21.72218132019043,0.2035512775182724,0.22732678055763245,,,,
49.01211166381836,154,1.7269937992095947,27.42289161682129,30.57998275756836,-0.7903090715408325,0.027324624359607697,112994,,,,,,,,,,,21.460180282592773,21.585294723510742,0.21970561146736145,0.2390160858631134
,155,,,,,,113723,48.70195388793945,1.59122633934021,27.333375930786133,30.286657333374023,-0.7892681360244751,0.02702300250530243,21.35830307006836,21.373367309570312,0.20240873098373413,0.22912736237049103,,,,
48.699764251708984,155,1.7233015298843384,27.372419357299805,30.522294998168945,-0.7911698222160339,0.027430737391114235,113723,,,,,,,,,,,21.44019889831543,21.531558990478516,0.218286395072937,0.2393566370010376
,156,,,,,,114452,49.04544448852539,1.709295392036438,27.355722427368164,30.378707885742188,-0.7898404598236084,0.027298493310809135,21.401283264160156,21.3604679107666,0.20381854474544525,0.22984886169433594,,,,
48.440635681152344,156,1.753777027130127,27.349042892456055,30.514907836914062,-0.791299045085907,0.027441706508398056,114452,,,,,,,,,,,21.39559555053711,21.444656372070312,0.21926768124103546,0.23852720856666565
,157,,,,,,115181,48.98530960083008,1.5845953226089478,27.313766479492188,30.271116256713867,-0.790523111820221,0.02730649523437023,21.31905746459961,21.27301597595215,0.20428209006786346,0.22872671484947205,,,,
48.41358184814453,157,1.7127450704574585,27.277685165405273,30.428762435913086,-0.7928262948989868,0.027581803500652313,115181,,,,,,,,,,,21.322370529174805,21.332395553588867,0.22021058201789856,0.23873062431812286
,158,,,,,,115910,48.02674102783203,1.7492351531982422,27.16590118408203,30.216794967651367,-0.7928975820541382,0.027612008154392242,21.071317672729492,21.05133628845215,0.20354600250720978,0.2317071259021759,,,,
48.34706115722656,158,1.7108160257339478,27.28045082092285,30.420408248901367,-0.7926115989685059,0.027504539117217064,115910,,,,,,,,,,,21.24692153930664,21.261491775512695,0.21802590787410736,0.238887220621109
,159,,,,,,116639,48.48418045043945,1.831282138824463,27.275041580200195,30.354429244995117,-0.7926526665687561,0.027854520827531815,21.319133758544922,21.342090606689453,0.20262333750724792,0.23012186586856842,,,,
48.01341247558594,159,1.7398099899291992,27.216325759887695,30.378952026367188,-0.7940608263015747,0.027671871706843376,116639,,,,,,,,,,,21.136507034301758,21.146827697753906,0.21812251210212708,0.24042363464832306
,160,,,,,,117368,46.920040130615234,1.5716681480407715,27.14288330078125,30.112913131713867,-0.7923035621643066,0.02741296961903572,21.191816329956055,21.23975944519043,0.20486339926719666,0.2319776713848114,,,,
47.699249267578125,160,1.7377604246139526,27.17597198486328,30.3319149017334,-0.7943297028541565,0.027716049924492836,117368,,,,,,,,,,,21.070520401000977,21.11743927001953,0.21777623891830444,0.23963908851146698
,161,,,,,,118097,46.249534606933594,1.526211142539978,27.101125717163086,30.030534744262695,-0.7920445203781128,0.027437718585133553,20.978458404541016,21.040660858154297,0.20314621925354004,0.2301209270954132,,,,
46.69265365600586,161,1.6797178983688354,27.132848739624023,30.27297019958496,-0.7945222854614258,0.027731431648135185,118097,,,,,,,,,,,21.091808319091797,21.179628372192383,0.21883748471736908,0.24121348559856415
,162,,,,,,118826,47.07811737060547,1.67160165309906,27.161653518676758,30.13075065612793,-0.7923862338066101,0.027579016983509064,21.096935272216797,21.174137115478516,0.19901297986507416,0.22764647006988525,,,,
46.7003288269043,162,1.6443049907684326,27.12358283996582,30.2293758392334,-0.7938196063041687,0.027592716738581657,118826,,,,,,,,,,,20.999267578125,21.06745719909668,0.21806055307388306,0.23866790533065796
,163,,,,,,119555,46.683738708496094,1.6023237705230713,27.072494506835938,29.989917755126953,-0.7940579056739807,0.027773477137088776,21.03084373474121,21.04096794128418,0.19954396784305573,0.22371049225330353,,,,
46.81733322143555,163,1.6994718313217163,27.089296340942383,30.20243263244629,-0.7948130965232849,0.027667757123708725,119555,,,,,,,,,,,21.02906608581543,21.081432342529297,0.2158423662185669,0.23683787882328033
,164,,,,,,120284,45.812076568603516,1.6990242004394531,26.967639923095703,29.959667205810547,-0.795362114906311,0.027919355779886246,21.162364959716797,21.239734649658203,0.2043977826833725,0.22410288453102112,,,,
46.56761932373047,164,1.6840617656707764,27.048404693603516,30.138765335083008,-0.7957749366760254,0.027854783460497856,120284,,,,,,,,,,,21.039350509643555,21.088369369506836,0.21544772386550903,0.23421844840049744
,165,,,,,,121013,46.57664108276367,1.5852998495101929,27.010927200317383,29.877872467041016,-0.7958082556724548,0.02808188647031784,21.074005126953125,21.0747013092041,0.19784176349639893,0.21701784431934357,,,,
46.525081634521484,165,1.7247945070266724,27.000591278076172,30.11496925354004,-0.796563446521759,0.027889957651495934,121013,,,,,,,,,,,21.032485961914062,21.017126083374023,0.21732454001903534,0.23307378590106964
,166,,,,,,121742,46.028533935546875,1.5709960460662842,26.949283599853516,29.82890510559082,-0.7956340312957764,0.027812175452709198,21.178592681884766,21.234405517578125,0.19986756145954132,0.21894840896129608,,,,
46.27659606933594,166,1.6464592218399048,26.97959327697754,30.0260066986084,-0.7975557446479797,0.028011435642838478,121742,,,,,,,,,,,21.052640914916992,21.081329345703125,0.21425101161003113,0.23038673400878906
,167,,,,,,122471,45.7736701965332,1.5548075437545776,26.93794822692871,29.772048950195312,-0.7941593527793884,0.02736639231443405,21.0159912109375,21.05356788635254,0.1939355731010437,0.2174077033996582,,,,
46.29847717285156,167,1.5954214334487915,26.957611083984375,29.967500686645508,-0.797415018081665,0.028001418337225914,122471,,,,,,,,,,,20.99262237548828,21.069597244262695,0.21185852587223053,0.23057818412780762
,168,,,,,,123200,45.36330032348633,1.5414165258407593,26.91733169555664,29.725038528442383,-0.7965191602706909,0.028071101754903793,20.813915252685547,20.778722763061523,0.1911914348602295,0.21621209383010864,,,,
45.3955192565918,168,1.7213770151138306,26.930484771728516,30.01985740661621,-0.7971906065940857,0.027976742014288902,123200,,,,,,,,,,,20.88424301147461,20.923555374145508,0.21346472203731537,0.23227328062057495
,169,,,,,,123929,43.94919967651367,1.7260955572128296,26.792591094970703,29.706804275512695,-0.7961508631706238,0.027686482295393944,20.908079147338867,20.806575775146484,0.19470061361789703,0.21553099155426025,,,,
44.926902770996094,169,1.694433331489563,26.878061294555664,29.94428062438965,-0.7978916764259338,0.028022214770317078,123929,,,,,,,,,,,20.880874633789062,20.854001998901367,0.21218571066856384,0.23161469399929047
,170,,,,,,124658,44.23756790161133,1.579167127609253,26.79869270324707,29.662445068359375,-0.7964778542518616,0.02783872000873089,20.945358276367188,20.79807472229004,0.19710645079612732,0.21772560477256775,,,,
44.98110580444336,170,1.6912755966186523,26.866323471069336,29.92231559753418,-0.7986239194869995,0.028161482885479927,124658,,,,,,,,,,,20.87972068786621,20.79149627685547,0.21200008690357208,0.23007696866989136
,171,,,,,,125387,44.95594024658203,1.7583128213882446,26.899127960205078,29.829517364501953,-0.7965142130851746,0.028134388849139214,21.064563751220703,20.923112869262695,0.19586661458015442,0.2143811583518982,,,,
44.538917541503906,171,1.727277398109436,26.814294815063477,29.896528244018555,-0.7989950776100159,0.02813645824790001,125387,,,,,,,,,,,20.816255569458008,20.672290802001953,0.21380484104156494,0.22992104291915894
,172,,,,,,126116,45.0614013671875,1.661299705505371,26.848163604736328,29.691211700439453,-0.7960917949676514,0.027662990614771843,21.016117095947266,20.78903579711914,0.19206944108009338,0.2104090005159378,,,,
44.444705963134766,172,1.7000254392623901,26.796730041503906,29.835880279541016,-0.7991641759872437,0.02817678265273571,126116,,,,,,,,,,,20.918743133544922,20.797832489013672,0.21128104627132416,0.22654971480369568
,173,,,,,,126845,44.41181564331055,1.5666922330856323,26.727163314819336,29.513141632080078,-0.7997230291366577,0.028430340811610222,20.750883102416992,20.71577262878418,0.18891634047031403,0.2116127908229828,,,,
44.73589324951172,173,1.7155566215515137,26.774349212646484,29.82106590270996,-0.7994364500045776,0.02802223339676857,126845,,,,,,,,,,,20.779008865356445,20.74204444885254,0.20979271829128265,0.2280007004737854
,174,,,,,,127574,44.51192855834961,1.815714955329895,26.83049964904785,29.72371482849121,-0.7976635098457336,0.02811613492667675,20.916452407836914,20.942350387573242,0.18808488547801971,0.2089887112379074,,,,
44.2702751159668,174,1.6323983669281006,26.759815216064453,29.741531372070312,-0.8005081415176392,0.028370404615998268,127574,,,,,,,,,,,20.813011169433594,20.79605484008789,0.2084069699048996,0.2246975153684616
,175,,,,,,128303,43.27768325805664,1.5562807321548462,26.695554733276367,29.426095962524414,-0.7995210886001587,0.02825620025396347,20.75852394104004,20.66379165649414,0.18633681535720825,0.20414315164089203,,,,
43.70989990234375,175,1.672713279724121,26.728151321411133,29.712074279785156,-0.8005733489990234,0.028341161087155342,128303,,,,,,,,,,,20.777332305908203,20.71615219116211,0.2076253741979599,0.22189545631408691
,176,,,,,,129032,44.83343505859375,1.792720079421997,26.811235427856445,29.618091583251953,-0.7989042401313782,0.028380300849676132,20.861186981201172,20.735816955566406,0.182967871427536,0.19912607967853546,,,,
43.79298782348633,176,1.7159945964813232,26.70920181274414,29.712844848632812,-0.8006672859191895,0.02835669368505478,129032,,,,,,,,,,,20.718965530395508,20.634984970092773,0.20743328332901,0.2216959446668625
,177,,,,,,129761,43.441768646240234,1.526153564453125,26.655139923095703,29.384803771972656,-0.8001265525817871,0.028350599110126495,20.562734603881836,20.4442138671875,0.1870991289615631,0.2062164843082428,,,,
43.88349914550781,177,1.6835932731628418,26.7009220123291,29.665483474731445,-0.8007717132568359,0.028255417943000793,129761,,,,,,,,,,,20.73556137084961,20.592674255371094,0.20460228621959686,0.21995088458061218
,178,,,,,,130490,43.08951187133789,1.6123102903366089,26.608539581298828,29.33604621887207,-0.800053060054779,0.02818595990538597,20.436588287353516,20.365619659423828,0.18146629631519318,0.20280784368515015,,,,
43.470680236816406,178,1.7122101783752441,26.67266845703125,29.653818130493164,-0.8014417290687561,0.028246277943253517,130490,,,,,,,,,,,20.64608383178711,20.534133911132812,0.20419126749038696,0.22081393003463745
,179,,,,,,131219,42.26737976074219,1.513188123703003,26.59930992126465,29.276885986328125,-0.8000710606575012,0.02813396416604519,20.62758445739746,20.543617248535156,0.18195731937885284,0.2022421509027481,,,,
43.10356903076172,179,1.6205923557281494,26.646160125732422,29.570308685302734,-0.8022132515907288,0.028467629104852676,131219,,,,,,,,,,,20.632966995239258,20.587491989135742,0.2024282068014145,0.22034326195716858
,180,,,,,,131948,43.696537017822266,1.8584312200546265,26.71123695373535,29.55864715576172,-0.8006083369255066,0.02848067507147789,20.846479415893555,20.748435974121094,0.1794469654560089,0.20419713854789734,,,,
42.63048553466797,180,1.6615798473358154,26.617942810058594,29.56707191467285,-0.8021010756492615,0.028404725715517998,131948,,,,,,,,,,,20.63907241821289,20.578514099121094,0.20258963108062744,0.22107958793640137
,181,,,,,,132677,43.21035385131836,1.5025633573532104,26.60784149169922,29.25807762145996,-0.8008884191513062,0.028239509090781212,20.606647491455078,20.455089569091797,0.18103282153606415,0.19876092672348022,,,,
43.228824615478516,181,1.7076603174209595,26.612659454345703,29.55864906311035,-0.8027771711349487,0.028459057211875916,132677,,,,,,,,,,,20.68529510498047,20.581247329711914,0.20135651528835297,0.21706874668598175
,182,,,,,,133406,42.2636833190918,1.507266879081726,26.574962615966797,29.205583572387695,-0.8008896708488464,0.02839035354554653,20.65232276916504,20.544879913330078,0.179549902677536,0.19584687054157257,,,,
42.469512939453125,182,1.6948570013046265,26.55550765991211,29.497314453125,-0.8030788898468018,0.028393222019076347,133406,,,,,,,,,,,20.61763572692871,20.529529571533203,0.2027590423822403,0.21611759066581726
,183,,,,,,134135,41.93202590942383,2.038614511489868,26.455781936645508,29.341426849365234,-0.8009615540504456,0.02797745168209076,20.538414001464844,20.410417556762695,0.17606934905052185,0.19719745218753815,,,,
42.48894119262695,183,1.596448302268982,26.55298614501953,29.441076278686523,-0.8026272058486938,0.02840050496160984,134135,,,,,,,,,,,20.657455444335938,20.537837982177734,0.2017095983028412,0.21625809371471405
,184,,,,,,134864,42.58287048339844,1.5255930423736572,26.56252670288086,29.153305053710938,-0.8023530840873718,0.028596866875886917,20.535423278808594,20.481897354125977,0.17093944549560547,0.19465845823287964,,,,
42.70594787597656,184,1.6669447422027588,26.551572799682617,29.44864273071289,-0.8033837676048279,0.02851744182407856,134864,,,,,,,,,,,20.608928680419922,20.564441680908203,0.1984042227268219,0.21430712938308716
,185,,,,,,135593,42.37453079223633,1.6103198528289795,26.524208068847656,29.15843963623047,-0.800947904586792,0.02800780162215233,20.64232063293457,20.578195571899414,0.17234240472316742,0.1934693157672882,,,,
42.445613861083984,185,1.6306190490722656,26.53952407836914,29.408462524414062,-0.8035985827445984,0.028514184057712555,135593,,,,,,,,,,,20.497726440429688,20.475688934326172,0.1957699954509735,0.2149517685174942
,186,,,,,,136322,43.41017150878906,1.6191009283065796,26.561607360839844,29.163219451904297,-0.8029720783233643,0.028640981763601303,20.598848342895508,20.448129653930664,0.16944701969623566,0.18896816670894623,,,,
42.58388900756836,186,1.6964683532714844,26.51820945739746,29.40624237060547,-0.8040002584457397,0.028452515602111816,136322,,,,,,,,,,,20.565950393676758,20.5037841796875,0.1954958140850067,0.21246308088302612
,187,,,,,,137051,42.67559814453125,1.5832245349884033,26.534008026123047,29.126388549804688,-0.8022496700286865,0.028505628928542137,20.51024627685547,20.333505630493164,0.17135050892829895,0.18880467116832733,,,,
42.40009307861328,187,1.5792988538742065,26.496585845947266,29.327903747558594,-0.8046802282333374,0.02867240086197853,137051,,,,,,,,,,,20.52837371826172,20.4349308013916,0.19751785695552826,0.2108127623796463
,188,,,,,,137780,42.37897491455078,1.566529393196106,26.540979385375977,29.092010498046875,-0.8024315237998962,0.028573917225003242,20.613571166992188,20.462541580200195,0.16730640828609467,0.1862458735704422,,,,
42.409278869628906,188,1.6206326484680176,26.478944778442383,29.314830780029297,-0.805474042892456,0.028808217495679855,137780,,,,,,,,,,,20.539915084838867,20.3955078125,0.1948508471250534,0.21026796102523804
,189,,,,,,138509,42.41469192504883,1.9198027849197388,26.537364959716797,29.33194923400879,-0.8043166399002075,0.029092293232679367,20.761343002319336,20.508222579956055,0.17835313081741333,0.1885877400636673,,,,
41.658164978027344,189,1.684670329093933,26.458505630493164,29.316804885864258,-0.8055309057235718,0.028817474842071533,138509,,,,,,,,,,,20.621477127075195,20.43724822998047,0.19544102251529694,0.2077561765909195
,190,,,,,,139238,41.79375076293945,1.5169481039047241,26.437713623046875,29.020030975341797,-0.805085301399231,0.029042545706033707,20.67931365966797,20.43476676940918,0.17671261727809906,0.18805229663848877,,,,
41.491172790527344,190,1.6077998876571655,26.40959358215332,29.254453659057617,-0.80599445104599,0.02875729277729988,139238,,,,,,,,,,,20.5118408203125,20.290977478027344,0.1988372802734375,0.2093541920185089
,191,,,,,,139967,41.39670181274414,1.6008256673812866,26.46922492980957,29.073091506958008,-0.8035531640052795,0.028605492785573006,20.638099670410156,20.327058792114258,0.1755167692899704,0.18518032133579254,,,,
41.509544372558594,191,1.6211565732955933,26.423599243164062,29.25261878967285,-0.8058158159255981,0.02871326543390751,139967,,,,,,,,,,,20.509389877319336,20.289216995239258,0.19628402590751648,0.2074037790298462
,192,,,,,,140696,41.6428337097168,1.488184928894043,26.46021842956543,28.899028778076172,-0.8031283617019653,0.028461705893278122,20.67506217956543,20.184953689575195,0.1630629152059555,0.17588895559310913,,,,
41.304622650146484,192,1.6571639776229858,26.421329498291016,29.22892189025879,-0.8051100373268127,0.028679154813289642,140696,,,,,,,,,,,20.49849510192871,20.20865821838379,0.19306908547878265,0.20273394882678986
,193,,,,,,141425,40.84714126586914,1.5037797689437866,26.384469985961914,28.853130340576172,-0.8035700917243958,0.028479332104325294,20.437253952026367,20.06588363647461,0.16583439707756042,0.17751511931419373,,,,
41.3308219909668,193,1.7085517644882202,26.408781051635742,29.225847244262695,-0.805935263633728,0.028804797679185867,141425,,,,,,,,,,,20.52342414855957,20.17464828491211,0.1938658207654953,0.19868957996368408
,194,,,,,,142154,40.200748443603516,1.5873644351959229,26.34432029724121,28.88582992553711,-0.8043575882911682,0.028558868914842606,20.521448135375977,20.084177017211914,0.1705719530582428,0.17899177968502045,,,,
40.88335037231445,194,1.702332615852356,26.37374496459961,29.210432052612305,-0.8069420456886292,0.028983397409319878,142154,,,,,,,,,,,20.47313690185547,20.130407333374023,0.1950918436050415,0.20201171934604645
,195,,,,,,142883,40.80796432495117,1.7210408449172974,26.455841064453125,29.051969528198242,-0.8042246103286743,0.028824767097830772,20.636947631835938,20.37824821472168,0.16847172379493713,0.1786525994539261,,,,
40.47954177856445,195,1.5883772373199463,26.36307144165039,29.120763778686523,-0.8060624003410339,0.02876337058842182,142883,,,,,,,,,,,20.40648651123047,20.103050231933594,0.19293658435344696,0.19976390898227692
,196,,,,,,143612,41.11336135864258,1.6642075777053833,26.459026336669922,28.96536636352539,-0.8038694262504578,0.028650961816310883,20.67093849182129,20.381797790527344,0.16159123182296753,0.17325998842716217,,,,
40.691280364990234,196,1.5808638334274292,26.37181854248047,29.09559440612793,-0.806472897529602,0.028839070349931717,143612,,,,,,,,,,,20.472929000854492,20.31835174560547,0.188630610704422,0.19803813099861145
,197,,,,,,144341,39.0860481262207,1.8077386617660522,26.241634368896484,28.876014709472656,-0.8051097393035889,0.0285789854824543,20.36790657043457,19.90089225769043,0.1679808348417282,0.17812103033065796,,,,
40.219482421875,197,1.6822737455368042,26.34861183166504,29.127487182617188,-0.8067663311958313,0.028847675770521164,144341,,,,,,,,,,,20.470916748046875,20.182302474975586,0.1898784339427948,0.19766399264335632
,198,,,,,,145070,39.94502258300781,1.5184473991394043,26.343107223510742,28.755971908569336,-0.8047342300415039,0.02869042195379734,20.46952247619629,20.180736541748047,0.15949925780296326,0.1712290346622467,,,,
40.044525146484375,198,1.6862448453903198,26.314489364624023,29.078075408935547,-0.8070928454399109,0.028937799856066704,145070,,,,,,,,,,,20.469873428344727,20.136844635009766,0.18976077437400818,0.19433526694774628
,199,,,,,,145799,40.51801300048828,1.641477346420288,26.380945205688477,28.95165252685547,-0.805863082408905,0.029018504545092583,20.845853805541992,20.291574478149414,0.17284545302391052,0.1771521419286728,,,,
40.0858154296875,199,1.5827734470367432,26.310352325439453,29.02505874633789,-0.8072759509086609,0.028906503692269325,145799,,,,,,,,,,,20.421541213989258,20.122766494750977,0.18914715945720673,0.19551831483840942
,200,,,,,,146528,40.17280197143555,1.6966650485992432,26.36370086669922,28.922929763793945,-0.8064718246459961,0.0293180700391531,20.702892303466797,20.051998138427734,0.17098338901996613,0.17119859158992767,,,,
39.508323669433594,200,1.6104118824005127,26.279937744140625,29.020273208618164,-0.8075318932533264,0.028911327943205833,146528,,,,,,,,,,,20.540630340576172,20.035621643066406,0.1922193169593811,0.19480425119400024
,201,,,,,,147257,39.95960235595703,1.5428645610809326,26.297658920288086,28.67401123046875,-0.8066312670707703,0.028989747166633606,20.630659103393555,19.966228485107422,0.15822437405586243,0.16276556253433228,,,,
39.794281005859375,201,1.6506034135818481,26.27218246459961,29.0098819732666,-0.8085563778877258,0.029148779809474945,147257,,,,,,,,,,,20.441238403320312,20.002643585205078,0.1908317357301712,0.19164633750915527
,202,,,,,,147986,39.95486068725586,1.5361424684524536,26.31037712097168,28.73084831237793,-0.8070388436317444,0.02920127473771572,20.66502571105957,20.071250915527344,0.16505269706249237,0.16542483866214752,,,,
39.99137878417969,202,1.6762720346450806,26.285192489624023,28.997636795043945,-0.8077969551086426,0.029041308909654617,147986,,,,,,,,,,,20.476675033569336,19.997201919555664,0.18552881479263306,0.18933109939098358
,203,,,,,,148715,40.2331428527832,1.4893584251403809,26.316293716430664,28.653385162353516,-0.8064084649085999,0.029053930193185806,20.60342025756836,19.98219108581543,0.1548943668603897,0.1635797917842865,,,,
39.89632034301758,203,1.670610785484314,26.252113342285156,28.961021423339844,-0.8086356520652771,0.029110638424754143,148715,,,,,,,,,,,20.43181037902832,19.955080032348633,0.18573932349681854,0.18897655606269836
,204,,,,,,149444,39.871456146240234,2.1608774662017822,26.362375259399414,29.101661682128906,-0.806081235408783,0.029179884120821953,20.63603973388672,19.930498123168945,0.1679513156414032,0.16381801664829254,,,,
39.455718994140625,204,1.678350567817688,26.262725830078125,28.95693588256836,-0.8081662058830261,0.029171407222747803,149444,,,,,,,,,,,20.518352508544922,19.9262752532959,0.18414996564388275,0.18685540556907654
,205,,,,,,150173,40.40987777709961,1.581761121749878,26.343168258666992,28.712011337280273,-0.8063942193984985,0.029066406190395355,20.68838882446289,19.742429733276367,0.16085325181484222,0.15474559366703033,,,,
39.42146682739258,205,1.5801892280578613,26.260122299194336,28.895370483398438,-0.8075538873672485,0.02894415892660618,150173,,,,,,,,,,,20.439495086669922,19.810028076171875,0.1847139447927475,0.18432335555553436
,206,,,,,,150902,39.141334533691406,1.4713054895401,26.22781753540039,28.573387145996094,-0.8059397339820862,0.028724558651447296,20.521440505981445,19.69588851928711,0.1629268229007721,0.1590532511472702,,,,
39.696144104003906,206,1.7032310962677002,26.235097885131836,28.934276580810547,-0.808871865272522,0.029080815613269806,150902,,,,,,,,,,,20.501977920532227,19.812490463256836,0.18579714000225067,0.1837119162082672
,207,,,,,,151631,39.39439010620117,1.4827673435211182,26.208860397338867,28.529800415039062,-0.8076491951942444,0.029067231342196465,20.456768035888672,19.595502853393555,0.15999670326709747,0.15591387450695038,,,,
39.368751525878906,207,1.6475509405136108,26.20978546142578,28.881023406982422,-0.8087245225906372,0.029035674408078194,151631,,,,,,,,,,,20.463403701782227,19.708436965942383,0.18727314472198486,0.18221689760684967
,208,,,,,,152360,38.86449432373047,1.8172416687011719,26.14422035217285,28.624052047729492,-0.8085623383522034,0.029127545654773712,20.528104782104492,19.646970748901367,0.160679891705513,0.15355898439884186,,,,
39.3539924621582,208,1.6157697439193726,26.205904006958008,28.852773666381836,-0.8092342019081116,0.029144372791051865,152360,,,,,,,,,,,20.415363311767578,19.663022994995117,0.18761301040649414,0.18018022179603577
,209,,,,,,153089,39.138511657714844,1.5358366966247559,26.20024299621582,28.58138656616211,-0.8066709637641907,0.028759583830833435,20.252107620239258,19.613618850708008,0.16519857943058014,0.15744681656360626,,,,
38.82852554321289,209,1.6783034801483154,26.159194946289062,28.84994125366211,-0.8091673851013184,0.029125066474080086,153089,,,,,,,,,,,20.342294692993164,19.74162483215332,0.18939663469791412,0.18092091381549835
,210,,,,,,153818,38.93507385253906,2.02571702003479,26.140304565429688,28.689117431640625,-0.8083482384681702,0.028986765071749687,20.455951690673828,19.737377166748047,0.15431813895702362,0.15287797152996063,,,,
39.540870666503906,210,1.6496312618255615,26.186107635498047,28.815990447998047,-0.8098946809768677,0.02919916994869709,153818,,,,,,,,,,,20.334386825561523,19.754396438598633,0.1825837343931198,0.17843303084373474
,211,,,,,,154547,38.54724884033203,2.1503920555114746,26.097867965698242,28.70802116394043,-0.8074945211410522,0.028567051514983177,20.227432250976562,19.68321418762207,0.15562833845615387,0.15136300027370453,,,,
39.19478225708008,211,1.6274482011795044,26.1713809967041,28.792558670043945,-0.8096588253974915,0.029160205274820328,154547,,,,,,,,,,,20.232263565063477,19.762605667114258,0.18246401846408844,0.1790245771408081
,212,,,,,,155276,39.67167663574219,2.2221286296844482,26.298381805419922,28.95562171936035,-0.8066167831420898,0.029126502573490143,20.437467575073242,19.809816360473633,0.15706104040145874,0.1521727293729782,,,,
39.13554000854492,212,1.7348169088363647,26.156362533569336,28.816308975219727,-0.8101579546928406,0.029211539775133133,155276,,,,,,,,,,,20.21723175048828,19.75368881225586,0.18208718299865723,0.17641624808311462
,213,,,,,,156005,38.430397033691406,1.670596718788147,26.11886215209961,28.432554244995117,-0.8079736232757568,0.028856338933110237,20.368392944335938,19.557573318481445,0.15318185091018677,0.1424960196018219,,,,
38.656105041503906,213,1.5975369215011597,26.134571075439453,28.709028244018555,-0.8101928234100342,0.02922426164150238,156005,,,,,,,,,,,20.286794662475586,19.726774215698242,0.1827445775270462,0.17239362001419067
,214,,,,,,156734,39.43024826049805,1.8628923892974854,26.26972007751465,28.73589324951172,-0.806833028793335,0.0290133748203516,20.575490951538086,19.85324478149414,0.15876483917236328,0.1481778472661972,,,,
38.727500915527344,214,1.629947543144226,26.134469985961914,28.727067947387695,-0.809298574924469,0.029077153652906418,156734,,,,,,,,,,,20.230148315429688,19.61081314086914,0.18100515007972717,0.17451795935630798
,215,,,,,,157463,39.37724685668945,1.513624668121338,26.178197860717773,28.4212703704834,-0.8093309998512268,0.029367029666900635,20.364622116088867,19.450490951538086,0.15104958415031433,0.14620617032051086,,,,
38.93163299560547,215,1.5790503025054932,26.149192810058594,28.68035316467285,-0.8098160624504089,0.029267726466059685,157463,,,,,,,,,,,20.236495971679688,19.586803436279297,0.1757226437330246,0.17260362207889557
,216,,,,,,158192,39.702396392822266,1.7248841524124146,26.23472023010254,28.611629486083984,-0.8092225790023804,0.029542161151766777,20.478227615356445,19.718746185302734,0.15182793140411377,0.1510656327009201,,,,
38.69829177856445,216,1.5600031614303589,26.113567352294922,28.649057388305664,-0.8104248046875,0.029253480955958366,158192,,,,,,,,,,,20.14829444885254,19.48795509338379,0.17685528099536896,0.17424608767032623
,217,,,,,,158921,38.315608978271484,1.5168958902359009,26.08772087097168,28.30159568786621,-0.8087919354438782,0.02906649559736252,20.291624069213867,19.43312644958496,0.15044528245925903,0.1406366229057312,,,,
38.6871223449707,217,1.6520100831985474,26.104122161865234,28.677165985107422,-0.8106991052627563,0.029274210333824158,158921,,,,,,,,,,,20.218929290771484,19.53322410583496,0.17747762799263,0.17193350195884705
,218,,,,,,159650,39.01015090942383,1.4604443311691284,26.135717391967773,28.297374725341797,-0.8089783191680908,0.029183698818087578,20.119321823120117,19.428192138671875,0.14615269005298615,0.1401396244764328,,,,
38.81804656982422,218,1.6895469427108765,26.1072940826416,28.676921844482422,-0.8106517195701599,0.0293130986392498,159650,,,,,,,,,,,20.143840789794922,19.480024337768555,0.17512555420398712,0.1698453724384308
,219,,,,,,160379,38.840232849121094,1.7196195125579834,26.14323616027832,28.484403610229492,-0.8095220923423767,0.029426025226712227,20.140226364135742,19.49060821533203,0.14824804663658142,0.148024782538414,,,,
38.606929779052734,219,1.6359506845474243,26.104291915893555,28.6411075592041,-0.8108672499656677,0.029325271025300026,160379,,,,,,,,,,,20.176862716674805,19.500879287719727,0.17486177384853363,0.1689019501209259
,220,,,,,,161108,38.01899337768555,1.5007541179656982,26.062637329101562,28.20686149597168,-0.808600127696991,0.029000651091337204,20.164281845092773,19.289207458496094,0.141009122133255,0.13775810599327087,,,,
38.3313102722168,220,1.6564457416534424,26.08015251159668,28.623794555664062,-0.810930609703064,0.029323313385248184,161108,,,,,,,,,,,20.083656311035156,19.473939895629883,0.17392733693122864,0.16916204988956451
,221,,,,,,161837,38.57389831542969,1.5732126235961914,26.13836669921875,28.34800148010254,-0.8090746998786926,0.029358847066760063,20.349563598632812,19.49566078186035,0.14697694778442383,0.1376323401927948,,,,
38.249671936035156,221,1.5924981832504272,26.078794479370117,28.5677433013916,-0.8110812306404114,0.029381517320871353,161837,,,,,,,,,,,20.10733985900879,19.531274795532227,0.17136795818805695,0.16717827320098877
,222,,,,,,162566,38.600257873535156,1.46477210521698,26.098806381225586,28.214567184448242,-0.8099451661109924,0.029500208795070648,20.04652976989746,19.324501037597656,0.14076408743858337,0.1359163224697113,,,,
38.18366622924805,222,1.6408089399337769,26.050884246826172,28.563308715820312,-0.8112932443618774,0.029251568019390106,162566,,,,,,,,,,,20.059133529663086,19.396263122558594,0.17293210327625275,0.16547472774982452
,223,,,,,,163295,37.50362014770508,1.5457005500793457,26.0279541015625,28.19469451904297,-0.8090816736221313,0.029078558087348938,20.046602249145508,19.21610450744629,0.14327245950698853,0.13550059497356415,,,,
38.35934829711914,223,1.6349492073059082,26.068675994873047,28.54620361328125,-0.8107585310935974,0.02922861836850643,163295,,,,,,,,,,,20.0013484954834,19.366674423217773,0.16908183693885803,0.16292914748191833
,224,,,,,,164024,37.36192321777344,1.582936406135559,25.999286651611328,28.171876907348633,-0.8092552423477173,0.028922151774168015,19.977006912231445,19.098215103149414,0.14063075184822083,0.13559715449810028,,,,
38.120609283447266,224,1.4993685483932495,26.067556381225586,28.477529525756836,-0.8108035326004028,0.029128987342119217,164024,,,,,,,,,,,20.012001037597656,19.24616241455078,0.16868793964385986,0.16336822509765625
,225,,,,,,164753,37.984310150146484,1.4258747100830078,26.060012817382812,28.117048263549805,-0.8087393641471863,0.029013607650995255,20.095489501953125,19.018239974975586,0.13617372512817383,0.13264665007591248,,,,
38.06721496582031,225,1.554795503616333,26.060789108276367,28.478818893432617,-0.8107626438140869,0.029189446941018105,164753,,,,,,,,,,,20.048933029174805,19.267379760742188,0.16822707653045654,0.15989595651626587
,226,,,,,,165482,38.12594223022461,1.7726082801818848,26.1197566986084,28.41770362854004,-0.8086007833480835,0.029130656272172928,20.08620262145996,19.390052795410156,0.1473557949066162,0.1349707394838333,,,,
37.69918441772461,226,1.653052806854248,26.019180297851562,28.490806579589844,-0.8114859461784363,0.029278822243213654,165482,,,,,,,,,,,19.95303726196289,19.264759063720703,0.16834303736686707,0.1606781780719757
,227,,,,,,166211,37.934059143066406,1.4758350849151611,26.04275894165039,28.111114501953125,-0.8089208006858826,0.02897113561630249,19.79656219482422,19.100074768066406,0.13633990287780762,0.12974533438682556,,,,
37.58817672729492,227,1.6562737226486206,26.025468826293945,28.494043350219727,-0.8115168809890747,0.02929472178220749,166211,,,,,,,,,,,19.927654266357422,19.271188735961914,0.1673557311296463,0.1607356071472168
,228,,,,,,166940,37.20188903808594,1.7212023735046387,25.960590362548828,28.162883758544922,-0.8102779984474182,0.029092490673065186,19.858917236328125,19.047426223754883,0.1381566971540451,0.13018280267715454,,,,
37.89733123779297,228,1.6365525722503662,26.004697799682617,28.465850830078125,-0.8122521638870239,0.02937346324324608,166940,,,,,,,,,,,19.791440963745117,19.262643814086914,0.16756808757781982,0.16101235151290894
,229,,,,,,167669,37.22843551635742,1.4795602560043335,25.966266632080078,28.027503967285156,-0.8101834654808044,0.02910790592432022,19.67224884033203,19.1796875,0.135203555226326,0.12908650934696198,,,,
37.406837463378906,229,1.5782272815704346,25.985383987426758,28.409727096557617,-0.8116472959518433,0.029233921319246292,167669,,,,,,,,,,,19.749507904052734,19.337392807006836,0.1663745790719986,0.16067206859588623
,230,,,,,,168398,37.99416732788086,1.4606149196624756,26.014799118041992,28.026926040649414,-0.8096491098403931,0.02902149222791195,19.688480377197266,18.953048706054688,0.13112981617450714,0.1252344846725464,,,,
37.41920852661133,230,1.6383391618728638,25.962919235229492,28.4110164642334,-0.8120189309120178,0.02920045144855976,168398,,,,,,,,,,,19.652629852294922,19.234315872192383,0.1647784560918808,0.16100537776947021
,231,,,,,,169127,38.06129837036133,1.4631612300872803,26.044153213500977,28.063716888427734,-0.8092221021652222,0.028908776119351387,19.81060791015625,19.085840225219727,0.13082687556743622,0.12676885724067688,,,,
37.63288116455078,231,1.5931928157806396,25.983470916748047,28.376922607421875,-0.8116285800933838,0.029171237722039223,169127,,,,,,,,,,,19.736339569091797,19.149192810058594,0.16207067668437958,0.15729866921901703
,232,,,,,,169856,37.150150299072266,1.5458238124847412,25.9399356842041,28.066457748413086,-0.81202232837677,0.029456181451678276,19.869924545288086,19.085355758666992,0.1369733363389969,0.13374894857406616,,,,
37.62808609008789,232,1.6574453115463257,25.96263313293457,28.386280059814453,-0.8124348521232605,0.02932768315076828,169856,,,,,,,,,,,19.69055938720703,19.081396102905273,0.16225817799568176,0.15672965347766876
,233,,,,,,170585,37.226444244384766,1.506359577178955,25.92618179321289,27.950613021850586,-0.8101466298103333,0.028985759243369102,19.559724807739258,18.703699111938477,0.13104873895645142,0.12319425493478775,,,,
37.25855255126953,233,1.6374685764312744,25.953716278076172,28.344974517822266,-0.8119795322418213,0.029209932312369347,170585,,,,,,,,,,,19.6921329498291,19.059572219848633,0.16097910702228546,0.15352535247802734
,234,,,,,,171314,37.34189987182617,1.455835223197937,25.938743591308594,27.937917709350586,-0.8093602061271667,0.028818733990192413,19.852703094482422,18.725080490112305,0.1335023194551468,0.12075342237949371,,,,
37.60709762573242,234,1.6222121715545654,25.95001220703125,28.331157684326172,-0.8123843669891357,0.029181210324168205,171314,,,,,,,,,,,19.67241096496582,18.916879653930664,0.16112332046031952,0.1528834104537964
,235,,,,,,172043,36.803707122802734,1.4505940675735474,25.891090393066406,27.945878982543945,-0.8095926642417908,0.028799865394830704,19.55275535583496,18.69230079650879,0.1429642140865326,0.122935950756073,,,,
37.365962982177734,235,1.547755479812622,25.92005157470703,28.261899948120117,-0.8122315406799316,0.029203832149505615,172043,,,,,,,,,,,19.625032424926758,18.966537475585938,0.16239407658576965,0.15119917690753937
,236,,,,,,172772,37.33092498779297,1.4277158975601196,25.87385368347168,27.86670684814453,-0.8105090260505676,0.028836609795689583,19.332338333129883,18.679546356201172,0.13386180996894836,0.12193730473518372,,,,
37.50564193725586,236,1.5382392406463623,25.897863388061523,28.231653213500977,-0.8125128149986267,0.029176371172070503,172772,,,,,,,,,,,19.449363708496094,18.897384643554688,0.1628081202507019,0.1501288264989853
,237,,,,,,173501,37.5744743347168,1.569771647453308,25.942914962768555,28.038698196411133,-0.8096706867218018,0.02888592518866062,19.545591354370117,18.738698959350586,0.1418834775686264,0.12029652297496796,,,,
37.40401840209961,237,1.485060691833496,25.880752563476562,28.1779727935791,-0.8122122287750244,0.029155787080526352,173501,,,,,,,,,,,19.376209259033203,18.820602416992188,0.1599733978509903,0.15096433460712433
,238,,,,,,174230,37.34410095214844,1.4410426616668701,25.888504028320312,27.83978271484375,-0.8104328513145447,0.029004070907831192,19.277408599853516,18.67569351196289,0.1298948973417282,0.11625409126281738,,,,
37.194881439208984,238,1.4816612005233765,25.86785316467285,28.154521942138672,-0.8124788999557495,0.02911582961678505,174230,,,,,,,,,,,19.31968116760254,18.807998657226562,0.15943941473960876,0.1497298628091812
,239,,,,,,174959,36.83663558959961,1.443023443222046,25.817304611206055,27.792646408081055,-0.8119913339614868,0.02930953912436962,19.10633087158203,18.611984252929688,0.13118453323841095,0.11958809942007065,,,,
36.994327545166016,239,1.5045034885406494,25.842334747314453,28.13102912902832,-0.8129474520683289,0.029312875121831894,174959,,,,,,,,,,,19.169294357299805,18.7828369140625,0.15867820382118225,0.14860889315605164
,240,,,,,,175688,37.124576568603516,1.5892133712768555,25.908445358276367,27.96023941040039,-0.8110317587852478,0.029322858899831772,19.28308868408203,18.723339080810547,0.12832216918468475,0.12311310321092606,,,,
36.63152313232422,240,1.5601096153259277,25.825557708740234,28.1412353515625,-0.8131923079490662,0.029353350400924683,175688,,,,,,,,,,,19.16900062561035,18.74186897277832,0.15939278900623322,0.14773449301719666
,241,,,,,,176417,37.8584098815918,1.72042715549469,25.888273239135742,28.02330780029297,-0.8121768832206726,0.02950669638812542,19.11387062072754,18.61087989807129,0.13616244494915009,0.1188037171959877,,,,
36.84528732299805,241,1.4524277448654175,25.82227325439453,28.061487197875977,-0.8129357695579529,0.02932383492588997,176417,,,,,,,,,,,19.115488052368164,18.707059860229492,0.15732453763484955,0.1452719271183014
,242,,,,,,177146,37.05039978027344,1.4485410451889038,25.869258880615234,27.802291870117188,-0.8103601336479187,0.02908266894519329,19.1739501953125,18.588138580322266,0.12940509617328644,0.11234750598669052,,,,
37.01145935058594,242,1.469751238822937,25.806758880615234,28.04555320739746,-0.814031183719635,0.029463693499565125,177146,,,,,,,,,,,19.092552185058594,18.65436553955078,0.15640859305858612,0.14437246322631836
,243,,,,,,177875,36.9766845703125,1.3881995677947998,25.827434539794922,27.730924606323242,-0.8112171292304993,0.029277099296450615,19.0494441986084,18.649248123168945,0.12832629680633545,0.11355313658714294,,,,
36.5892448425293,243,1.5675100088119507,25.78823471069336,28.063920974731445,-0.8131479024887085,0.02922188490629196,177875,,,,,,,,,,,19.00426483154297,18.641151428222656,0.15605461597442627,0.14233019948005676
,244,,,,,,178604,35.9333381652832,1.3788385391235352,25.73754119873047,27.616436004638672,-0.8115439414978027,0.02916712313890457,18.835725784301758,18.431833267211914,0.12770769000053406,0.11018463224172592,,,,
36.594356536865234,244,1.6239019632339478,25.78474235534668,28.085500717163086,-0.8126007914543152,0.029190419241786003,178604,,,,,,,,,,,18.88108253479004,18.646991729736328,0.15558721125125885,0.14216867089271545
,245,,,,,,179333,36.04377746582031,1.560468316078186,25.718599319458008,27.67258071899414,-0.8113120198249817,0.028993871062994003,18.850500106811523,18.312240600585938,0.12534603476524353,0.10939738899469376,,,,
36.41792297363281,245,1.4239678382873535,25.746841430664062,27.9525203704834,-0.8136006593704224,0.029276933521032333,179333,,,,,,,,,,,18.846817016601562,18.52106475830078,0.15726584196090698,0.14147430658340454
,246,,,,,,180062,37.00828170776367,1.5130301713943481,25.804107666015625,27.771738052368164,-0.8115665316581726,0.029307203367352486,18.649105072021484,18.491989135742188,0.1279393434524536,0.1142832487821579,,,,
36.462432861328125,246,1.4486485719680786,25.74382781982422,27.94693374633789,-0.8131530284881592,0.02914481796324253,180062,,,,,,,,,,,18.742990493774414,18.517457962036133,0.15515339374542236,0.14060044288635254
,247,,,,,,180791,36.77059555053711,1.3493043184280396,25.730804443359375,27.556344985961914,-0.8105206489562988,0.028900448232889175,18.477718353271484,18.190526962280273,0.12079183757305145,0.10938034951686859,,,,
36.45235061645508,247,1.4544763565063477,25.720943450927734,27.918684005737305,-0.8135051131248474,0.029295336455106735,180791,,,,,,,,,,,18.62237548828125,18.505578994750977,0.15314532816410065,0.140959233045578
,248,,,,,,181520,37.126075744628906,1.4479900598526,25.78214454650879,27.682567596435547,-0.810691237449646,0.029050827026367188,18.79239273071289,18.287090301513672,0.1279638558626175,0.10732406377792358,,,,
36.66298294067383,248,1.4384092092514038,25.721736907958984,27.87296485900879,-0.8131273984909058,0.029189782217144966,181520,,,,,,,,,,,18.641407012939453,18.481914520263672,0.15032587945461273,0.13607877492904663
,249,,,,,,182249,36.16020584106445,1.374310851097107,25.67202377319336,27.478452682495117,-0.8115917444229126,0.029043644666671753,18.326974868774414,18.17748260498047,0.11926669627428055,0.10459008812904358,,,,
36.64978790283203,249,1.4191783666610718,25.709333419799805,27.84491729736328,-0.813944399356842,0.029388682916760445,182249,,,,,,,,,,,18.571638107299805,18.41093635559082,0.14833956956863403,0.13685715198516846
,250,,,,,,182978,37.574214935302734,2.004554033279419,25.82297134399414,28.020246505737305,-0.811496376991272,0.029317213222384453,18.577882766723633,18.41826820373535,0.12346278876066208,0.11553548276424408,,,,
36.54877853393555,250,1.4406732320785522,25.690927505493164,27.82653045654297,-0.8139870166778564,0.02922319807112217,182978,,,,,,,,,,,18.415367126464844,18.44129753112793,0.14666147530078888,0.1363927721977234
,251,,,,,,183707,36.411373138427734,1.2996301651000977,25.669958114624023,27.459209442138672,-0.8110479116439819,0.028814276680350304,18.24554443359375,18.188570022583008,0.1268186867237091,0.10106749087572098,,,,
36.50061798095703,251,1.4194737672805786,25.676788330078125,27.79848861694336,-0.8139345645904541,0.029208574444055557,183707,,,,,,,,,,,18.30661964416504,18.35109519958496,0.14661581814289093,0.13577722012996674
,252,,,,,,184436,36.54222869873047,1.278367042541504,25.637483596801758,27.369483947753906,-0.8133691549301147,0.0293610580265522,18.07784652709961,18.021848678588867,0.11737711727619171,0.10119041800498962,,,,
36.57109451293945,252,1.3880568742752075,25.656679153442383,27.754138946533203,-0.814169704914093,0.02924027480185032,184436,,,,,,,,,,,18.252506256103516,18.31859016418457,0.14670699834823608,0.1339825987815857
,253,,,,,,185165,36.59199905395508,1.3342304229736328,25.62990951538086,27.37010383605957,-0.8128284215927124,0.029182517901062965,18.179201126098633,18.1001033782959,0.1151726245880127,0.0994444414973259,,,,
36.372859954833984,253,1.4653245210647583,25.628314971923828,27.77305030822754,-0.8146684765815735,0.029445981606841087,185165,,,,,,,,,,,18.2242488861084,18.362934112548828,0.14969652891159058,0.13271579146385193
,254,,,,,,185894,35.869197845458984,1.296208143234253,25.616395950317383,27.33509635925293,-0.8115731477737427,0.028925148770213127,18.15934181213379,18.05855941772461,0.1156688928604126,0.09845402091741562,,,,
36.4721794128418,254,1.3951141834259033,25.627580642700195,27.717052459716797,-0.8150693774223328,0.02941000834107399,185894,,,,,,,,,,,18.273073196411133,18.235754013061523,0.1472216099500656,0.13115999102592468
,255,,,,,,186623,36.28190231323242,1.2484054565429688,25.588520050048828,27.36067008972168,-0.8136979341506958,0.029261287301778793,18.10346031188965,18.080387115478516,0.1295364946126938,0.10005389899015427,,,,
36.30641174316406,255,1.416833519935608,25.61348533630371,27.711889266967773,-0.8147042393684387,0.029321277514100075,186623,,,,,,,,,,,18.19136619567871,18.243799209594727,0.14807376265525818,0.12992620468139648
,256,,,,,,187352,36.4572868347168,1.2906221151351929,25.627870559692383,27.338394165039062,-0.8108513951301575,0.028738267719745636,18.104541778564453,18.012348175048828,0.11951716989278793,0.09352103620767593,,,,
36.45781707763672,256,1.3931663036346436,25.603042602539062,27.685340881347656,-0.8153597712516785,0.029322588816285133,187352,,,,,,,,,,,18.114015579223633,18.238351821899414,0.14776970446109772,0.12937124073505402
,257,,,,,,188081,36.28016662597656,1.2847014665603638,25.59342384338379,27.264541625976562,-0.8127979040145874,0.029148655012249947,18.044782638549805,17.858041763305664,0.10923580825328827,0.09651418030261993,,,,
36.46585464477539,257,1.374127984046936,25.60426902770996,27.64427947998047,-0.8144679665565491,0.02923481911420822,188081,,,,,,,,,,,18.08887481689453,18.111799240112305,0.14244945347309113,0.1281365603208542
,258,,,,,,188810,36.407127380371094,1.3194078207015991,25.616615295410156,27.30927085876465,-0.812225878238678,0.02902260236442089,18.0615234375,17.84823226928711,0.11256860941648483,0.0940227136015892,,,,
36.1440315246582,258,1.3062400817871094,25.59123992919922,27.58856773376465,-0.8147178292274475,0.029243916273117065,188810,,,,,,,,,,,18.075897216796875,18.07415771484375,0.14263823628425598,0.12620127201080322
,259,,,,,,189539,36.55347442626953,1.401902437210083,25.62034797668457,27.37388801574707,-0.8125916123390198,0.02915729396045208,17.879650115966797,17.84840202331543,0.11782132089138031,0.09269891679286957,,,,
36.28207015991211,259,1.4117857217788696,25.569229125976562,27.60053825378418,-0.8147439360618591,0.029175421223044395,189539,,,,,,,,,,,17.99830436706543,18.05350685119629,0.1407047063112259,0.12438512593507767
,260,,,,,,190268,36.5231819152832,1.341914415359497,25.61533546447754,27.306032180786133,-0.812138557434082,0.02902616560459137,17.941957473754883,17.94920539855957,0.10803095996379852,0.09591298550367355,,,,
36.078609466552734,260,1.4062044620513916,25.553945541381836,27.5872802734375,-0.8150174021720886,0.02916896715760231,190268,,,,,,,,,,,17.943464279174805,18.03392219543457,0.14147178828716278,0.12457583099603653
,261,,,,,,190997,37.287776947021484,1.3515065908432007,25.629487991333008,27.349205017089844,-0.8108540773391724,0.028662484139204025,17.921804428100586,17.832489013671875,0.11809072643518448,0.0906975120306015,,,,
36.53752136230469,261,1.3251854181289673,25.566164016723633,27.537551879882812,-0.8149356842041016,0.029245583340525627,190997,,,,,,,,,,,17.94740867614746,18.014463424682617,0.13825133442878723,0.12350773811340332
,262,,,,,,191726,35.84521484375,1.2599915266036987,25.50251007080078,27.182411193847656,-0.8135504722595215,0.029272431507706642,17.673877716064453,17.69394874572754,0.11766010522842407,0.09231945127248764,,,,
36.4415397644043,262,1.3422448635101318,25.544885635375977,27.516542434692383,-0.8148170113563538,0.02917424403131008,191726,,,,,,,,,,,17.867351531982422,17.939733505249023,0.13773728907108307,0.1223653256893158
,263,,,,,,192455,35.65248489379883,1.2490055561065674,25.51136016845703,27.138736724853516,-0.8137595653533936,0.029255524277687073,17.745807647705078,17.693147659301758,0.1100560650229454,0.09051789343357086,,,,
36.13690948486328,263,1.340460181236267,25.52628517150879,27.494911193847656,-0.8157259225845337,0.029375435784459114,192455,,,,,,,,,,,17.82025146484375,17.90947914123535,0.13807862997055054,0.12160038203001022
,264,,,,,,193184,35.771324157714844,1.2487430572509766,25.47953224182129,27.07033920288086,-0.8134242296218872,0.02912144735455513,17.545862197875977,17.597064971923828,0.10170654207468033,0.09158285707235336,,,,
36.109703063964844,264,1.3586506843566895,25.515846252441406,27.482391357421875,-0.8151344656944275,0.029298489913344383,193184,,,,,,,,,,,17.735872268676758,17.845834732055664,0.1364760398864746,0.12096183001995087
,265,,,,,,193913,36.452293395996094,1.3285646438598633,25.527568817138672,27.190444946289062,-0.8131449222564697,0.029087796807289124,17.736011505126953,17.734352111816406,0.10395265370607376,0.09576906263828278,,,,
36.24589538574219,265,1.2941157817840576,25.516695022583008,27.44853973388672,-0.8158013224601746,0.029347991570830345,193913,,,,,,,,,,,17.748289108276367,17.890419006347656,0.13591738045215607,0.12104160338640213
,266,,,,,,194642,35.37163162231445,1.4624723196029663,25.418853759765625,27.09954833984375,-0.8138311505317688,0.029051149263978004,17.408212661743164,17.453908920288086,0.10204970091581345,0.08783973753452301,,,,
36.1431884765625,266,1.3859490156173706,25.49336814880371,27.458436965942383,-0.8160519003868103,0.029376506805419922,194642,,,,,,,,,,,17.678869247436523,17.840614318847656,0.13351304829120636,0.12091314047574997
,267,,,,,,195371,35.69865798950195,1.4398767948150635,25.425453186035156,27.097244262695312,-0.8132891058921814,0.02884775958955288,17.44429588317871,17.416053771972656,0.10507779568433762,0.08529740571975708,,,,
36.178680419921875,267,1.2767678499221802,25.477678298950195,27.389427185058594,-0.816209077835083,0.029422175139188766,195371,,,,,,,,,,,17.539575576782227,17.802810668945312,0.13535872101783752,0.11932063102722168
,268,,,,,,196100,36.296363830566406,1.211654543876648,25.487369537353516,27.029979705810547,-0.8127275705337524,0.028819246217608452,17.393108367919922,17.6656436920166,0.09958793222904205,0.08776863664388657,,,,
36.21781921386719,268,1.2705744504928589,25.472801208496094,27.369142532348633,-0.8163658380508423,0.029343411326408386,196100,,,,,,,,,,,17.525440216064453,17.824018478393555,0.1349896639585495,0.11723137646913528
,269,,,,,,196829,35.71778106689453,1.3606082201004028,25.439096450805664,27.053197860717773,-0.8143544793128967,0.029245328158140182,17.479717254638672,17.558218002319336,0.09916222840547562,0.08759457617998123,,,,
36.1717414855957,269,1.327417016029358,25.47223663330078,27.387405395507812,-0.8164944648742676,0.029449215158820152,196829,,,,,,,,,,,17.457801818847656,17.842287063598633,0.13292372226715088,0.1173693835735321
,270,,,,,,197558,36.168846130371094,1.1878780126571655,25.450170516967773,27.070114135742188,-0.8154878616333008,0.02959425002336502,17.407121658325195,17.468238830566406,0.1124677062034607,0.09273742139339447,,,,
36.03926086425781,270,1.2665271759033203,25.43737030029297,27.325441360473633,-0.8163444995880127,0.029474910348653793,197558,,,,,,,,,,,17.37102508544922,17.72315788269043,0.1337851732969284,0.11717301607131958
,271,,,,,,198287,35.66551208496094,1.1822402477264404,25.447357177734375,27.05447769165039,-0.813908040523529,0.029125884175300598,17.336843490600586,17.455305099487305,0.10954192280769348,0.0936661958694458,,,,
36.07737731933594,271,1.2536696195602417,25.433349609375,27.311710357666016,-0.8167390823364258,0.029439248144626617,198287,,,,,,,,,,,17.321393966674805,17.645233154296875,0.13295312225818634,0.11735062301158905
,272,,,,,,199016,35.64641189575195,1.191381573677063,25.4200496673584,26.95725440979004,-0.8135864734649658,0.029040098190307617,17.332242965698242,17.4036865234375,0.10348658263683319,0.08482114225625992,,,,
35.55162048339844,272,1.2915749549865723,25.410785675048828,27.31795883178711,-0.8166632652282715,0.029545070603489876,199016,,,,,,,,,,,17.33453369140625,17.704212188720703,0.134033665060997,0.11823752522468567
,273,,,,,,199745,35.61018753051758,1.1717240810394287,25.428319931030273,27.09235382080078,-0.8139137029647827,0.02917666733264923,17.40619659423828,17.521997451782227,0.11625856161117554,0.09937670826911926,,,,
35.744903564453125,273,1.2860954999923706,25.415897369384766,27.293869018554688,-0.8162724375724792,0.029395319521427155,199745,,,,,,,,,,,17.238258361816406,17.662553787231445,0.1314697116613388,0.11551430076360703
,274,,,,,,200474,36.1963005065918,1.29961097240448,25.44342613220215,27.030603408813477,-0.8135969638824463,0.029024021700024605,17.118898391723633,17.334049224853516,0.10327644646167755,0.08419953286647797,,,,
35.701141357421875,274,1.3355276584625244,25.38999366760254,27.289260864257812,-0.8168248534202576,0.02943149022758007,200474,,,,,,,,,,,17.247230529785156,17.585962295532227,0.13179093599319458,0.11451496928930283
,275,,,,,,201203,35.75796890258789,1.1648682355880737,25.40277671813965,26.895368576049805,-0.8137473464012146,0.029103370383381844,17.0843448638916,17.247474670410156,0.09775907546281815,0.08427566289901733,,,,
36.01224136352539,275,1.291945457458496,25.394224166870117,27.260156631469727,-0.8161803483963013,0.029280442744493484,201203,,,,,,,,,,,17.152748107910156,17.489208221435547,0.12982678413391113,0.11416111886501312
,276,,,,,,201932,36.11404037475586,1.6064521074295044,25.456220626831055,27.322805404663086,-0.8128104209899902,0.0289689302444458,17.123899459838867,17.378170013427734,0.11610106378793716,0.09656889736652374,,,,
35.86131286621094,276,1.2456644773483276,25.39031982421875,27.22077751159668,-0.8159562945365906,0.02930866740643978,201932,,,,,,,,,,,17.06475830078125,17.460298538208008,0.1279248148202896,0.11359509825706482
,277,,,,,,202661,35.51818084716797,1.1457388401031494,25.35129737854004,26.813308715820312,-0.8136131167411804,0.028874149546027184,16.823991775512695,17.276670455932617,0.09747380018234253,0.08035260438919067,,,,
35.73000717163086,277,1.2699556350708008,25.36044692993164,27.205400466918945,-0.8164299130439758,0.02932838164269924,202661,,,,,,,,,,,16.990190505981445,17.452653884887695,0.1279253214597702,0.11407533288002014
,278,,,,,,203390,35.62102508544922,1.1655871868133545,25.32358169555664,26.849872589111328,-0.8145623803138733,0.02901277132332325,16.926197052001953,17.133464813232422,0.1049407571554184,0.0837596207857132,,,,
35.84965515136719,278,1.19906747341156,25.346717834472656,27.142412185668945,-0.8164395093917847,0.029192641377449036,203390,,,,,,,,,,,16.88874053955078,17.40888023376465,0.12567731738090515,0.11355781555175781
,279,,,,,,204119,36.58009719848633,1.499248743057251,25.3354434967041,27.022844314575195,-0.8150488138198853,0.029272347688674927,16.570690155029297,16.967071533203125,0.10340967029333115,0.08414129912853241,,,,
35.85641860961914,279,1.2283364534378052,25.31802749633789,27.125215530395508,-0.8173829913139343,0.029381537809967995,204119,,,,,,,,,,,16.843318939208984,17.25718116760254,0.1252840906381607,0.11331956088542938
,280,,,,,,204848,35.60830307006836,1.1818355321884155,25.240468978881836,26.668739318847656,-0.8132725954055786,0.02861899323761463,16.434852600097656,16.721420288085938,0.08731293678283691,0.08015499264001846,,,,
36.022979736328125,280,1.1926809549331665,25.294910430908203,27.074981689453125,-0.81711345911026,0.0292978435754776,204848,,,,,,,,,,,16.73750114440918,17.167936325073242,0.12461119890213013,0.11213600635528564
,281,,,,,,205577,35.659366607666016,1.0652509927749634,25.24496841430664,26.628175735473633,-0.8137926459312439,0.028801219537854195,16.451871871948242,16.69872283935547,0.09147294610738754,0.0786464735865593,,,,
36.015052795410156,281,1.1493462324142456,25.277803421020508,27.030275344848633,-0.817125678062439,0.029367374256253242,205577,,,,,,,,,,,16.729541778564453,17.057172775268555,0.12374161183834076,0.11182048916816711
,282,,,,,,206306,35.51699447631836,1.0726250410079956,25.191625595092773,26.598588943481445,-0.815105140209198,0.028968174010515213,16.249765396118164,16.678495407104492,0.09641636908054352,0.07771468162536621,,,,
35.92060852050781,282,1.1686232089996338,25.246828079223633,27.002243041992188,-0.8170590400695801,0.02925022505223751,206306,,,,,,,,,,,16.531475067138672,16.99514389038086,0.12216615676879883,0.11204783618450165
,283,,,,,,207035,35.932960510253906,1.0663635730743408,25.167835235595703,26.545866012573242,-0.8158520460128784,0.02909514494240284,16.20708465576172,16.53062629699707,0.08550971746444702,0.08346392214298248,,,,
36.04148864746094,283,1.1136316061019897,25.234249114990234,26.941028594970703,-0.8172282576560974,0.029352983459830284,207035,,,,,,,,,,,16.44424819946289,16.95013999938965,0.11892686039209366,0.11106700450181961
,284,,,,,,207764,35.55338668823242,1.0614943504333496,25.149160385131836,26.53730010986328,-0.8146045207977295,0.028886383399367332,16.082212448120117,16.485868453979492,0.09077288210391998,0.08070403337478638,,,,
36.066139221191406,284,1.1517008543014526,25.20555305480957,26.929271697998047,-0.8177997469902039,0.029432369396090508,207764,,,,,,,,,,,16.439329147338867,16.86275291442871,0.11951825767755508,0.11005222797393799
,285,,,,,,208493,35.892738342285156,1.1002871990203857,25.159332275390625,26.59796142578125,-0.8148401379585266,0.02897094190120697,16.08699607849121,16.557153701782227,0.09001775830984116,0.08768481761217117,,,,
35.75297164916992,285,1.1126476526260376,25.158248901367188,26.84832000732422,-0.817590057849884,0.029278213158249855,208493,,,,,,,,,,,16.27607536315918,16.819931030273438,0.11844601482152939,0.10830441117286682
,286,,,,,,209222,35.377506256103516,0.9984849691390991,25.083656311035156,26.400178909301758,-0.8141705393791199,0.02876061573624611,15.879910469055176,16.303001403808594,0.08537629246711731,0.07808323949575424,,,,
35.62417984008789,286,1.0685721635818481,25.126399993896484,26.78307342529297,-0.8173279762268066,0.029330050572752953,209222,,,,,,,,,,,16.13324737548828,16.707975387573242,0.11610095202922821,0.1083809956908226
,287,,,,,,209951,35.57998275756836,0.9755772948265076,25.046897888183594,26.33687973022461,-0.8154818415641785,0.028966331854462624,15.73863697052002,16.24774742126465,0.08252453058958054,0.07791262865066528,,,,
35.70772933959961,287,1.1543296575546265,25.100910186767578,26.78917121887207,-0.8179250955581665,0.029339049011468887,209951,,,,,,,,,,,16.123004913330078,16.608736038208008,0.11416510492563248,0.10805507749319077
,288,,,,,,210680,35.39155960083008,0.9899824857711792,25.019926071166992,26.343286514282227,-0.8151437640190125,0.028886249288916588,15.844693183898926,16.146757125854492,0.09149520844221115,0.07417628914117813,,,,
35.819820404052734,288,1.035070776939392,25.069110870361328,26.690587997436523,-0.8183181881904602,0.029416140168905258,210680,,,,,,,,,,,16.024438858032227,16.524477005004883,0.11392218619585037,0.10686582326889038
,289,,,,,,211409,36.23232650756836,0.9374473094940186,25.04897117614746,26.341777801513672,-0.8150209188461304,0.028809309005737305,15.609395027160645,16.106163024902344,0.08875460177659988,0.07606381922960281,,,,
36.10291290283203,289,1.097304105758667,25.056930541992188,26.68471908569336,-0.8182843923568726,0.02930660918354988,211409,,,,,,,,,,,15.878619194030762,16.466264724731445,0.11231382936239243,0.10351420193910599
,290,,,,,,212138,36.4659423828125,1.3142900466918945,25.057811737060547,26.58289337158203,-0.815127432346344,0.02896292693912983,15.503392219543457,16.137840270996094,0.09198025614023209,0.0816064327955246,,,,
36.142555236816406,290,1.0654370784759521,25.039005279541016,26.641756057739258,-0.8175411820411682,0.02909724973142147,212138,,,,,,,,,,,15.782588958740234,16.339982986450195,0.11055441200733185,0.10345225781202316
,291,,,,,,212867,35.724796295166016,0.8890690803527832,24.966411590576172,26.178197860717773,-0.8151578903198242,0.028797341510653496,15.546316146850586,15.747187614440918,0.08009355515241623,0.07335495948791504,,,,
36.069190979003906,291,1.008847713470459,25.02429962158203,26.588314056396484,-0.8175012469291687,0.029043590649962425,212867,,,,,,,,,,,15.747666358947754,16.232816696166992,0.10910172760486603,0.10281778872013092
,292,,,,,,213596,35.906471252441406,0.8985448479652405,24.965654373168945,26.224607467651367,-0.8150907158851624,0.028834089636802673,15.421944618225098,15.85218334197998,0.08108007907867432,0.08085249364376068,,,,
35.956695556640625,292,1.0531251430511475,24.98984718322754,26.568490982055664,-0.8178322315216064,0.02913369983434677,213596,,,,,,,,,,,15.718564987182617,16.1514949798584,0.10744716227054596,0.1029684990644455
,293,,,,,,214325,35.528377532958984,1.129226565361023,24.892601013183594,26.195674896240234,-0.8151676058769226,0.02867870032787323,15.220099449157715,15.623212814331055,0.07471407949924469,0.0729811042547226,,,,
36.10993194580078,293,1.0231544971466064,24.980947494506836,26.52434539794922,-0.8180126547813416,0.02916613221168518,214325,,,,,,,,,,,15.645783424377441,16.027816772460938,0.10502893477678299,0.1013350710272789
,294,,,,,,215054,36.15016555786133,0.9443597793579102,24.929555892944336,26.229692459106445,-0.8150947690010071,0.02874089404940605,15.436053276062012,15.638072967529297,0.08765489608049393,0.07793764024972916,,,,
36.08871078491211,294,0.9547309279441833,24.956193923950195,26.46597671508789,-0.8184488415718079,0.029199989512562752,215054,,,,,,,,,,,15.601019859313965,16.049570083618164,0.10539063066244125,0.10109424591064453
,295,,,,,,215783,35.938682556152344,0.8407531380653381,24.898582458496094,26.047462463378906,-0.8157666325569153,0.0288994163274765,15.340007781982422,15.514989852905273,0.07328920066356659,0.07241573184728622,,,,
36.12137985229492,295,0.9797044992446899,24.932336807250977,26.440168380737305,-0.8188663125038147,0.02925902232527733,215783,,,,,,,,,,,15.605213165283203,15.95396614074707,0.10327303409576416,0.1003279983997345
,296,,,,,,216512,36.1123161315918,0.8637828230857849,24.879959106445312,26.056421279907227,-0.8158376216888428,0.02876589260995388,15.313512802124023,15.403962135314941,0.07848020642995834,0.07043396681547165,,,,
35.98210144042969,296,0.9629831910133362,24.904630661010742,26.39087677001953,-0.8189988732337952,0.029308348894119263,216512,,,,,,,,,,,15.506196022033691,15.894770622253418,0.10198545455932617,0.09896255284547806
,297,,,,,,217241,35.96249008178711,0.8042357563972473,24.857643127441406,25.997995376586914,-0.8152559995651245,0.028746135532855988,15.109192848205566,15.470304489135742,0.07764790952205658,0.06999921798706055,,,,
36.17987823486328,297,0.9089870452880859,24.891746520996094,26.33636474609375,-0.8188197016716003,0.029136421158909798,217241,,,,,,,,,,,15.430644035339355,15.785853385925293,0.10011978447437286,0.0979044958949089
,298,,,,,,217970,36.374916076660156,1.2463680505752563,24.89187240600586,26.350502014160156,-0.8167062401771545,0.029198283329606056,15.372153282165527,15.583282470703125,0.0857158899307251,0.08138119429349899,,,,
36.05561065673828,298,0.8994242548942566,24.8748836517334,26.307231903076172,-0.8184698224067688,0.029191510751843452,217970,,,,,,,,,,,15.450982093811035,15.802580833435059,0.100310780107975,0.09621715545654297
,299,,,,,,218699,35.99791717529297,0.8148555159568787,24.826908111572266,25.918283462524414,-0.8160476088523865,0.02882996015250683,15.209243774414062,15.39336109161377,0.06869740039110184,0.0680929645895958,,,,
36.19720458984375,299,0.9008898735046387,24.856456756591797,26.280284881591797,-0.8187565207481384,0.02911035716533661,218699,,,,,,,,,,,15.445903778076172,15.748041152954102,0.09855771064758301,0.0961172953248024
,300,,,,,,219428,35.83919143676758,0.9894303679466248,24.845003128051758,26.143840789794922,-0.8164900541305542,0.029142750427126884,15.313873291015625,15.433883666992188,0.08696173876523972,0.0738595649600029,,,,
35.81581497192383,300,0.9571027755737305,24.842029571533203,26.299665451049805,-0.8192106485366821,0.029295828193426132,219428,,,,,,,,,,,15.484964370727539,15.741782188415527,0.09883719682693481,0.09698136895895004
,301,,,,,,220157,35.52850341796875,0.8536304235458374,24.763214111328125,25.852388381958008,-0.815703809261322,0.028679104521870613,15.133814811706543,15.24831485748291,0.06787528842687607,0.06459318101406097,,,,
35.972042083740234,301,0.9283139705657959,24.822433471679688,26.242582321166992,-0.8189175724983215,0.029242033138871193,220157,,,,,,,,,,,15.408683776855469,15.640673637390137,0.09637881070375443,0.09481668472290039
,302,,,,,,220886,35.867740631103516,0.9468544125556946,24.810840606689453,26.064788818359375,-0.8165859580039978,0.02911648526787758,15.250447273254395,15.34140682220459,0.06999041885137558,0.08611413091421127,,,,
35.993438720703125,302,0.9405678510665894,24.80380630493164,26.216941833496094,-0.8193745613098145,0.029328728094697,220886,,,,,,,,,,,15.370623588562012,15.647311210632324,0.0959276556968689,0.0926397293806076
,303,,,,,,221615,35.72256088256836,0.7622969150543213,24.75775909423828,25.83523941040039,-0.8167127966880798,0.02891896478831768,15.069151878356934,15.212169647216797,0.06479521840810776,0.0744737833738327,,,,
35.939693450927734,303,0.9243848919868469,24.788549423217773,26.194812774658203,-0.8193603157997131,0.029264643788337708,221615,,,,,,,,,,,15.352486610412598,15.533869743347168,0.09514986723661423,0.0936647430062294
,304,,,,,,222344,36.26261901855469,1.0419867038726807,24.801908493041992,26.066509246826172,-0.8156458139419556,0.028782185167074203,15.078554153442383,15.414349555969238,0.08181604743003845,0.06690327823162079,,,,
35.91164016723633,304,0.897668182849884,24.78215789794922,26.161237716674805,-0.8193625211715698,0.02927606925368309,222344,,,,,,,,,,,15.266465187072754,15.56924819946289,0.09326643496751785,0.09278341382741928
,305,,,,,,223073,35.91357421875,0.8403176069259644,24.752883911132812,25.874040603637695,-0.8172668218612671,0.029100555926561356,14.902010917663574,15.3120698928833,0.06935107707977295,0.07084749639034271,,,,
35.9806022644043,305,0.8479747772216797,24.754026412963867,26.10300064086914,-0.8198593854904175,0.029309039935469627,223073,,,,,,,,,,,15.260621070861816,15.487808227539062,0.09300941228866577,0.09198538959026337
,306,,,,,,223802,36.391578674316406,1.1488264799118042,24.779884338378906,26.114242553710938,-0.8177082538604736,0.029237810522317886,15.194005966186523,15.184087753295898,0.07432973384857178,0.07766199111938477,,,,
35.906246185302734,306,0.9245045185089111,24.75713348388672,26.140174865722656,-0.8200837969779968,0.02939269319176674,223802,,,,,,,,,,,15.238777160644531,15.505374908447266,0.09281795471906662,0.09134172648191452
,307,,,,,,224531,36.1319694519043,0.8823003172874451,24.75251007080078,25.952938079833984,-0.8167845606803894,0.028997691348195076,14.957023620605469,15.26921272277832,0.08015806972980499,0.07169593870639801,,,,
35.999446868896484,307,0.8674759268760681,24.730653762817383,26.07707977294922,-0.8207861185073853,0.02946639247238636,224531,,,,,,,,,,,15.220184326171875,15.461373329162598,0.09280095994472504,0.08973848819732666
,308,,,,,,225260,36.087711334228516,0.8787703514099121,24.726409912109375,25.829721450805664,-0.8173735737800598,0.029080668464303017,14.96117115020752,15.080597877502441,0.06394468992948532,0.06883824616670609,,,,
36.02131652832031,308,0.8888654708862305,24.73857307434082,26.085588455200195,-0.8200801610946655,0.029347574338316917,225260,,,,,,,,,,,15.190346717834473,15.409504890441895,0.09038928896188736,0.09012918174266815
,309,,,,,,225989,36.15886688232422,1.413875937461853,24.750411987304688,26.3584041595459,-0.8176198601722717,0.029320895671844482,15.106497764587402,15.203908920288086,0.09386904537677765,0.08634374290704727,,,,
35.8449821472168,309,0.9160508513450623,24.71999168395996,26.073875427246094,-0.8202996253967285,0.029353067278862,225989,,,,,,,,,,,15.197630882263184,15.385039329528809,0.08970292657613754,0.08946815878152847
,310,,,,,,226718,36.15079879760742,0.9819796681404114,24.725217819213867,25.93133544921875,-0.8164846897125244,0.028839077800512314,14.944596290588379,15.194284439086914,0.07219632714986801,0.07082846760749817,,,,
35.95655059814453,310,0.9175782203674316,24.711381912231445,26.06301498413086,-0.8201624751091003,0.029269972816109657,226718,,,,,,,,,,,15.191537857055664,15.365680694580078,0.08835671097040176,0.09020726382732391
,311,,,,,,227447,35.920047760009766,0.8428633809089661,24.71233558654785,25.77970314025879,-0.8176913857460022,0.0291131678968668,14.980799674987793,14.91327953338623,0.06062479317188263,0.0685667172074318,,,,
35.850467681884766,311,0.8793743252754211,24.70264434814453,26.023895263671875,-0.8204402923583984,0.029363883659243584,227447,,,,,,,,,,,15.155801773071289,15.299683570861816,0.08794490247964859,0.08836054801940918
,312,,,,,,228176,35.54490661621094,0.7966093420982361,24.632102966308594,25.61149787902832,-0.8176956176757812,0.028999727219343185,14.822242736816406,14.805914878845215,0.06086205318570137,0.05535591393709183,,,,
35.98215866088867,312,0.8638761639595032,24.708452224731445,26.016653060913086,-0.8205783367156982,0.029399080201983452,228176,,,,,,,,,,,15.126420974731445,15.290138244628906,0.08732005953788757,0.08793488889932632
,313,,,,,,228905,35.69141387939453,0.8160927295684814,24.682212829589844,25.774076461791992,-0.8173658847808838,0.029111448675394058,14.884517669677734,15.079954147338867,0.07400722056627274,0.06275320798158646,,,,
35.617271423339844,313,0.9137118458747864,24.679588317871094,26.017276763916016,-0.8205674886703491,0.02935086563229561,228905,,,,,,,,,,,15.1524076461792,15.312433242797852,0.08863671869039536,0.08753254264593124
,314,,,,,,229634,35.259483337402344,0.8040148019790649,24.66840171813965,25.75558090209961,-0.8163569569587708,0.02873462438583374,14.978838920593262,15.018738746643066,0.07332827150821686,0.0637027770280838,,,,
35.5688362121582,314,0.8816819787025452,24.671791076660156,25.990304946899414,-0.8207804560661316,0.029414452612400055,229634,,,,,,,,,,,15.135493278503418,15.297847747802734,0.08939942717552185,0.08613906800746918
,315,,,,,,230363,35.34980010986328,0.7154120206832886,24.630891799926758,25.551532745361328,-0.817158579826355,0.02891542576253414,14.7401762008667,14.935521125793457,0.05726681277155876,0.055321067571640015,,,,
35.479061126708984,315,0.8788284063339233,24.66796875,25.97626304626465,-0.8205292224884033,0.029381243512034416,230363,,,,,,,,,,,15.137842178344727,15.303335189819336,0.0874704048037529,0.08630605041980743
,316,,,,,,231092,34.99851989746094,0.8992378115653992,24.59868049621582,25.62685203552246,-0.8171960115432739,0.028763413429260254,14.716684341430664,14.88623046875,0.06006558611989021,0.055642738938331604,,,,
35.56789016723633,316,0.842518150806427,24.660795211791992,25.94254493713379,-0.8202019929885864,0.029363922774791718,231092,,,,,,,,,,,15.060789108276367,15.27453327178955,0.08639323711395264,0.08570598810911179
,317,,,,,,231821,35.54686737060547,0.7347843050956726,24.636259078979492,25.617008209228516,-0.8183179497718811,0.029164869338274002,14.85582447052002,14.880708694458008,0.06456981599330902,0.0581025630235672,,,,
35.763145446777344,317,0.8803402781486511,24.663930892944336,25.961963653564453,-0.8204869627952576,0.02928418479859829,231821,,,,,,,,,,,15.013671875,15.24985408782959,0.08686909079551697,0.08469582349061966
,318,,,,,,232550,35.51268005371094,0.7116135358810425,24.632240295410156,25.588850021362305,-0.8168480396270752,0.02880450338125229,14.715537071228027,14.924777030944824,0.06385790556669235,0.0562976710498333,,,,
35.585384368896484,318,0.8403679132461548,24.63929557800293,25.918001174926758,-0.8211361169815063,0.029500791803002357,232550,,,,,,,,,,,14.998709678649902,15.24111270904541,0.0868438333272934,0.08486130833625793
,319,,,,,,233279,34.819339752197266,0.9034071564674377,24.56439208984375,25.570222854614258,-0.8181185722351074,0.029032215476036072,14.738555908203125,14.74399185180664,0.05503015220165253,0.05579275265336037,,,,
35.49604034423828,319,0.8676422834396362,24.6215877532959,25.907073974609375,-0.8211369514465332,0.029377127066254616,233279,,,,,,,,,,,14.99832534790039,15.19749927520752,0.08540099859237671,0.08493191003799438
,320,,,,,,234008,36.194881439208984,1.3113845586776733,24.6861629486084,26.151046752929688,-0.8181546330451965,0.029188720509409904,14.994660377502441,14.91728687286377,0.0684795007109642,0.09336049854755402,,,,
35.68926239013672,320,0.8178625106811523,24.62826919555664,25.87774658203125,-0.8210006356239319,0.02953854762017727,234008,,,,,,,,,,,14.965524673461914,15.166510581970215,0.08417127281427383,0.08393587917089462
,321,,,,,,234737,35.11800765991211,0.9854382276535034,24.552417755126953,25.566326141357422,-0.8187064528465271,0.02916320040822029,14.61369800567627,14.677316665649414,0.05146292969584465,0.05277499184012413,,,,
35.783409118652344,321,0.8323427438735962,24.628219604492188,25.876161575317383,-0.8213605284690857,0.029475651681423187,234737,,,,,,,,,,,15.036113739013672,15.064573287963867,0.08297489583492279,0.08337916433811188
,322,,,,,,235466,35.65333557128906,1.0079869031906128,24.627952575683594,25.785276412963867,-0.8190699219703674,0.029311392456293106,14.691021919250488,15.002893447875977,0.0648607537150383,0.06580308079719543,,,,
35.56247329711914,322,0.7998881936073303,24.602697372436523,25.833444595336914,-0.8213023543357849,0.029410772025585175,235466,,,,,,,,,,,14.94984245300293,15.095913887023926,0.0833883062005043,0.08277048915624619
,323,,,,,,236195,35.40304946899414,0.6821290850639343,24.582927703857422,25.489639282226562,-0.8181067705154419,0.02908994071185589,14.714249610900879,14.629536628723145,0.05907801166176796,0.05405021458864212,,,,
35.4576530456543,323,0.7750957012176514,24.5992374420166,25.8134765625,-0.821248471736908,0.02945619635283947,236195,,,,,,,,,,,14.973159790039062,15.109045028686523,0.08320122212171555,0.08213776350021362
,324,,,,,,236924,35.10466384887695,0.823353111743927,24.59385108947754,25.622589111328125,-0.8187536597251892,0.02927878312766552,14.729076385498047,14.813026428222656,0.05962446704506874,0.06379147619009018,,,,
35.334434509277344,324,0.8290287256240845,24.596454620361328,25.841196060180664,-0.8215717673301697,0.02952086180448532,236924,,,,,,,,,,,14.997063636779785,15.059965133666992,0.08359384536743164,0.08245517313480377
,325,,,,,,237653,35.29669189453125,0.7689304947853088,24.57958221435547,25.591402053833008,-0.818604052066803,0.02912912704050541,14.692096710205078,14.79195785522461,0.061738088726997375,0.06373018771409988,,,,
35.40068435668945,325,0.8459908366203308,24.583938598632812,25.83524513244629,-0.8216491341590881,0.029513031244277954,237653,,,,,,,,,,,14.922737121582031,15.058812141418457,0.08297232538461685,0.0826890841126442
,326,,,,,,238382,35.71040725708008,1.4277307987213135,24.643978118896484,26.18109130859375,-0.818144679069519,0.029259247705340385,14.80734920501709,14.929441452026367,0.09515459835529327,0.06949087977409363,,,,
35.18315505981445,326,0.796099066734314,24.566789627075195,25.784412384033203,-0.8216764330863953,0.029489558190107346,238382,,,,,,,,,,,14.945125579833984,14.991050720214844,0.08144602179527283,0.08246708661317825
,327,,,,,,239111,35.7979736328125,0.9776540398597717,24.617334365844727,25.8280086517334,-0.8180353045463562,0.029043816030025482,14.784782409667969,14.783180236816406,0.06295757740736008,0.08140817284584045,,,,
35.495689392089844,327,0.8237945437431335,24.577470779418945,25.795005798339844,-0.8216087818145752,0.029485570266842842,239111,,,,,,,,,,,14.874954223632812,15.049327850341797,0.08093208819627762,0.08019566535949707
,328,,,,,,239840,35.566680908203125,0.8059875965118408,24.57827377319336,25.652183532714844,-0.818159282207489,0.029032668098807335,14.644146919250488,14.782120704650879,0.07620707899332047,0.05797677859663963,,,,
35.60688400268555,328,0.8409754633903503,24.573577880859375,25.805299758911133,-0.821719229221344,0.02943555638194084,239840,,,,,,,,,,,14.86237621307373,15.00631046295166,0.08148624747991562,0.08076402544975281
,329,,,,,,240569,35.10164260864258,0.6857102513313293,24.554054260253906,25.436845779418945,-0.8184013962745667,0.028995240107178688,14.70461368560791,14.611516952514648,0.053804781287908554,0.054178375750780106,,,,
35.45156478881836,329,0.8017169833183289,24.56256675720215,25.76806640625,-0.8217164874076843,0.029478712007403374,240569,,,,,,,,,,,14.901166915893555,14.99437141418457,0.08076103031635284,0.08016841858625412
,330,,,,,,241298,35.48110580444336,0.9414007067680359,24.594770431518555,25.717485427856445,-0.8187437653541565,0.029285769909620285,14.73620891571045,14.703749656677246,0.05946783721446991,0.07093404233455658,,,,
35.30961227416992,330,0.8221104145050049,24.559566497802734,25.781299591064453,-0.8218982815742493,0.029488014057278633,241298,,,,,,,,,,,14.863122940063477,15.004975318908691,0.08057289570569992,0.08156183362007141
,331,,,,,,242027,36.10930252075195,1.619923710823059,24.63687515258789,26.286630630493164,-0.8183589577674866,0.0292352307587862,14.798125267028809,14.853632926940918,0.08356940001249313,0.08438767492771149,,,,
35.28618240356445,331,0.8613945245742798,24.547903060913086,25.776134490966797,-0.8217800259590149,0.029431883245706558,242027,,,,,,,,,,,14.882078170776367,14.97337818145752,0.08003386110067368,0.07947440445423126
,332,,,,,,242756,34.623016357421875,0.6889488101005554,24.517866134643555,25.414180755615234,-0.8181822896003723,0.028940871357917786,14.573348999023438,14.621214866638184,0.05752333626151085,0.05285164713859558,,,,
35.141517639160156,332,0.829269289970398,24.548776626586914,25.768835067749023,-0.8219064474105835,0.029437430202960968,242756,,,,,,,,,,,14.886744499206543,14.967400550842285,0.0814557671546936,0.0796281173825264
,333,,,,,,243485,35.36335372924805,1.2949612140655518,24.599687576293945,25.96218490600586,-0.8194813132286072,0.029488615691661835,14.701009750366211,14.729331970214844,0.0703764483332634,0.07262451201677322,,,,
35.07402038574219,333,0.7961392402648926,24.542560577392578,25.736480712890625,-0.8218305110931396,0.029445962980389595,243485,,,,,,,,,,,14.904060363769531,14.88809871673584,0.08000009506940842,0.07916997373104095
,334,,,,,,244214,34.6689567565918,0.688816249370575,24.513452529907227,25.42792320251465,-0.8193709254264832,0.02932560071349144,14.581977844238281,14.590714454650879,0.06074012070894241,0.05327761918306351,,,,
34.90557861328125,334,0.8060798645019531,24.5323486328125,25.72861671447754,-0.8219181299209595,0.029468324035406113,244214,,,,,,,,,,,14.81583309173584,14.942571640014648,0.0789448544383049,0.07970175892114639
,335,,,,,,244943,35.140830993652344,1.49763822555542,24.58872413635254,26.177692413330078,-0.8188762664794922,0.029385745525360107,14.747462272644043,14.675942420959473,0.08809532970190048,0.0799379050731659,,,,
34.939903259277344,335,0.7580622434616089,24.531335830688477,25.699676513671875,-0.8220189213752747,0.029495446011424065,244943,,,,,,,,,,,14.772809982299805,14.924844741821289,0.07910346239805222,0.0787617489695549
,336,,,,,,245672,35.36876678466797,1.2078388929367065,24.555994033813477,25.871597290039062,-0.8207765221595764,0.029826080426573753,14.610321044921875,14.663643836975098,0.07872792333364487,0.0636134147644043,,,,
34.925376892089844,336,0.8061663508415222,24.506982803344727,25.69905662536621,-0.8219701647758484,0.029464684426784515,245672,,,,,,,,,,,14.723751068115234,14.92187213897705,0.07856792956590652,0.07922443747520447
,337,,,,,,246401,34.65252685546875,0.682931661605835,24.496553421020508,25.356801986694336,-0.8197988867759705,0.029316093772649765,14.542558670043945,14.477630615234375,0.05435098707675934,0.049405794590711594,,,,
34.754825592041016,337,0.7591820359230042,24.50170135498047,25.66581916809082,-0.8222595453262329,0.02949943020939827,246401,,,,,,,,,,,14.76362133026123,14.903024673461914,0.078946053981781,0.07796081155538559
,338,,,,,,247130,34.627479553222656,0.6980421543121338,24.50319480895996,25.44782066345215,-0.8198013305664062,0.029343131929636,14.50054931640625,14.588077545166016,0.06881709396839142,0.05030817165970802,,,,
34.78378677368164,338,0.7810856103897095,24.500425338745117,25.674026489257812,-0.8224607110023499,0.02953813038766384,247130,,,,,,,,,,,14.72900676727295,14.914336204528809,0.07873525470495224,0.07787665724754333
,339,,,,,,247859,35.00900650024414,0.9101966023445129,24.5300235748291,25.577686309814453,-0.8201302886009216,0.02959206886589527,14.534027099609375,14.672795295715332,0.05692169815301895,0.06159134954214096,,,,
34.832481384277344,339,0.777029812335968,24.500621795654297,25.665740966796875,-0.8221535682678223,0.02950371243059635,247859,,,,,,,,,,,14.756509780883789,14.890460014343262,0.07775529474020004,0.07756353169679642
,340,,,,,,248588,35.292274475097656,1.3289730548858643,24.560932159423828,25.983530044555664,-0.8195355534553528,0.029386961832642555,14.634389877319336,14.753475189208984,0.08449266105890274,0.06712877750396729,,,,
35.061363220214844,340,0.8145132660865784,24.50536346435547,25.689424514770508,-0.8223159313201904,0.029478084295988083,248588,,,,,,,,,,,14.800670623779297,14.838906288146973,0.07749252021312714,0.07786767929792404
,341,,,,,,249317,35.56869888305664,1.2992068529129028,24.559608459472656,25.939208984375,-0.8198151588439941,0.02953895926475525,14.565385818481445,14.67365550994873,0.07849738001823425,0.06749970465898514,,,,
35.009925842285156,341,0.7876079678535461,24.489900588989258,25.6545352935791,-0.8225458264350891,0.029540812596678734,249317,,,,,,,,,,,14.757575035095215,14.822659492492676,0.07725605368614197,0.07691074907779694
,342,,,,,,250046,34.05827331542969,1.117916226387024,24.423809051513672,25.475919723510742,-0.8192954659461975,0.029018841683864594,14.383899688720703,14.344192504882812,0.04970341548323631,0.04892493039369583,,,,
34.98183822631836,342,0.7868914604187012,24.492223739624023,25.65505027770996,-0.8224243521690369,0.029541730880737305,250046,,,,,,,,,,,14.73919677734375,14.817138671875,0.07714575529098511,0.07673181593418121
,343,,,,,,250775,34.92527770996094,1.0909020900726318,24.542699813842773,25.755163192749023,-0.818938136100769,0.02930322289466858,14.617605209350586,14.560195922851562,0.07504849135875702,0.05835111066699028,,,,
34.872249603271484,343,0.8122228384017944,24.48565101623535,25.657258987426758,-0.8225452303886414,0.02955589070916176,250775,,,,,,,,,,,14.785269737243652,14.723648071289062,0.07661725580692291,0.07648121565580368
,344,,,,,,251504,34.13211441040039,0.8331801891326904,24.426048278808594,25.34879493713379,-0.8205995559692383,0.029363378882408142,14.32603931427002,14.413548469543457,0.050787702202796936,0.05044515058398247,,,,
34.79802703857422,344,0.759577214717865,24.47749900817871,25.620973587036133,-0.8223606944084167,0.02954106405377388,251504,,,,,,,,,,,14.679858207702637,14.831974029541016,0.07653173059225082,0.07620368152856827
,345,,,,,,252233,34.62206268310547,0.7180051803588867,24.486793518066406,25.351320266723633,-0.8197769522666931,0.02932755835354328,14.393047332763672,14.472745895385742,0.05070352181792259,0.050400108098983765,,,,
34.71476745605469,345,0.7665222883224487,24.464813232421875,25.613168716430664,-0.8228643536567688,0.029619267210364342,252233,,,,,,,,,,,14.697022438049316,14.768230438232422,0.07643480598926544,0.07658451050519943
,346,,,,,,252962,34.808326721191406,0.9568703174591064,24.508821487426758,25.616008758544922,-0.8202198147773743,0.029550742357969284,14.510242462158203,14.493462562561035,0.06597870588302612,0.059771012514829636,,,,
34.657230377197266,346,0.7712332010269165,24.460397720336914,25.611032485961914,-0.8225030303001404,0.02962646074593067,252962,,,,,,,,,,,14.67719554901123,14.769669532775879,0.07669398933649063,0.07630828022956848
,347,,,,,,253691,34.64356994628906,0.840947151184082,24.492515563964844,25.54828643798828,-0.8206382393836975,0.0295775905251503,14.413270950317383,14.586121559143066,0.06077472120523453,0.06628788262605667,,,,
34.66534423828125,347,0.792289674282074,24.468589782714844,25.625179290771484,-0.8225231766700745,0.029588280245661736,253691,,,,,,,,,,,14.654202461242676,14.82099723815918,0.07682617008686066,0.07526208460330963
,348,,,,,,254420,34.68159103393555,0.660372257232666,24.471961975097656,25.346128463745117,-0.8196881413459778,0.029253097251057625,14.39892864227295,14.417076110839844,0.05204625800251961,0.056750357151031494,,,,
34.76667404174805,348,0.8123498558998108,24.455963134765625,25.621055603027344,-0.8229354619979858,0.02958744578063488,254420,,,,,,,,,,,14.645121574401855,14.775789260864258,0.07593494653701782,0.07584681361913681
,349,,,,,,255149,34.66345977783203,0.7213560938835144,24.475919723510742,25.384563446044922,-0.8193866610527039,0.029192283749580383,14.386653900146484,14.483426094055176,0.054698824882507324,0.0548931285738945,,,,
34.64908981323242,349,0.7877834439277649,24.45806884765625,25.597972869873047,-0.8227933645248413,0.029601508751511574,255149,,,,,,,,,,,14.624077796936035,14.794673919677734,0.07411288470029831,0.07508969306945801
,350,,,,,,255878,34.49168395996094,0.7637935280799866,24.48786735534668,25.427579879760742,-0.8201282024383545,0.029441654682159424,14.415641784667969,14.49443244934082,0.05699344351887703,0.05456988885998726,,,,
34.76000213623047,350,0.7872012853622437,24.45637321472168,25.60443687438965,-0.8230556845664978,0.02960336022078991,255878,,,,,,,,,,,14.68533706665039,14.754491806030273,0.07599830627441406,0.07489445060491562
,351,,,,,,256607,34.07640075683594,0.6861651539802551,24.46908950805664,25.387327194213867,-0.8196191787719727,0.029319260269403458,14.461419105529785,14.446317672729492,0.06350067257881165,0.05153230205178261,,,,
34.41193771362305,351,0.793720543384552,24.454612731933594,25.60421371459961,-0.8230615258216858,0.02961869165301323,256607,,,,,,,,,,,14.72253704071045,14.695245742797852,0.07537178695201874,0.07517845928668976
,352,,,,,,257336,33.5340576171875,0.8544474840164185,24.39542007446289,25.295799255371094,-0.8203402161598206,0.029287921264767647,14.32066535949707,14.375328063964844,0.04725947603583336,0.04737318679690361,,,,
34.28789520263672,352,0.7869024276733398,24.436508178710938,25.579118728637695,-0.8233978152275085,0.029711121693253517,257336,,,,,,,,,,,14.651561737060547,14.724167823791504,0.07455464452505112,0.0752747431397438
,353,,,,,,258065,34.44596862792969,0.9118442535400391,24.485462188720703,25.60692024230957,-0.8194223642349243,0.02923121117055416,14.535850524902344,14.423845291137695,0.076985664665699,0.056121859699487686,,,,
34.39142608642578,353,0.7747642993927002,24.440631866455078,25.57356071472168,-0.8233490586280823,0.029628735035657883,258065,,,,,,,,,,,14.635334968566895,14.770816802978516,0.0744938850402832,0.07461842149496078
,354,,,,,,258794,34.028564453125,0.6675136089324951,24.45267677307129,25.416309356689453,-0.8189419507980347,0.02903231419622898,14.460489273071289,14.419305801391602,0.06602835655212402,0.05994514748454094,,,,
34.28563690185547,354,0.7351242899894714,24.434316635131836,25.541763305664062,-0.8230434060096741,0.029526950791478157,258794,,,,,,,,,,,14.646875381469727,14.68047046661377,0.07463238388299942,0.07334107905626297
,355,,,,,,259523,34.207401275634766,0.725375771522522,24.453407287597656,25.357791900634766,-0.8194859623908997,0.029283680021762848,14.333070755004883,14.38608455657959,0.0558723621070385,0.052466657012701035,,,,
34.41091537475586,355,0.7481051683425903,24.42871856689453,25.54987144470215,-0.823471188545227,0.02970380336046219,259523,,,,,,,,,,,14.61124324798584,14.701297760009766,0.07473233342170715,0.0746852457523346
,356,,,,,,260252,34.54512023925781,0.946179211139679,24.469341278076172,25.535030364990234,-0.8201283812522888,0.02940467745065689,14.480988502502441,14.337320327758789,0.056745052337646484,0.06177620217204094,,,,
34.435699462890625,356,0.7499034404754639,24.420547485351562,25.533050537109375,-0.8230761289596558,0.029620572924613953,260252,,,,,,,,,,,14.576208114624023,14.651623725891113,0.07409419119358063,0.07341669499874115
,357,,,,,,260981,34.69514465332031,1.4349541664123535,24.50078010559082,25.999717712402344,-0.8208116888999939,0.029626337811350822,14.474289894104004,14.656851768493652,0.08667870610952377,0.06961143761873245,,,,
34.3802490234375,357,0.719994843006134,24.424028396606445,25.522781372070312,-0.823494553565979,0.02964526042342186,260981,,,,,,,,,,,14.600580215454102,14.696141242980957,0.0735173225402832,0.07423155754804611
,358,,,,,,261710,34.1928825378418,0.8512294292449951,24.471054077148438,25.498498916625977,-0.8191050291061401,0.029255801811814308,14.337482452392578,14.485516548156738,0.0684484988451004,0.05191953107714653,,,,
34.259483337402344,358,0.7583301067352295,24.412817001342773,25.52965545654297,-0.823185920715332,0.029612647369503975,261710,,,,,,,,,,,14.593052864074707,14.657668113708496,0.07370307296514511,0.07383249700069427
,359,,,,,,262439,34.17991256713867,0.6406624913215637,24.42310905456543,25.233314514160156,-0.8203260898590088,0.029320457950234413,14.2715482711792,14.399616241455078,0.05185508355498314,0.046119049191474915,,,,
34.38142776489258,359,0.7487833499908447,24.409482955932617,25.520015716552734,-0.8234348893165588,0.02957489900290966,262439,,,,,,,,,,,14.622340202331543,14.711721420288086,0.0740344375371933,0.07319800555706024
,360,,,,,,263168,34.50823211669922,1.0411477088928223,24.462980270385742,25.597064971923828,-0.8209964036941528,0.029677754268050194,14.50980281829834,14.335383415222168,0.061448946595191956,0.06125297397375107,,,,
34.28603744506836,360,0.7389829754829407,24.40282440185547,25.499601364135742,-0.823394238948822,0.029620449990034103,263168,,,,,,,,,,,14.582496643066406,14.680338859558105,0.07224006205797195,0.07321687787771225
,361,,,,,,263897,34.081520080566406,0.7636157870292664,24.424631118774414,25.365516662597656,-0.8202012777328491,0.029322035610675812,14.429289817810059,14.29798412322998,0.05613033100962639,0.05568144842982292,,,,
34.39340591430664,361,0.7178409099578857,24.39350128173828,25.481616973876953,-0.823451817035675,0.02964850328862667,263897,,,,,,,,,,,14.581482887268066,14.593255996704102,0.0722363218665123,0.07359668612480164
,362,,,,,,264626,34.24787139892578,0.7933589220046997,24.43315887451172,25.434051513671875,-0.8215740919113159,0.029745325446128845,14.442567825317383,14.267638206481934,0.07214704155921936,0.04869610816240311,,,,
34.284202575683594,362,0.7257609963417053,24.399795532226562,25.48775291442871,-0.8235431909561157,0.029654039070010185,264626,,,,,,,,,,,14.592991828918457,14.634893417358398,0.07322899252176285,0.07179320603609085
,363,,,,,,265355,34.112693786621094,0.9460535049438477,24.448957443237305,25.615427017211914,-0.8200917840003967,0.029384419322013855,14.491948127746582,14.322643280029297,0.08691363036632538,0.05177272856235504,,,,
34.38981246948242,363,0.7400040030479431,24.393766403198242,25.487173080444336,-0.8235190510749817,0.02963895909488201,265355,,,,,,,,,,,14.555045127868652,14.57715129852295,0.07221155613660812,0.07246294617652893
,364,,,,,,266084,34.85964584350586,1.2588716745376587,24.48780059814453,25.79615020751953,-0.8201428055763245,0.02943813055753708,14.320539474487305,14.471803665161133,0.0742684006690979,0.061514727771282196,,,,
34.2470817565918,364,0.7616531848907471,24.392986297607422,25.498014450073242,-0.8234736919403076,0.02961384318768978,266084,,,,,,,,,,,14.52210807800293,14.603466033935547,0.07211803644895554,0.07272036373615265
,365,,,,,,266813,33.9494514465332,0.6624208092689514,24.383663177490234,25.16625213623047,-0.821083664894104,0.029476158320903778,14.164950370788574,14.206558227539062,0.04679819196462631,0.04347509518265724,,,,
34.309547424316406,365,0.7409810423851013,24.386457443237305,25.476078033447266,-0.823445737361908,0.02954467199742794,266813,,,,,,,,,,,14.465381622314453,14.559847831726074,0.0717867761850357,0.07203946262598038
,366,,,,,,267542,34.79242706298828,1.472817301750183,24.47700309753418,26.052278518676758,-0.8205462694168091,0.029550479725003242,14.502223014831543,14.352887153625488,0.09113658964633942,0.07663755118846893,,,,
34.26319885253906,366,0.8079434633255005,24.380857467651367,25.50337028503418,-0.8236533403396606,0.029616596177220345,267542,,,,,,,,,,,14.447972297668457,14.608284950256348,0.07099642604589462,0.07270943373441696
,367,,,,,,268271,33.838504791259766,0.6726782321929932,24.379409790039062,25.182979583740234,-0.8205404877662659,0.029277611523866653,14.227941513061523,14.198052406311035,0.048049312084913254,0.04539830982685089,,,,
34.301700592041016,367,0.7646742463111877,24.38117218017578,25.481769561767578,-0.8241629004478455,0.029721328988671303,268271,,,,,,,,,,,14.506245613098145,14.641176223754883,0.07108160108327866,0.07257343083620071
,368,,,,,,269000,34.180259704589844,0.757817804813385,24.421844482421875,25.362703323364258,-0.8214656710624695,0.029714170843362808,14.226434707641602,14.407508850097656,0.06267404556274414,0.04972057789564133,,,,
34.1243896484375,368,0.7945663332939148,24.374675750732422,25.489070892333984,-0.824012815952301,0.029727112501859665,269000,,,,,,,,,,,14.511678695678711,14.58944320678711,0.07175382226705551,0.07167325913906097
,369,,,,,,269729,34.02004623413086,0.7804840803146362,24.413467407226562,25.374080657958984,-0.8201490640640259,0.029332002624869347,14.337614059448242,14.26732349395752,0.06473411619663239,0.049341827630996704,,,,
34.07886505126953,369,0.791845977306366,24.368494033813477,25.474761962890625,-0.8238150477409363,0.02958820015192032,269729,,,,,,,,,,,14.51906681060791,14.58169174194336,0.07058461010456085,0.07148464769124985
,370,,,,,,270458,34.55701446533203,1.3960192203521729,24.46242904663086,25.907867431640625,-0.820554792881012,0.029577506706118584,14.488238334655762,14.398701667785645,0.08199591189622879,0.06749139726161957,,,,
34.13979721069336,370,0.7921567559242249,24.367860794067383,25.473556518554688,-0.824245274066925,0.029697449877858162,270458,,,,,,,,,,,14.500436782836914,14.58442497253418,0.07020960003137589,0.07171296328306198
,371,,,,,,271187,34.2277717590332,0.885808527469635,24.42042350769043,25.43233871459961,-0.8202723860740662,0.029386531561613083,14.367781639099121,14.267617225646973,0.058232616633176804,0.055573899298906326,,,,
34.313777923583984,371,0.7400648593902588,24.368772506713867,25.443668365478516,-0.8240070343017578,0.029735563322901726,271187,,,,,,,,,,,14.487678527832031,14.548234939575195,0.07103025913238525,0.06994371116161346
,372,,,,,,271916,33.984169006347656,0.6899358034133911,24.38117027282715,25.21870994567871,-0.8210428357124329,0.029432611539959908,14.19832992553711,14.249191284179688,0.052836824208498,0.04567655548453331,,,,
34.14356994628906,372,0.7314189076423645,24.37281608581543,25.44809341430664,-0.8239712715148926,0.02968561463057995,271916,,,,,,,,,,,14.502213478088379,14.528205871582031,0.07164427638053894,0.07026749104261398
,373,,,,,,272645,34.12633514404297,0.9882174730300903,24.41901206970215,25.59930419921875,-0.8218989372253418,0.029798153787851334,14.430514335632324,14.22648811340332,0.07336904853582382,0.06386613100767136,,,,
34.03666305541992,373,0.7375344038009644,24.346107482910156,25.43035888671875,-0.8246039152145386,0.029758945107460022,272645,,,,,,,,,,,14.491931915283203,14.52722454071045,0.07144249230623245,0.07165315747261047
,374,,,,,,273374,34.237876892089844,0.7553300261497498,24.402145385742188,25.292295455932617,-0.82114577293396,0.029504982754588127,14.227494239807129,14.33836555480957,0.048370447009801865,0.05412815138697624,,,,
34.14033889770508,374,0.7270940542221069,24.352144241333008,25.42458152770996,-0.8243882656097412,0.0297482181340456,273374,,,,,,,,,,,14.446741104125977,14.531335830688477,0.07122279703617096,0.07055693864822388
,375,,,,,,274103,33.96913528442383,0.783435583114624,24.391435623168945,25.37542152404785,-0.8206877708435059,0.029471073299646378,14.347719192504883,14.247041702270508,0.0650111734867096,0.05344946309924126,,,,
34.0112419128418,375,0.7450433969497681,24.356168746948242,25.44108009338379,-0.8238798379898071,0.029681432992219925,274103,,,,,,,,,,,14.460548400878906,14.55764389038086,0.07113667577505112,0.07134252786636353
,376,,,,,,274832,33.739768981933594,0.7788397669792175,24.401750564575195,25.381349563598633,-0.8209394812583923,0.029506772756576538,14.354253768920898,14.269262313842773,0.059428032487630844,0.05860290303826332,,,,
33.891963958740234,376,0.7008922696113586,24.348453521728516,25.404748916625977,-0.8242310285568237,0.029710885137319565,274832,,,,,,,,,,,14.475101470947266,14.56615924835205,0.0701540857553482,0.0710156112909317
,377,,,,,,275561,34.363525390625,1.2153980731964111,24.424640655517578,25.726951599121094,-0.8214733004570007,0.02973119728267193,14.341979026794434,14.304126739501953,0.06294085085391998,0.07597719132900238,,,,
34.11314392089844,377,0.6922488808631897,24.340065002441406,25.388967514038086,-0.8244048953056335,0.029696742072701454,275561,,,,,,,,,,,14.448801040649414,14.509355545043945,0.07051246613264084,0.07003799080848694
,378,,,,,,276290,33.9743537902832,0.9257800579071045,24.40972328186035,25.471450805664062,-0.821205735206604,0.029641980305314064,14.273221015930176,14.3101806640625,0.06140907108783722,0.05835997685790062,,,,
33.9510612487793,378,0.7276624441146851,24.336830139160156,25.398950576782227,-0.8244006633758545,0.029707372188568115,276290,,,,,,,,,,,14.463884353637695,14.491690635681152,0.06989875435829163,0.06976087391376495
,379,,,,,,277019,34.2279167175293,0.8008516430854797,24.38623809814453,25.326480865478516,-0.8214436173439026,0.029471982270479202,14.259167671203613,14.189806938171387,0.052958615124225616,0.05500778928399086,,,,
33.98748016357422,379,0.7251675724983215,24.334716796875,25.391008377075195,-0.8245425820350647,0.029674962162971497,277019,,,,,,,,,,,14.415282249450684,14.506280899047852,0.0700424537062645,0.06870090216398239
,380,,,,,,277748,34.184200286865234,0.8614497780799866,24.390588760375977,25.401512145996094,-0.822192370891571,0.029731038957834244,14.24422836303711,14.2206392288208,0.05683479458093643,0.059209320694208145,,,,
34.12232208251953,380,0.6828848719596863,24.32472038269043,25.361392974853516,-0.8245803117752075,0.029728593304753304,277748,,,,,,,,,,,14.433793067932129,14.420510292053223,0.06904177367687225,0.07000701874494553
,381,,,,,,278477,34.514583587646484,0.9689322113990784,24.415185928344727,25.487096786499023,-0.8211126327514648,0.029511157423257828,14.286643981933594,14.253116607666016,0.0668158158659935,0.0506720207631588,,,,
34.08903884887695,381,0.7242162823677063,24.32391929626465,25.380447387695312,-0.824761152267456,0.029758969321846962,278477,,,,,,,,,,,14.442269325256348,14.455077171325684,0.06912709772586823,0.06975357979536057
,382,,,,,,279206,33.5944938659668,0.629934549331665,24.352155685424805,25.146249771118164,-0.8216725587844849,0.029492072761058807,14.161075592041016,14.195579528808594,0.050863977521657944,0.04496363177895546,,,,
34.12173080444336,382,0.6979027986526489,24.335708618164062,25.36927032470703,-0.8246769309043884,0.029721124097704887,279206,,,,,,,,,,,14.396251678466797,14.46921157836914,0.06819513440132141,0.06872235238552094
,383,,,,,,279935,34.06708526611328,1.054439902305603,24.407499313354492,25.630056381225586,-0.8217930197715759,0.029817886650562286,14.274847984313965,14.314863204956055,0.07122525572776794,0.06783916056156158,,,,
33.882022857666016,383,0.7554333806037903,24.320219039916992,25.38713264465332,-0.8246620893478394,0.02972973696887493,279935,,,,,,,,,,,14.403057098388672,14.507542610168457,0.06859220564365387,0.06924530863761902
,384,,,,,,280664,34.51646041870117,1.3143872022628784,24.42343521118164,25.841951370239258,-0.8212710022926331,0.02957252226769924,14.284585952758789,14.354626655578613,0.07746557891368866,0.07479729503393173,,,,
34.00350570678711,384,0.7463432550430298,24.3204345703125,25.38556671142578,-0.8246012926101685,0.02977694571018219,280664,,,,,,,,,,,14.37908935546875,14.494919776916504,0.068733811378479,0.06965804100036621
,385,,,,,,281393,34.17601776123047,1.189630150794983,24.415681838989258,25.68207359313965,-0.8217548727989197,0.02980758063495159,14.356618881225586,14.212331771850586,0.06127670034766197,0.07304047048091888,,,,
33.92774963378906,385,0.7245436906814575,24.323760986328125,25.366487503051758,-0.8240690231323242,0.02968132309615612,281393,,,,,,,,,,,14.407215118408203,14.481501579284668,0.06769295036792755,0.06839896738529205
,386,,,,,,282122,34.29961395263672,1.809247374534607,24.47564125061035,26.195171356201172,-0.8207097053527832,0.02967236377298832,14.301637649536133,14.48251724243164,0.07535462826490402,0.08762671053409576,,,,
33.802703857421875,386,0.7171886563301086,24.316564559936523,25.357471466064453,-0.8245263695716858,0.029850106686353683,282122,,,,,,,,,,,14.403053283691406,14.443543434143066,0.0683555155992508,0.0681091770529747
,387,,,,,,282851,33.869564056396484,1.270617127418518,24.414813995361328,25.804250717163086,-0.8210280537605286,0.029583266004920006,14.355536460876465,14.310333251953125,0.07598590105772018,0.074838787317276,,,,
33.85432052612305,387,0.6863572001457214,24.318017959594727,25.344135284423828,-0.8242805004119873,0.029681380838155746,282851,,,,,,,,,,,14.388011932373047,14.495260238647461,0.06865841150283813,0.06793674826622009
,388,,,,,,283580,33.68620681762695,1.0902549028396606,24.397167205810547,25.570100784301758,-0.820695161819458,0.029615366831421852,14.20146369934082,14.256782531738281,0.06315679848194122,0.062406156212091446,,,,
33.513877868652344,388,0.6847562789916992,24.317180633544922,25.338655471801758,-0.8240926265716553,0.02965405583381653,283580,,,,,,,,,,,14.379007339477539,14.43535041809082,0.06765805929899216,0.06816434115171432
,389,,,,,,284309,33.75594711303711,0.8792136907577515,24.373088836669922,25.405780792236328,-0.8216903209686279,0.029609575867652893,14.33827018737793,14.083993911743164,0.06404393166303635,0.05457860603928566,,,,
33.57733917236328,389,0.696815013885498,24.29871940612793,25.327503204345703,-0.8248252272605896,0.02980215661227703,284309,,,,,,,,,,,14.323110580444336,14.434558868408203,0.06839901953935623,0.06767909228801727
,390,,,,,,285038,33.816654205322266,1.0355100631713867,24.385543823242188,25.636449813842773,-0.821539580821991,0.029584627598524094,14.365453720092773,14.216235160827637,0.07760338485240936,0.0690232366323471,,,,
33.7264289855957,390,0.7613773345947266,24.30204963684082,25.37087059020996,-0.8245888948440552,0.02968432754278183,285038,,,,,,,,,,,14.3594331741333,14.409661293029785,0.0688355416059494,0.06879328191280365
,391,,,,,,285767,33.48660659790039,0.6444076895713806,24.345489501953125,25.218379974365234,-0.8204148411750793,0.029178649187088013,14.19302749633789,14.181815147399902,0.05910070985555649,0.05103655904531479,,,,
33.62638473510742,391,0.7057381868362427,24.30321502685547,25.33832359313965,-0.8250777125358582,0.029771292582154274,285767,,,,,,,,,,,14.369626998901367,14.470104217529297,0.06777092814445496,0.06867470592260361
,392,,,,,,286496,34.29132843017578,1.4969538450241089,24.422988891601562,25.8786678314209,-0.8220164179801941,0.02986358478665352,14.341801643371582,14.261422157287598,0.08253423124551773,0.05890752002596855,,,,
33.90214538574219,392,0.6936540603637695,24.296676635742188,25.31574821472168,-0.8247967958450317,0.02966470830142498,286496,,,,,,,,,,,14.381216049194336,14.409238815307617,0.06675336509943008,0.06769630312919617
,393,,,,,,287225,34.28103256225586,1.741289734840393,24.427650451660156,26.204669952392578,-0.8223800659179688,0.029931215569376945,14.439268112182617,14.320035934448242,0.10108636319637299,0.08018829673528671,,,,
33.68975067138672,393,0.7006281018257141,24.289962768554688,25.32193374633789,-0.8251853585243225,0.029907522723078728,287225,,,,,,,,,,,14.379151344299316,14.425471305847168,0.06724108755588531,0.06909359991550446
,394,,,,,,287954,33.86164093017578,0.870680034160614,24.378740310668945,25.441417694091797,-0.820815920829773,0.029443761333823204,14.232647895812988,14.31739616394043,0.07167769968509674,0.05379069596529007,,,,
33.695735931396484,394,0.6791905760765076,24.287500381469727,25.302194595336914,-0.8252899050712585,0.029824847355484962,287954,,,,,,,,,,,14.361809730529785,14.422441482543945,0.06680929660797119,0.06821246445178986
,395,,,,,,288683,33.70372009277344,0.9572308659553528,24.361875534057617,25.499217987060547,-0.8211748600006104,0.029475877061486244,14.191908836364746,14.24480152130127,0.06452324241399765,0.06721968948841095,,,,
33.52116775512695,395,0.7496759295463562,24.27056884765625,25.324583053588867,-0.8250869512557983,0.029773473739624023,288683,,,,,,,,,,,14.330050468444824,14.422219276428223,0.06762569397687912,0.06821126490831375
,396,,,,,,289412,33.78220748901367,1.2320362329483032,24.38767433166504,25.718360900878906,-0.8224455714225769,0.029825588688254356,14.341235160827637,14.188907623291016,0.07226376980543137,0.07067499309778214,,,,
33.61662292480469,396,0.6864699125289917,24.280597686767578,25.30446434020996,-0.8250048160552979,0.029815716668963432,289412,,,,,,,,,,,14.338926315307617,14.369166374206543,0.0675400123000145,0.06858635693788528
,397,,,,,,290141,33.822078704833984,1.206443428993225,24.379745483398438,25.65989875793457,-0.821726381778717,0.02973850816488266,14.22238826751709,14.220213890075684,0.07110174745321274,0.06428216397762299,,,,
33.556644439697266,397,0.6857942938804626,24.278976440429688,25.291109085083008,-0.8250000476837158,0.029774023219943047,290141,,,,,,,,,,,14.339740753173828,14.394001960754395,0.0668172836303711,0.06702978909015656
,398,,,,,,290870,33.65531921386719,0.6236085891723633,24.31310272216797,25.049091339111328,-0.8219552040100098,0.029394282028079033,14.022476196289062,14.037530899047852,0.04373088479042053,0.04111144319176674,,,,
33.772056579589844,398,0.6960937976837158,24.285037994384766,25.301790237426758,-0.8254746198654175,0.029865695163607597,290870,,,,,,,,,,,14.274152755737305,14.393830299377441,0.06641333550214767,0.06733013689517975
,399,,,,,,291599,33.412353515625,0.6858353018760681,24.336137771606445,25.14175796508789,-0.822094202041626,0.0297051090747118,14.133875846862793,14.048755645751953,0.05247827619314194,0.040060825645923615,,,,
33.66043472290039,399,0.6954202055931091,24.270606994628906,25.290306091308594,-0.8250206112861633,0.0297694094479084,291599,,,,,,,,,,,14.296316146850586,14.374574661254883,0.0663909763097763,0.06800579279661179
,400,,,,,,292328,33.62669372558594,0.982925534248352,24.37132453918457,25.496559143066406,-0.821890115737915,0.029723383486270905,14.198707580566406,14.234895706176758,0.06574732810258865,0.061002928763628006,,,,
33.57731628417969,400,0.7155244946479797,24.274019241333008,25.295801162719727,-0.8250060081481934,0.029782641679048538,292328,,,,,,,,,,,14.335063934326172,14.372922897338867,0.06610441952943802,0.06669943034648895
,401,,,,,,293057,33.50644302368164,0.6647000312805176,24.345226287841797,25.19217872619629,-0.8209254145622253,0.02938467636704445,14.097212791442871,14.18596363067627,0.05009404197335243,0.05282868817448616,,,,
33.78181838989258,401,0.6790496110916138,24.273176193237305,25.274673461914062,-0.8252820372581482,0.029819730669260025,293057,,,,,,,,,,,14.286333084106445,14.379227638244629,0.0657464787364006,0.06664751470088959
,402,,,,,,293786,33.460025787353516,0.6698249578475952,24.354949951171875,25.23611831665039,-0.8216686248779297,0.02953007072210312,14.192874908447266,14.139925956726074,0.04796559363603592,0.061284955590963364,,,,
33.633262634277344,402,0.6835479140281677,24.26892852783203,25.273887634277344,-0.8253902196884155,0.029888587072491646,293786,,,,,,,,,,,14.30901050567627,14.376715660095215,0.06567295640707016,0.0669623389840126
,403,,,,,,294515,33.54384994506836,0.846663773059845,24.350095748901367,25.364084243774414,-0.8220500349998474,0.02963547594845295,14.303253173828125,14.076615333557129,0.06648200005292892,0.05164898931980133,,,,
33.52083969116211,403,0.715339183807373,24.257104873657227,25.274288177490234,-0.8253107666969299,0.029778188094496727,294515,,,,,,,,,,,14.30634593963623,14.350225448608398,0.06618406623601913,0.0657166987657547
,404,,,,,,295244,33.796775817871094,1.0049997568130493,24.355365753173828,25.464731216430664,-0.8222261667251587,0.029699984937906265,14.272310256958008,14.116622924804688,0.05789604410529137,0.06347395479679108,,,,
33.44414138793945,404,0.6968490481376648,24.25631332397461,25.273588180541992,-0.8254038691520691,0.02981756255030632,295244,,,,,,,,,,,14.32215690612793,14.360432624816895,0.0665542483329773,0.06721766293048859
,405,,,,,,295973,33.4312744140625,0.8204681277275085,24.34638023376465,25.285512924194336,-0.8216484189033508,0.029577171429991722,14.2472562789917,14.094005584716797,0.05642241984605789,0.04935639724135399,,,,
33.63556671142578,405,0.6667603850364685,24.2692928314209,25.26607322692871,-0.825477123260498,0.029805123805999756,295973,,,,,,,,,,,14.294504165649414,14.392462730407715,0.06558658927679062,0.06709558516740799
,406,,,,,,296702,33.862300872802734,1.2881520986557007,24.389488220214844,25.795324325561523,-0.8222478032112122,0.02976517379283905,14.275470733642578,14.235139846801758,0.07064949721097946,0.08170264214277267,,,,
33.3028678894043,406,0.6900471448898315,24.254247665405273,25.252086639404297,-0.8252730965614319,0.02985656075179577,296702,,,,,,,,,,,14.293316841125488,14.382820129394531,0.0657118484377861,0.0648505836725235
,407,,,,,,297431,33.384552001953125,0.7265331149101257,24.317462921142578,25.20580291748047,-0.8230752944946289,0.029875559732317924,14.174870491027832,14.059710502624512,0.056157130748033524,0.048857901245355606,,,,
33.575435638427734,407,0.6886099576950073,24.263687133789062,25.267724990844727,-0.8253167271614075,0.029754742980003357,297431,,,,,,,,,,,14.310285568237305,14.345513343811035,0.06580647081136703,0.06613634526729584
,408,,,,,,298160,33.9686279296875,1.4239497184753418,24.36835479736328,25.929515838623047,-0.8222834467887878,0.029758330434560776,14.245108604431152,14.24349594116211,0.08617577701807022,0.08366653323173523,,,,
33.57631301879883,408,0.7073501348495483,24.24903678894043,25.254047393798828,-0.8259967565536499,0.02983871102333069,298160,,,,,,,,,,,14.288938522338867,14.347062110900879,0.06457814574241638,0.06568986177444458
,409,,,,,,298889,33.82475662231445,0.9587075710296631,24.33983039855957,25.428022384643555,-0.8225229382514954,0.029771950095891953,14.133734703063965,14.102362632751465,0.07152437418699265,0.05024164170026779,,,,
33.56509017944336,409,0.6591379642486572,24.249744415283203,25.23788833618164,-0.8257237076759338,0.029823726043105125,298889,,,,,,,,,,,14.310344696044922,14.298639297485352,0.06534893065690994,0.06636752933263779
,410,,,,,,299618,33.50920104980469,0.9098840951919556,24.351619720458984,25.343347549438477,-0.8228204250335693,0.029993681237101555,14.244245529174805,14.033163070678711,0.05778181552886963,0.049577098339796066,,,,
33.5722541809082,410,0.706222414970398,24.240562438964844,25.247276306152344,-0.8258179426193237,0.02984749525785446,299618,,,,,,,,,,,14.266873359680176,14.300827026367188,0.06508579105138779,0.06564108282327652
,411,,,,,,300347,33.05409622192383,0.6037774085998535,24.29945945739746,25.072799682617188,-0.8216660022735596,0.029490891844034195,14.138152122497559,14.066561698913574,0.04803340509533882,0.0462566502392292,,,,
33.44178009033203,411,0.6863413453102112,24.241539001464844,25.238544464111328,-0.8251687288284302,0.02979307621717453,300347,,,,,,,,,,,14.26048469543457,14.312286376953125,0.06468982994556427,0.0660761296749115
,412,,,,,,301076,33.238121032714844,0.6567382216453552,24.312910079956055,25.132551193237305,-0.8221901059150696,0.02962375245988369,14.13066291809082,14.052472114562988,0.046091411262750626,0.05216703191399574,,,,
33.23601531982422,412,0.6554845571517944,24.242021560668945,25.22413444519043,-0.825402021408081,0.029814595356583595,301076,,,,,,,,,,,14.282023429870605,14.3146333694458,0.06553855538368225,0.06533744931221008
,413,,,,,,301805,33.308284759521484,0.7099946737289429,24.31563949584961,25.181217193603516,-0.8218214511871338,0.029481984674930573,14.082691192626953,14.067587852478027,0.05701689422130585,0.045092687010765076,,,,
33.35691452026367,413,0.6820138096809387,24.234249114990234,25.219242095947266,-0.8252786993980408,0.029776358976960182,301805,,,,,,,,,,,14.233541488647461,14.306995391845703,0.06402187794446945,0.06477461755275726
,414,,,,,,302534,33.36799240112305,0.8439531326293945,24.3250789642334,25.31667137145996,-0.8224050998687744,0.029698878526687622,14.183279991149902,14.034777641296387,0.05653508007526398,0.05738860368728638,,,,
33.34535217285156,414,0.7092013359069824,24.227773666381836,25.235334396362305,-0.8256698250770569,0.02973809279501438,302534,,,,,,,,,,,14.2664155960083,14.291542053222656,0.06494717299938202,0.06564725190401077
,415,,,,,,303263,33.171695709228516,0.6549151539802551,24.304046630859375,25.12994956970215,-0.8226576447486877,0.029735838994383812,14.091313362121582,14.122186660766602,0.04892394691705704,0.05076635628938675,,,,
33.38404083251953,415,0.6829984188079834,24.23323631286621,25.224796295166016,-0.8254550099372864,0.029818261042237282,303263,,,,,,,,,,,14.255212783813477,14.343486785888672,0.0646645724773407,0.06534779071807861
,416,,,,,,303992,33.77334213256836,1.3617247343063354,24.37836456298828,25.7860050201416,-0.8228359222412109,0.02989315427839756,14.258026123046875,14.236042022705078,0.06645134091377258,0.07890264689922333,,,,
33.23191452026367,416,0.6762526631355286,24.23171615600586,25.223743438720703,-0.8253284096717834,0.029818912968039513,303992,,,,,,,,,,,14.2938814163208,14.323675155639648,0.06482741981744766,0.06595222651958466
,417,,,,,,304721,33.40895080566406,0.8758682012557983,24.327823638916016,25.390960693359375,-0.821946382522583,0.02953234501183033,14.233518600463867,14.045991897583008,0.07065437734127045,0.054389361292123795,,,,
33.288665771484375,417,0.6829009652137756,24.2294921875,25.217456817626953,-0.8258259892463684,0.029819989576935768,304721,,,,,,,,,,,14.297471046447754,14.261351585388184,0.06448307633399963,0.06482098996639252
,418,,,,,,305450,33.19646453857422,0.9098482131958008,24.327308654785156,25.371414184570312,-0.8223950862884521,0.029816577211022377,14.126995086669922,14.139387130737305,0.070225790143013,0.04761119559407234,,,,
33.30232238769531,418,0.6839900612831116,24.218599319458008,25.201141357421875,-0.8257156014442444,0.02978704310953617,305450,,,,,,,,,,,14.233051300048828,14.277591705322266,0.06374851614236832,0.0643598884344101
,419,,,,,,306179,33.507572174072266,1.1267492771148682,24.34787368774414,25.625364303588867,-0.821448802947998,0.02957146428525448,14.2102632522583,14.201176643371582,0.07701323926448822,0.06581157445907593,,,,
33.175148010253906,419,0.7047677636146545,24.229015350341797,25.22939109802246,-0.8258562088012695,0.02989054098725319,306179,,,,,,,,,,,14.30477523803711,14.260313034057617,0.06451248377561569,0.06508395075798035
,420,,,,,,306908,32.565284729003906,0.6149389743804932,24.2816219329834,25.0314884185791,-0.8218127489089966,0.02947637252509594,14.102331161499023,14.040019989013672,0.041450612246990204,0.04703030735254288,,,,
33.23650360107422,420,0.6822851896286011,24.230905532836914,25.217248916625977,-0.8259240984916687,0.029830429702997208,306908,,,,,,,,,,,14.281852722167969,14.322986602783203,0.06382165104150772,0.06521733850240707
,421,,,,,,307637,32.90365982055664,0.9115543961524963,24.317472457885742,25.346952438354492,-0.8216819167137146,0.02964867651462555,14.147274017333984,14.066825866699219,0.05841100960969925,0.05632493644952774,,,,
33.10493850708008,421,0.6827530860900879,24.212921142578125,25.19460678100586,-0.8257114887237549,0.02986034005880356,307637,,,,,,,,,,,14.229655265808105,14.29110336303711,0.06429918110370636,0.06376466155052185
,422,,,,,,308366,32.9451789855957,0.6208224296569824,24.289913177490234,25.06585121154785,-0.8234023451805115,0.02982722595334053,14.095227241516113,14.03356647491455,0.04655741527676582,0.04654355347156525,,,,
32.97972106933594,422,0.69263756275177,24.203296661376953,25.19293212890625,-0.8260664343833923,0.02987927384674549,308366,,,,,,,,,,,14.219009399414062,14.271933555603027,0.06513815373182297,0.06352712959051132
,423,,,,,,309095,33.184749603271484,1.1493576765060425,24.334396362304688,25.688560485839844,-0.8215432167053223,0.029599245637655258,14.25687026977539,14.179792404174805,0.09508354961872101,0.06081375852227211,,,,
33.061859130859375,423,0.708745539188385,24.217470169067383,25.216543197631836,-0.8259212374687195,0.029879163950681686,309095,,,,,,,,,,,14.235189437866211,14.285094261169434,0.06501036882400513,0.06393023580312729
,424,,,,,,309824,32.90749740600586,0.700408935546875,24.293941497802734,25.16593360900879,-0.8225601315498352,0.02973867952823639,14.099026679992676,14.072724342346191,0.05683138221502304,0.04752947390079498,,,,
33.029850006103516,424,0.7047160863876343,24.203285217285156,25.196102142333984,-0.8257536888122559,0.029858306050300598,309824,,,,,,,,,,,14.220368385314941,14.246109008789062,0.0646308958530426,0.06346014887094498
,425,,,,,,310553,32.837371826171875,0.7014907002449036,24.291461944580078,25.10918617248535,-0.8229048252105713,0.029843004420399666,14.091443061828613,13.978593826293945,0.04602328687906265,0.04737291485071182,,,,
33.01760482788086,425,0.6928581595420837,24.202342987060547,25.18827247619629,-0.8258277177810669,0.029855290427803993,310553,,,,,,,,,,,14.228741645812988,14.23906135559082,0.06337261945009232,0.0645298883318901
,426,,,,,,311282,32.5328254699707,0.6165482997894287,24.27135467529297,25.01759910583496,-0.821776807308197,0.02957240492105484,14.033931732177734,13.991920471191406,0.04483247175812721,0.04276168718934059,,,,
32.951141357421875,426,0.6733937859535217,24.20279312133789,25.176992416381836,-0.8255109786987305,0.029796065762639046,311282,,,,,,,,,,,14.25792407989502,14.259319305419922,0.06379765272140503,0.06370561569929123
,427,,,,,,312011,32.867103576660156,0.6018342971801758,24.252925872802734,24.960018157958984,-0.8225536346435547,0.02958681993186474,13.927209854125977,13.974184036254883,0.03932112455368042,0.04191514104604721,,,,
33.00044631958008,427,0.6936401128768921,24.200834274291992,25.181743621826172,-0.8259607553482056,0.029887529090046883,312011,,,,,,,,,,,14.188255310058594,14.239823341369629,0.06337802112102509,0.0634407177567482
,428,,,,,,312740,32.933349609375,0.620640754699707,24.276973724365234,25.065366744995117,-0.8232837319374084,0.02970063127577305,14.152642250061035,13.966194152832031,0.051970791071653366,0.043640460819005966,,,,
33.20174789428711,428,0.707429826259613,24.201330184936523,25.191268920898438,-0.8260079026222229,0.02979445643723011,312740,,,,,,,,,,,14.254646301269531,14.231645584106445,0.06328577548265457,0.06395862996578217
,429,,,,,,313469,33.5128173828125,1.5063307285308838,24.355731964111328,25.889509201049805,-0.8227608799934387,0.02992221526801586,14.258756637573242,14.131383895874023,0.07527339458465576,0.08084749430418015,,,,
33.00979995727539,429,0.6680147647857666,24.187597274780273,25.159887313842773,-0.8263771533966064,0.02988698147237301,313469,,,,,,,,,,,14.222258567810059,14.264338493347168,0.06376958638429642,0.06388497352600098
,430,,,,,,314198,33.0384635925293,0.701902449131012,24.277681350708008,25.103487014770508,-0.8237636685371399,0.029927147552371025,14.060526847839355,14.007840156555176,0.04584728181362152,0.049122296273708344,,,,
32.911800384521484,430,0.6676684021949768,24.189329147338867,25.157684326171875,-0.8259021639823914,0.029896551743149757,314198,,,,,,,,,,,14.201745986938477,14.236601829528809,0.06361579895019531,0.06328883022069931
,431,,,,,,314927,33.221588134765625,1.108451008796692,24.312088012695312,25.559797286987305,-0.822666347026825,0.029768245294690132,14.18602466583252,14.081660270690918,0.06412661075592041,0.0745694637298584,,,,
33.14093017578125,431,0.6941351294517517,24.188720703125,25.173763275146484,-0.8262470364570618,0.029856020584702492,314927,,,,,,,,,,,14.189269065856934,14.217202186584473,0.0637144222855568,0.06387913972139359
,432,,,,,,315656,32.736717224121094,0.9424910545349121,24.30026626586914,25.4663143157959,-0.8221028447151184,0.02977387048304081,14.118499755859375,14.133520126342773,0.07839107513427734,0.06056288257241249,,,,
32.91261672973633,432,0.6297922134399414,24.194181442260742,25.1478271484375,-0.8254553079605103,0.029826365411281586,315656,,,,,,,,,,,14.286300659179688,14.24089527130127,0.06321918964385986,0.06453124433755875
,433,,,,,,316385,32.45586395263672,0.5883513689041138,24.24932289123535,24.965744018554688,-0.8219053149223328,0.02956485003232956,13.99269962310791,14.016107559204102,0.040765728801488876,0.04368283599615097,,,,
32.877044677734375,433,0.7035236358642578,24.177705764770508,25.15894317626953,-0.8258731365203857,0.029918517917394638,316385,,,,,,,,,,,14.163324356079102,14.242596626281738,0.062166132032871246,0.06372655183076859
,434,,,,,,317114,32.564971923828125,0.8638326525688171,24.290266036987305,25.342411041259766,-0.821979820728302,0.029657945036888123,14.1621675491333,14.081038475036621,0.06845037639141083,0.05559554323554039,,,,
32.630653381347656,434,0.6729278564453125,24.175495147705078,25.137502670288086,-0.8259631395339966,0.029924828559160233,317114,,,,,,,,,,,14.176628112792969,14.244973182678223,0.06324759125709534,0.06186340004205704
,435,,,,,,317843,32.68442916870117,1.1707124710083008,24.324731826782227,25.579864501953125,-0.8211151361465454,0.02954823523759842,14.22057056427002,14.136935234069824,0.06722206622362137,0.06673068553209305,,,,
32.61984634399414,435,0.6633084416389465,24.18332290649414,25.144203186035156,-0.8256231546401978,0.02988903969526291,317843,,,,,,,,,,,14.228825569152832,14.247835159301758,0.06181257590651512,0.06403094530105591
,436,,,,,,318572,32.74182891845703,0.7589086294174194,24.28457260131836,25.196672439575195,-0.8231381773948669,0.029844341799616814,14.062212944030762,14.092062950134277,0.050650935620069504,0.055879008024930954,,,,
32.7789306640625,436,0.6938490271568298,24.17137908935547,25.14935874938965,-0.8261293172836304,0.029869429767131805,318572,,,,,,,,,,,14.173650741577148,14.261445045471191,0.06281496584415436,0.06339594721794128
,437,,,,,,319301,33.13033676147461,1.1532431840896606,24.31500816345215,25.613500595092773,-0.8231379389762878,0.029940472915768623,14.079307556152344,14.125349998474121,0.0686507448554039,0.07572607696056366,,,,
32.77079772949219,437,0.6539850831031799,24.168872833251953,25.12110137939453,-0.8266184329986572,0.030052827671170235,319301,,,,,,,,,,,14.150733947753906,14.240032196044922,0.06251814216375351,0.06253238022327423
,438,,,,,,320030,32.950233459472656,0.9789842963218689,24.29236602783203,25.408559799194336,-0.8227964639663696,0.02981230616569519,14.16029167175293,14.029074668884277,0.0653439536690712,0.05999422073364258,,,,
32.988162994384766,438,0.6642855405807495,24.16886329650879,25.12819480895996,-0.826066255569458,0.0298953615128994,320030,,,,,,,,,,,14.1561861038208,14.18446159362793,0.06274974346160889,0.06268863379955292
,439,,,,,,320759,32.482269287109375,0.8420420289039612,24.27768898010254,25.24002456665039,-0.8225297927856445,0.029763339087367058,14.03886604309082,14.04035472869873,0.052723102271556854,0.05554017797112465,,,,
32.730587005615234,439,0.7069538831710815,24.169742584228516,25.152376174926758,-0.825930118560791,0.02984096109867096,320759,,,,,,,,,,,14.129581451416016,14.207881927490234,0.06302283704280853,0.06280970573425293
,440,,,,,,321488,32.935150146484375,0.9849748611450195,24.300901412963867,25.430410385131836,-0.8233433961868286,0.030090099200606346,14.175848960876465,14.050918579101562,0.06833479553461075,0.0590684711933136,,,,
32.60220718383789,440,0.7112668752670288,24.15951919555664,25.142759323120117,-0.8261278867721558,0.029897840693593025,321488,,,,,,,,,,,14.171061515808105,14.24240493774414,0.06263314932584763,0.06289158761501312
,441,,,,,,322217,33.1623649597168,1.1947745084762573,24.3061580657959,25.60071563720703,-0.8231000900268555,0.029878048226237297,14.126718521118164,14.132608413696289,0.06973771005868912,0.06969274580478668,,,,
32.68174743652344,441,0.7204627990722656,24.149799346923828,25.136987686157227,-0.8263137340545654,0.029941314831376076,322217,,,,,,,,,,,14.152518272399902,14.187186241149902,0.06300992518663406,0.06238575279712677
,442,,,,,,322946,32.440025329589844,0.5875699520111084,24.242149353027344,24.94549560546875,-0.8218238353729248,0.02937242202460766,13.992033004760742,13.968523979187012,0.043626103550195694,0.03828474134206772,,,,
32.889984130859375,442,0.6386666893959045,24.169530868530273,25.10977554321289,-0.8259913921356201,0.029969753697514534,322946,,,,,,,,,,,14.176016807556152,14.211233139038086,0.06141220033168793,0.06276869028806686
,443,,,,,,323675,32.46393966674805,0.7301483750343323,24.26457405090332,25.115175247192383,-0.8237292766571045,0.03000331111252308,14.165231704711914,13.93307113647461,0.05183268338441849,0.04526769742369652,,,,
32.701385498046875,443,0.7073277831077576,24.172073364257812,25.148563385009766,-0.825947105884552,0.029857559129595757,323675,,,,,,,,,,,14.182376861572266,14.222460746765137,0.06261606514453888,0.06194883957505226
,444,,,,,,324404,32.79258346557617,0.9492390155792236,24.29085922241211,25.353809356689453,-0.8228078484535217,0.029949180781841278,14.094266891479492,14.05153751373291,0.06322464346885681,0.05444063991308212,,,,
32.584014892578125,444,0.6766927242279053,24.156095504760742,25.117809295654297,-0.8268221020698547,0.030067898333072662,324404,,,,,,,,,,,14.149580001831055,14.178670883178711,0.06210697069764137,0.06256384402513504
,445,,,,,,325133,32.80121612548828,0.989891767501831,24.287878036499023,25.46357536315918,-0.8230761289596558,0.029825285077095032,14.252701759338379,13.921457290649414,0.08175522089004517,0.054393380880355835,,,,
32.73064422607422,445,0.6456384658813477,24.151845932006836,25.08769989013672,-0.8265907764434814,0.030023029074072838,325133,,,,,,,,,,,14.127067565917969,14.159902572631836,0.06131121143698692,0.06129593029618263
,446,,,,,,325862,33.17900466918945,0.9134849905967712,24.27440071105957,25.26656150817871,-0.8237734436988831,0.02991325780749321,14.011643409729004,13.991609573364258,0.05186571180820465,0.05521645024418831,,,,
32.717613220214844,446,0.6536699533462524,24.15017318725586,25.095977783203125,-0.8265148401260376,0.02997605688869953,325862,,,,,,,,,,,14.13566780090332,14.173027992248535,0.061945557594299316,0.0618438795208931
,447,,,,,,326591,33.11953353881836,0.879470944404602,24.281387329101562,25.283872604370117,-0.8233601450920105,0.029848210513591766,14.000727653503418,14.04177474975586,0.059934068471193314,0.052614886313676834,,,,
32.90865707397461,447,0.6772014498710632,24.15336799621582,25.111774444580078,-0.8267920613288879,0.02994002401828766,326591,,,,,,,,,,,14.14159870147705,14.165423393249512,0.06204555928707123,0.06191321462392807
,448,,,,,,327320,32.9997673034668,0.834492564201355,24.281721115112305,25.237152099609375,-0.8235096335411072,0.02991076372563839,14.086634635925293,13.999528884887695,0.056466687470674515,0.05116792395710945,,,,
33.035030364990234,448,0.6628336310386658,24.158432006835938,25.096864700317383,-0.8268193006515503,0.029880022630095482,327320,,,,,,,,,,,14.134496688842773,14.18805980682373,0.06043008342385292,0.0609690360724926
,449,,,,,,328049,32.59122848510742,0.6145766377449036,24.24416732788086,24.992929458618164,-0.8229066729545593,0.029738562181591988,14.028745651245117,13.917266845703125,0.04758766293525696,0.040711112320423126,,,,
32.92475128173828,449,0.649154782295227,24.157835006713867,25.09650230407715,-0.8261448740959167,0.029925523325800896,328049,,,,,,,,,,,14.15176773071289,14.163857460021973,0.06147513538599014,0.06133970245718956
,450,,,,,,328778,32.622005462646484,0.5903786420822144,24.246299743652344,25.02773666381836,-0.8226569294929504,0.02962910197675228,14.008016586303711,13.93267822265625,0.0590573213994503,0.038194552063941956,,,,
32.80209732055664,450,0.6606170535087585,24.139598846435547,25.07900619506836,-0.8266001343727112,0.029947973787784576,328778,,,,,,,,,,,14.1434965133667,14.144453048706055,0.060629524290561676,0.06118620187044144
,451,,,,,,329507,32.54466247558594,0.7948009371757507,24.25775146484375,25.227750778198242,-0.8235777616500854,0.02994164079427719,14.081629753112793,14.001612663269043,0.05362345278263092,0.06089777499437332,,,,
32.666446685791016,451,0.639055609703064,24.14179801940918,25.075658798217773,-0.8263256549835205,0.02989893965423107,329507,,,,,,,,,,,14.109614372253418,14.178988456726074,0.061444032937288284,0.06142403185367584
,452,,,,,,330236,32.57357406616211,0.6916443705558777,24.243896484375,25.09688949584961,-0.8225767016410828,0.02968214824795723,13.98203182220459,14.00586223602295,0.05555719882249832,0.04587528109550476,,,,
32.7237548828125,452,0.6507216095924377,24.1315975189209,25.06829071044922,-0.8268201947212219,0.029932362958788872,330236,,,,,,,,,,,14.114631652832031,14.142376899719238,0.061198391020298004,0.06107083335518837
,453,,,,,,330965,33.38338088989258,1.6798537969589233,24.330068588256836,26.066286087036133,-0.823756217956543,0.03016887977719307,14.20050048828125,14.166132926940918,0.09984365850687027,0.0794106051325798,,,,
32.698265075683594,453,0.6575084328651428,24.1441593170166,25.09259033203125,-0.8265729546546936,0.02993365190923214,330965,,,,,,,,,,,14.13214111328125,14.16592788696289,0.06150795891880989,0.06242401897907257
,454,,,,,,331694,32.95003128051758,1.4107129573822021,24.303483963012695,25.792490005493164,-0.8237938284873962,0.030057230964303017,14.168792724609375,14.10857105255127,0.07329440116882324,0.08343857526779175,,,,
32.677913665771484,454,0.6604694724082947,24.14208221435547,25.082630157470703,-0.8263590931892395,0.029895976185798645,331694,,,,,,,,,,,14.12381649017334,14.165700912475586,0.06125374510884285,0.06080682575702667
,455,,,,,,332423,32.507904052734375,0.6130548119544983,24.2283992767334,24.976089477539062,-0.8231942057609558,0.029666485264897346,14.04581356048584,13.87750244140625,0.04615689069032669,0.04207594692707062,,,,
32.571266174316406,455,0.6254813075065613,24.136587142944336,25.06107521057129,-0.8263776898384094,0.02993992529809475,332423,,,,,,,,,,,14.117313385009766,14.127405166625977,0.06131652370095253,0.06103317439556122
,456,,,,,,333152,33.12056350708008,1.0011523962020874,24.27483367919922,25.379640579223633,-0.8234784603118896,0.02984319068491459,14.00770092010498,14.025270462036133,0.05612339451909065,0.06472188979387283,,,,
32.832122802734375,456,0.6480420827865601,24.134119033813477,25.06537628173828,-0.8269751667976379,0.029923327267169952,333152,,,,,,,,,,,14.046422004699707,14.1303071975708,0.06041413173079491,0.06103129684925079
,457,,,,,,333881,32.57444763183594,0.7234822511672974,24.248750686645508,25.15382194519043,-0.8233290910720825,0.02981649525463581,13.964532852172852,14.07030200958252,0.05845200642943382,0.050213612616062164,,,,
32.67517852783203,457,0.6462817192077637,24.13180160522461,25.060897827148438,-0.827132523059845,0.02995201386511326,333881,,,,,,,,,,,14.129569053649902,14.179749488830566,0.06032269448041916,0.060869231820106506
,458,,,,,,334610,32.520286560058594,0.6825847625732422,24.231401443481445,25.08491325378418,-0.8242365717887878,0.029977209866046906,14.009018898010254,14.022595405578613,0.04714234918355942,0.055305249989032745,,,,
32.54020309448242,458,0.716075599193573,24.114667892456055,25.09111976623535,-0.8269352316856384,0.029951186850667,334610,,,,,,,,,,,14.09485149383545,14.164052963256836,0.06182568892836571,0.06185775250196457
,459,,,,,,335339,32.52396774291992,0.6892901062965393,24.239652633666992,25.095062255859375,-0.823997437953949,0.0299529992043972,14.027791023254395,13.958523750305176,0.05455946922302246,0.0475909523665905,,,,
32.61867904663086,459,0.6724382638931274,24.115076065063477,25.06627082824707,-0.8271725177764893,0.02996995858848095,335339,,,,,,,,,,,14.071898460388184,14.141742706298828,0.061727117747068405,0.06126533821225166
,460,,,,,,336068,32.76475524902344,1.0968765020370483,24.28256607055664,25.47648811340332,-0.8230845332145691,0.029829461127519608,14.07491683959961,14.052775382995605,0.05970011651515961,0.06939653307199478,,,,
32.55769348144531,460,0.6696456670761108,24.13035774230957,25.073640823364258,-0.8268312811851501,0.029966874048113823,336068,,,,,,,,,,,14.085323333740234,14.163853645324707,0.061353038996458054,0.06033535301685333
,461,,,,,,336797,32.49226760864258,0.6832743287086487,24.2425594329834,25.05810546875,-0.8236691355705261,0.029925495386123657,13.95340347290039,13.952634811401367,0.046495769172906876,0.0482841320335865,,,,
32.51030731201172,461,0.6710652709007263,24.12857437133789,25.071414947509766,-0.8269138932228088,0.03004642389714718,336797,,,,,,,,,,,14.125657081604004,14.151045799255371,0.061532437801361084,0.05992930009961128
,462,,,,,,337526,31.866962432861328,0.5887942314147949,24.193012237548828,24.913801193237305,-0.8234876990318298,0.029800044372677803,13.96944808959961,13.894209861755371,0.047582317143678665,0.037697404623031616,,,,
32.470542907714844,462,0.6325919032096863,24.12656593322754,25.043058395385742,-0.8269063830375671,0.029976146295666695,337526,,,,,,,,,,,14.090686798095703,14.156440734863281,0.06021896004676819,0.05982094258069992
,463,,,,,,338255,32.45948028564453,0.8139348030090332,24.267812728881836,25.25251007080078,-0.8244627714157104,0.030148550868034363,14.152017593383789,13.945162773132324,0.04976486414670944,0.06578371673822403,,,,
32.406009674072266,463,0.6573276519775391,24.111309051513672,25.044933319091797,-0.8269608616828918,0.02993008866906166,338255,,,,,,,,,,,14.072721481323242,14.14687728881836,0.06064534932374954,0.06034624204039574
,464,,,,,,338984,32.18177795410156,0.6436021327972412,24.22238540649414,25.064016342163086,-0.8234272599220276,0.029818374663591385,13.98834228515625,14.039844512939453,0.04757622629404068,0.056390631943941116,,,,
32.353782653808594,464,0.6687316298484802,24.116891860961914,25.05959129333496,-0.8269824981689453,0.030050652101635933,338984,,,,,,,,,,,14.119051933288574,14.18065071105957,0.06102515384554863,0.060640666633844376
,465,,,,,,339713,32.749725341796875,0.8855246305465698,24.26288604736328,25.315954208374023,-0.8228583335876465,0.029648778960108757,14.164183616638184,13.976253509521484,0.06475865840911865,0.05730249732732773,,,,
32.679107666015625,465,0.645050048828125,24.10828971862793,25.040390014648438,-0.8273425102233887,0.029982374981045723,339713,,,,,,,,,,,14.090564727783203,14.14423656463623,0.060921333730220795,0.060990095138549805
,466,,,,,,340442,32.06686019897461,0.6353573203086853,24.231903076171875,25.018692016601562,-0.8231679797172546,0.029787003993988037,14.022849082946777,13.972844123840332,0.049196019768714905,0.04462258145213127,,,,
32.481483459472656,466,0.6538801193237305,24.113534927368164,25.049957275390625,-0.8270668983459473,0.03000910021364689,340442,,,,,,,,,,,14.056757926940918,14.15147590637207,0.06152777001261711,0.060365572571754456
,467,,,,,,341171,32.7119026184082,1.2636148929595947,24.282094955444336,25.572973251342773,-0.8232141137123108,0.029939798638224602,14.051375389099121,14.110576629638672,0.07442300021648407,0.05739166587591171,,,,
32.29939270019531,467,0.6517954468727112,24.107067108154297,25.035274505615234,-0.8271067142486572,0.030027935281395912,341171,,,,,,,,,,,14.08279037475586,14.17627239227295,0.05991566926240921,0.06054861843585968
,468,,,,,,341900,32.71554183959961,1.3764721155166626,24.285261154174805,25.71579933166504,-0.8232486248016357,0.02992049604654312,14.155545234680176,14.024468421936035,0.07845008373260498,0.07001005858182907,,,,
32.36823654174805,468,0.6412492990493774,24.10797882080078,25.028005599975586,-0.8269149661064148,0.029964908957481384,341900,,,,,,,,,,,14.092256546020508,14.114737510681152,0.0598965547978878,0.05998481437563896
,469,,,,,,342629,32.344547271728516,0.9351602792739868,24.240123748779297,25.31132698059082,-0.8237014412879944,0.02993549406528473,13.981398582458496,14.010229110717773,0.05746845901012421,0.06325465440750122,,,,
32.373558044433594,469,0.6329898834228516,24.106212615966797,25.022781372070312,-0.8267883658409119,0.02995992638170719,342629,,,,,,,,,,,14.077901840209961,14.113245010375977,0.05931360647082329,0.060697272419929504
,470,,,,,,343358,32.5143928527832,0.7912121415138245,24.24976921081543,25.165040969848633,-0.8241538405418396,0.030025791376829147,14.063363075256348,13.917810440063477,0.05135340988636017,0.05257970839738846,,,,
32.440223693847656,470,0.6261790990829468,24.1121768951416,25.023347854614258,-0.8271999359130859,0.030091457068920135,343358,,,,,,,,,,,14.076435089111328,14.111838340759277,0.059281665831804276,0.060335706919431686
,471,,,,,,344087,32.811363220214844,1.064075231552124,24.267391204833984,25.429344177246094,-0.8235005140304565,0.02990936115384102,13.996030807495117,14.0131196975708,0.06620686501264572,0.05977434664964676,,,,
32.6032600402832,471,0.6521033048629761,24.1015682220459,25.025188446044922,-0.827523410320282,0.029979530721902847,344087,,,,,,,,,,,14.059649467468262,14.079584121704102,0.05912533402442932,0.0603933222591877
,472,,,,,,344816,32.45035171508789,0.9166772961616516,24.264875411987305,25.278385162353516,-0.8227598667144775,0.029825227335095406,14.07190227508545,13.875426292419434,0.06577248871326447,0.045261651277542114,,,,
32.62302780151367,472,0.6333220601081848,24.10367774963379,25.018844604492188,-0.8273849487304688,0.030044451355934143,344816,,,,,,,,,,,14.035213470458984,14.079736709594727,0.059075161814689636,0.06062345951795578
,473,,,,,,345545,32.79798889160156,1.2803928852081299,24.299068450927734,25.654190063476562,-0.8237770795822144,0.03008260205388069,14.211240768432617,14.003299713134766,0.06306084245443344,0.07992659509181976,,,,
32.45454788208008,473,0.6753934025764465,24.096126556396484,25.029592514038086,-0.8272653818130493,0.030095990747213364,345545,,,,,,,,,,,14.065550804138184,14.100833892822266,0.05885191634297371,0.060306061059236526
,474,,,,,,346274,32.53774642944336,0.7630066275596619,24.23927879333496,25.193241119384766,-0.8226971626281738,0.029671378433704376,14.068327903747559,13.920498847961426,0.06393653899431229,0.050554752349853516,,,,
32.50807189941406,474,0.6423095464706421,24.103900909423828,25.021564483642578,-0.8273576498031616,0.029977358877658844,346274,,,,,,,,,,,14.069144248962402,14.112557411193848,0.059421904385089874,0.05988425388932228
,475,,,,,,347003,32.90105056762695,1.4386042356491089,24.290809631347656,25.845888137817383,-0.8241826891899109,0.030155781656503677,14.005192756652832,14.176724433898926,0.07672429829835892,0.09043193608522415,,,,
32.42351150512695,475,0.6704394817352295,24.091800689697266,25.027944564819336,-0.8275981545448303,0.02999294362962246,347003,,,,,,,,,,,14.076051712036133,14.120769500732422,0.05966642126441002,0.0605173297226429
,476,,,,,,347732,32.44152069091797,0.938718855381012,24.242534637451172,25.38255500793457,-0.8246833086013794,0.030160559341311455,13.93431568145752,14.070602416992188,0.06910248100757599,0.06503423303365707,,,,
32.463584899902344,476,0.6716771721839905,24.102632522583008,25.037986755371094,-0.8273648619651794,0.03002268634736538,347732,,,,,,,,,,,14.014104843139648,14.159255981445312,0.059893928468227386,0.06001117825508118
,477,,,,,,348461,32.10551452636719,0.8138017654418945,24.235029220581055,25.20857810974121,-0.8232355713844299,0.029720153659582138,14.004305839538574,13.976698875427246,0.054009366780519485,0.0593259371817112,,,,
32.22237014770508,477,0.6195553541183472,24.08292007446289,24.992996215820312,-0.8274973630905151,0.03006860986351967,348461,,,,,,,,,,,14.03071117401123,14.133431434631348,0.059994012117385864,0.06006952002644539
,478,,,,,,349190,32.10736846923828,0.7864066958427429,24.23067855834961,25.250673294067383,-0.8228768706321716,0.02964213490486145,14.090973854064941,13.984938621520996,0.06353525817394257,0.06182218715548515,,,,
32.28215408325195,478,0.6374608278274536,24.077451705932617,24.99693489074707,-0.8275249600410461,0.030055731534957886,349190,,,,,,,,,,,14.044465065002441,14.115748405456543,0.059734590351581573,0.06041698530316353
,479,,,,,,349919,32.09490966796875,0.8276098966598511,24.233604431152344,25.20075798034668,-0.8238384127616882,0.029924698173999786,14.069188117980957,13.95522403717041,0.0483180470764637,0.06234819442033768,,,,
32.083404541015625,479,0.6713418364524841,24.08131980895996,25.017288208007812,-0.8278613090515137,0.030071305111050606,349919,,,,,,,,,,,14.05405330657959,14.11125373840332,0.06053559109568596,0.05952807888388634
,480,,,,,,350648,32.27973556518555,0.8134574890136719,24.219058990478516,25.204631805419922,-0.8234890103340149,0.02983183227479458,14.013357162475586,13.932526588439941,0.06681642681360245,0.04895266890525818,,,,
32.1942024230957,480,0.6689324378967285,24.076210021972656,25.01549530029297,-0.8274560570716858,0.029931502416729927,350648,,,,,,,,,,,14.062446594238281,14.100228309631348,0.0604807510972023,0.06048405542969704
,481,,,,,,351377,32.315914154052734,0.784332811832428,24.223690032958984,25.20656394958496,-0.8233389854431152,0.02972339279949665,14.00526237487793,13.982246398925781,0.06492991745471954,0.05321205407381058,,,,
32.1583251953125,481,0.6848018169403076,24.073753356933594,25.01937484741211,-0.8273534178733826,0.030017772689461708,351377,,,,,,,,,,,14.04052734375,14.12547779083252,0.059836260974407196,0.060808002948760986
,482,,,,,,352106,32.57590866088867,0.9527450203895569,24.245969772338867,25.2978515625,-0.8234887719154358,0.02989746443927288,14.075544357299805,13.97191333770752,0.054944269359111786,0.06015556678175926,,,,
32.36600875854492,482,0.6404345035552979,24.08757209777832,24.99858856201172,-0.8273453116416931,0.029970871284604073,352106,,,,,,,,,,,14.044961929321289,14.10549545288086,0.05887686833739281,0.05928419530391693
,483,,,,,,352835,32.6477165222168,1.448861002922058,24.26576042175293,25.773738861083984,-0.823896050453186,0.03014766238629818,14.087047576904297,14.087343215942383,0.0709453672170639,0.08576253056526184,,,,
32.384246826171875,483,0.6357002854347229,24.068891525268555,24.975963592529297,-0.8275123238563538,0.02995534986257553,352835,,,,,,,,,,,14.033891677856445,14.090277671813965,0.05833609029650688,0.059507302939891815
,484,,,,,,353564,32.14155197143555,0.5613800287246704,24.181365966796875,24.888641357421875,-0.8238775730133057,0.029794905334711075,13.815018653869629,13.987005233764648,0.04594939947128296,0.039365533739328384,,,,
32.24697494506836,484,0.6453750133514404,24.077341079711914,24.99396324157715,-0.8276691436767578,0.03014012612402439,353564,,,,,,,,,,,14.046014785766602,14.090052604675293,0.05934561789035797,0.05944644659757614
,485,,,,,,354293,32.82318115234375,1.364353060722351,24.276151657104492,25.70658302307129,-0.8237370252609253,0.029968269169330597,14.184282302856445,14.028223991394043,0.08398650586605072,0.06566567718982697,,,,
32.30397415161133,485,0.6743270754814148,24.067066192626953,24.99094009399414,-0.8275988101959229,0.030022449791431427,354293,,,,,,,,,,,14.005743026733398,14.098345756530762,0.058344002813100815,0.05900224298238754
,486,,,,,,355022,32.236610412597656,0.9215555787086487,24.24280548095703,25.358266830444336,-0.8237566351890564,0.03003944456577301,13.983329772949219,13.989458084106445,0.08344805985689163,0.04748919978737831,,,,
32.240936279296875,486,0.6339936852455139,24.06715965270996,24.973133087158203,-0.8281800150871277,0.030075788497924805,355022,,,,,,,,,,,14.010259628295898,14.09023666381836,0.05887966975569725,0.05891821160912514
,487,,,,,,355751,32.407108306884766,0.8367434144020081,24.224435806274414,25.19963836669922,-0.8240755796432495,0.02998247742652893,13.959688186645508,14.014688491821289,0.05587386712431908,0.0554884672164917,,,,
32.19683837890625,487,0.6571405529975891,24.070873260498047,24.98974609375,-0.8276093006134033,0.03001668117940426,355751,,,,,,,,,,,14.027996063232422,14.086527824401855,0.05851063132286072,0.05954573303461075
,488,,,,,,356480,32.06010818481445,0.5865182876586914,24.190855026245117,24.955251693725586,-0.8240419030189514,0.029858149588108063,13.940335273742676,13.89352798461914,0.052979808300733566,0.04124870151281357,,,,
32.267364501953125,488,0.6481842994689941,24.0626163482666,24.9700984954834,-0.8278577327728271,0.03001602366566658,356480,,,,,,,,,,,13.973414421081543,14.101211547851562,0.05823050066828728,0.05844646692276001
,489,,,,,,357209,32.13228225708008,0.8186986446380615,24.20857810974121,25.192655563354492,-0.8236978650093079,0.029861684888601303,13.99254322052002,13.989889144897461,0.06460655480623245,0.05034209415316582,,,,
32.0870246887207,489,0.6696272492408752,24.05049705505371,24.972564697265625,-0.8277074098587036,0.030092772096395493,357209,,,,,,,,,,,13.987452507019043,14.078335762023926,0.059009674936532974,0.05843808501958847
,490,,,,,,357938,32.59128189086914,1.3668222427368164,24.260473251342773,25.625185012817383,-0.824726402759552,0.030301176011562347,14.070286750793457,14.020466804504395,0.06921286135911942,0.06704449653625488,,,,
32.10114288330078,490,0.6376073956489563,24.06732940673828,24.971210479736328,-0.8280344605445862,0.030102351680397987,357938,,,,,,,,,,,14.014936447143555,14.10186767578125,0.058359429240226746,0.058653295040130615
,491,,,,,,358667,31.757640838623047,0.8065448999404907,24.231887817382812,25.20661163330078,-0.8227797150611877,0.029810180887579918,14.11422348022461,13.943924903869629,0.04872920736670494,0.0655616819858551,,,,
31.973114013671875,491,0.7319393754005432,24.05508041381836,25.010332107543945,-0.8276581168174744,0.030062494799494743,358667,,,,,,,,,,,14.039536476135254,14.102492332458496,0.05926710367202759,0.058593086898326874
,492,,,,,,359396,32.37541961669922,1.2401639223098755,24.25162696838379,25.56886863708496,-0.8232864737510681,0.029891837388277054,14.032984733581543,13.96860408782959,0.0761532410979271,0.06328237801790237,,,,
31.987958908081055,492,0.6757287979125977,24.05637550354004,24.979488372802734,-0.8272829651832581,0.029962409287691116,359396,,,,,,,,,,,14.04555606842041,14.034509658813477,0.057869065552949905,0.0591820627450943
,493,,,,,,360125,32.50981521606445,1.6168962717056274,24.25895118713379,26.03461456298828,-0.8237623572349548,0.029983077198266983,14.170918464660645,14.079143524169922,0.11286377161741257,0.08057888597249985,,,,
32.030914306640625,493,0.6332272887229919,24.04551887512207,24.942102432250977,-0.8277466893196106,0.03011239506304264,360125,,,,,,,,,,,13.993820190429688,14.042306900024414,0.057870350778102875,0.05812244117259979
,494,,,,,,360854,32.34922790527344,1.3318217992782593,24.254079818725586,25.797805786132812,-0.823401689529419,0.02998257428407669,14.03388786315918,14.119989395141602,0.08258824050426483,0.09297263622283936,,,,
32.072608947753906,494,0.643546462059021,24.05224609375,24.95303726196289,-0.8276200890541077,0.029975570738315582,360854,,,,,,,,,,,13.992219924926758,14.077839851379395,0.05797850713133812,0.057821180671453476
,495,,,,,,361583,32.31718444824219,1.0712171792984009,24.23883819580078,25.44839096069336,-0.8228965401649475,0.02978566847741604,13.975116729736328,14.027620315551758,0.07679460942745209,0.057993724942207336,,,,
32.086612701416016,495,0.6081807017326355,24.059419631958008,24.93948745727539,-0.8277239203453064,0.03007376752793789,361583,,,,,,,,,,,13.988299369812012,14.047688484191895,0.057843249291181564,0.05734967812895775
,496,,,,,,362312,32.26111602783203,1.1888673305511475,24.24612808227539,25.53639793395996,-0.8225308060646057,0.029686352238059044,14.0329008102417,14.09511661529541,0.06688007712364197,0.07228563725948334,,,,
32.03969955444336,496,0.6375839710235596,24.042348861694336,24.944393157958984,-0.8279669880867004,0.03003085032105446,362312,,,,,,,,,,,13.963459014892578,14.050455093383789,0.058154474943876266,0.05849560722708702
,497,,,,,,363041,32.36037826538086,1.2989482879638672,24.244871139526367,25.535795211791992,-0.8237715363502502,0.029994584619998932,13.933292388916016,14.130592346191406,0.06538091599941254,0.06290722638368607,,,,
31.901582717895508,497,0.6083387732505798,24.049304962158203,24.93587303161621,-0.8277450799942017,0.030070949345827103,363041,,,,,,,,,,,14.008218765258789,14.052393913269043,0.058432094752788544,0.05804670602083206
,498,,,,,,363770,32.014957427978516,0.6819044947624207,24.200620651245117,25.012269973754883,-0.8234438300132751,0.029858652502298355,13.949494361877441,13.892911911010742,0.05140097439289093,0.04273564741015434,,,,
31.899499893188477,498,0.6340318322181702,24.04328155517578,24.941848754882812,-0.8278866410255432,0.030081382021307945,363770,,,,,,,,,,,14.018860816955566,14.037423133850098,0.05754319578409195,0.05876642093062401
,499,,,,,,364499,32.40277862548828,1.2390464544296265,24.238630294799805,25.550386428833008,-0.8243873715400696,0.03021085262298584,14.072653770446777,13.96395206451416,0.07368805259466171,0.06475844979286194,,,,
32.02231216430664,499,0.6240471601486206,24.050222396850586,24.93840789794922,-0.8275735974311829,0.029986850917339325,364499,,,,,,,,,,,14.027079582214355,14.064176559448242,0.05757143348455429,0.057657390832901
,500,,,,,,365228,32.01070785522461,0.7580077052116394,24.207412719726562,25.077329635620117,-0.8245565891265869,0.030112851411104202,13.929100036621094,13.881479263305664,0.05207624286413193,0.04610755667090416,,,,
32.17552947998047,500,0.6724542379379272,24.044462203979492,24.959959030151367,-0.8278233408927917,0.029990995302796364,365228,,,,,,,,,,,13.971714973449707,14.053967475891113,0.05829877406358719,0.057555362582206726
,501,,,,,,365957,31.81057357788086,0.547529935836792,24.18202018737793,24.868207931518555,-0.824038028717041,0.029897626489400864,13.797306060791016,13.965456008911133,0.04155813902616501,0.04092077165842056,,,,
31.938316345214844,501,0.628444254398346,24.035009384155273,24.93003273010254,-0.8281024694442749,0.030131736770272255,365957,,,,,,,,,,,13.946562767028809,14.029439926147461,0.05831900238990784,0.057840313762426376
,502,,,,,,366686,32.067596435546875,0.7830371856689453,24.203279495239258,25.199525833129883,-0.8247758746147156,0.03006892278790474,13.947879791259766,13.926203727722168,0.06528925150632858,0.0556538850069046,,,,
32.021644592285156,502,0.6434344053268433,24.03896141052246,24.938791275024414,-0.8282542824745178,0.030057361349463463,366686,,,,,,,,,,,13.961515426635742,14.044817924499512,0.05802260339260101,0.05759860947728157
,503,,,,,,367415,32.14710998535156,0.6908954381942749,24.20028305053711,25.026636123657227,-0.8241131901741028,0.02992580644786358,13.908236503601074,13.842846870422363,0.0503818541765213,0.04579845815896988,,,,
32.064273834228516,503,0.6289265155792236,24.039005279541016,24.93147087097168,-0.8284362554550171,0.030050016939640045,367415,,,,,,,,,,,13.974781036376953,14.002747535705566,0.05785322189331055,0.05775031819939613
,504,,,,,,368144,32.24665832519531,1.3983267545700073,24.24736976623535,25.763933181762695,-0.8233147859573364,0.02991582825779915,14.084953308105469,13.988707542419434,0.08251012116670609,0.08097241818904877,,,,
31.89667320251465,504,0.6431329250335693,24.033485412597656,24.935609817504883,-0.8277809619903564,0.030078444629907608,368144,,,,,,,,,,,13.97403621673584,14.018672943115234,0.058329932391643524,0.05778384953737259
,505,,,,,,368873,32.09206008911133,1.118517518043518,24.230247497558594,25.473125457763672,-0.8243851065635681,0.030175605788826942,14.005029678344727,13.955475807189941,0.07045634835958481,0.06626511365175247,,,,
31.809545516967773,505,0.6225232481956482,24.034534454345703,24.91981315612793,-0.8276088833808899,0.030004451051354408,368873,,,,,,,,,,,13.997529983520508,13.972295761108398,0.057039834558963776,0.05776551738381386
,506,,,,,,369602,31.97191619873047,0.799929141998291,24.203182220458984,25.192724227905273,-0.8247337937355042,0.030147522687911987,13.955108642578125,13.949219703674316,0.06673877686262131,0.05117620527744293,,,,
31.84208869934082,506,0.6352419257164001,24.03223419189453,24.929729461669922,-0.8278471827507019,0.03003890998661518,369602,,,,,,,,,,,13.993946075439453,14.010346412658691,0.057615187019109726,0.058361832052469254
,507,,,,,,370331,31.833829879760742,0.690906822681427,24.18132972717285,25.01677894592285,-0.8243316411972046,0.02992650307714939,13.871338844299316,13.93795108795166,0.05067906528711319,0.04732223600149155,,,,
31.88754653930664,507,0.6300078630447388,24.034744262695312,24.925798416137695,-0.8283546566963196,0.030084770172834396,370331,,,,,,,,,,,13.981571197509766,14.067758560180664,0.056717198342084885,0.05848708748817444
,508,,,,,,371060,32.063232421875,0.7979518175125122,24.195941925048828,25.16949462890625,-0.8234869241714478,0.029708003625273705,13.910128593444824,13.940173149108887,0.05949943885207176,0.0554167777299881,,,,
31.901063919067383,508,0.6504119634628296,24.026607513427734,24.933734893798828,-0.8283916711807251,0.030108895152807236,371060,,,,,,,,,,,13.943902015686035,14.063167572021484,0.059382688254117966,0.057000041007995605
,509,,,,,,371789,31.863805770874023,0.8882230520248413,24.210765838623047,25.242572784423828,-0.8240269422531128,0.029935818165540695,13.97611141204834,13.925052642822266,0.0656510442495346,0.051890499889850616,,,,
31.861207962036133,509,0.638351321220398,24.034996032714844,24.925003051757812,-0.8280443549156189,0.030056728050112724,371789,,,,,,,,,,,13.947061538696289,14.026656150817871,0.057615820318460464,0.05654771998524666
,510,,,,,,372518,32.021305084228516,0.9006823301315308,24.215852737426758,25.2379207611084,-0.8240569233894348,0.03007454425096512,13.9906005859375,13.951675415039062,0.06552306562662125,0.048821158707141876,,,,
31.714590072631836,510,0.6122857928276062,24.04205894470215,24.918630599975586,-0.8277086019515991,0.030088098719716072,372518,,,,,,,,,,,13.945717811584473,14.068278312683105,0.057558633387088776,0.05652439966797829
,511,,,,,,373247,31.97175407409668,1.0356380939483643,24.21510124206543,25.321138381958008,-0.8240596055984497,0.030039632692933083,13.946578979492188,13.93344783782959,0.06272713094949722,0.05491523817181587,,,,
31.799354553222656,511,0.6329509615898132,24.03586769104004,24.929027557373047,-0.8277760744094849,0.03005567379295826,373247,,,,,,,,,,,13.952535629272461,14.061002731323242,0.05749770626425743,0.05783719941973686
,512,,,,,,373976,31.815738677978516,1.0270699262619019,24.20829200744629,25.42557144165039,-0.8254088163375854,0.03036777675151825,13.99748420715332,13.951830863952637,0.08975916355848312,0.050990935415029526,,,,
31.737518310546875,512,0.6257274746894836,24.018770217895508,24.90584945678711,-0.8279262185096741,0.030114833265542984,373976,,,,,,,,,,,13.918198585510254,14.062137603759766,0.0573892779648304,0.05745460093021393
,513,,,,,,374705,31.85589599609375,0.7442485690116882,24.1899471282959,25.017742156982422,-0.8244003653526306,0.029939549043774605,13.848830223083496,13.819903373718262,0.050638310611248016,0.04049846529960632,,,,
31.7554988861084,513,0.6357659697532654,24.014205932617188,24.90597915649414,-0.828306257724762,0.030073218047618866,374705,,,,,,,,,,,13.971835136413574,14.008997917175293,0.05733718350529671,0.057438790798187256
,514,,,,,,375434,31.56100845336914,0.7427995800971985,24.188838958740234,25.10532569885254,-0.8245176076889038,0.030136875808238983,13.882505416870117,13.96859073638916,0.06783857941627502,0.041178010404109955,,,,
31.782052993774414,514,0.6048789024353027,24.025306701660156,24.8981876373291,-0.8280572891235352,0.030105123296380043,375434,,,,,,,,,,,13.938721656799316,14.0213041305542,0.05729689821600914,0.05679260939359665
,515,,,,,,376163,31.803503036499023,0.6258392930030823,24.173925399780273,24.949996948242188,-0.8240554928779602,0.029860343784093857,13.913766860961914,13.780604362487793,0.05196719989180565,0.040664710104465485,,,,
31.735889434814453,515,0.6303011775016785,24.010976791381836,24.900888442993164,-0.8282578587532043,0.03011687472462654,376163,,,,,,,,,,,13.973970413208008,13.991364479064941,0.0575561560690403,0.05739514157176018
,516,,,,,,376892,32.32514190673828,1.6301229000091553,24.24628448486328,25.89940643310547,-0.8241908550262451,0.030213605612516403,14.176872253417969,13.957921028137207,0.09417126327753067,0.07344703376293182,,,,
31.872413635253906,516,0.624725878238678,24.01836395263672,24.895221710205078,-0.8278554677963257,0.029997993260622025,376892,,,,,,,,,,,13.981304168701172,13.97910213470459,0.055868301540613174,0.057029593735933304
,517,,,,,,377621,31.629886627197266,0.974147617816925,24.212072372436523,25.34733009338379,-0.8239251971244812,0.03000551275908947,14.00458812713623,13.975954055786133,0.06103967875242233,0.06859324127435684,,,,
31.608755111694336,517,0.6217866539955139,24.012998580932617,24.89472770690918,-0.8277284502983093,0.03007352724671364,377621,,,,,,,,,,,14.000704765319824,14.012993812561035,0.05732676759362221,0.05684444308280945
,518,,,,,,378350,31.37604522705078,0.6252330541610718,24.170917510986328,24.980419158935547,-0.8237018585205078,0.02979220822453499,13.850772857666016,13.897427558898926,0.04436703398823738,0.055007558315992355,,,,
31.669313430786133,518,0.5960644483566284,24.008983612060547,24.876319885253906,-0.8284493684768677,0.030081652104854584,378350,,,,,,,,,,,13.947230339050293,13.990693092346191,0.05725385993719101,0.05660516396164894
,519,,,,,,379079,31.68473243713379,0.742694079875946,24.180776596069336,25.10974884033203,-0.8245009183883667,0.03002135455608368,13.883228302001953,13.90153694152832,0.061554376035928726,0.04997076839208603,,,,
31.571470260620117,519,0.61152583360672,23.997695922851562,24.871234893798828,-0.8283326625823975,0.030107542872428894,379079,,,,,,,,,,,13.92332649230957,14.003604888916016,0.05656475946307182,0.05699201300740242
,520,,,,,,379808,32.023555755615234,1.31980299949646,24.21550178527832,25.59050178527832,-0.8246239423751831,0.0302273016422987,13.991063117980957,13.917126655578613,0.06631604582071304,0.07670043408870697,,,,
31.656368255615234,520,0.661866307258606,24.00166130065918,24.905242919921875,-0.8281702399253845,0.030067237094044685,379808,,,,,,,,,,,13.939093589782715,14.0244722366333,0.05677901208400726,0.05774620920419693
,521,,,,,,380537,31.42253875732422,0.6251854300498962,24.153430938720703,24.9808292388916,-0.8236232399940491,0.029718764126300812,13.88485050201416,13.865236282348633,0.05120746046304703,0.05175507441163063,,,,
31.694692611694336,521,0.6234670281410217,24.00857925415039,24.891250610351562,-0.8280031085014343,0.03002350777387619,380537,,,,,,,,,,,13.948357582092285,13.96519660949707,0.056451912969350815,0.05773771554231644
,522,,,,,,381266,32.01741409301758,1.3719381093978882,24.22864532470703,25.689359664916992,-0.8250297904014587,0.030336901545524597,14.092806816101074,13.88318920135498,0.08860128372907639,0.06634921580553055,,,,
31.60287857055664,522,0.6458451747894287,23.997417449951172,24.889511108398438,-0.8283305764198303,0.030198270455002785,381266,,,,,,,,,,,13.981087684631348,13.965692520141602,0.05645846948027611,0.05737847834825516
,523,,,,,,381995,31.632659912109375,0.7557255625724792,24.167490005493164,25.06353759765625,-0.8253465294837952,0.030143074691295624,13.910215377807617,13.889242172241211,0.05024503171443939,0.05339231342077255,,,,
31.82520294189453,523,0.6148343682289124,24.00092124938965,24.877790451049805,-0.8290088772773743,0.030235519632697105,381995,,,,,,,,,,,13.930981636047363,13.971901893615723,0.05682697147130966,0.057059045881032944
,524,,,,,,382724,31.912765502929688,0.8244677782058716,24.18187141418457,25.14937400817871,-0.8239351511001587,0.02979937195777893,13.943977355957031,13.93172836303711,0.06286608427762985,0.04819193854928017,,,,
31.729040145874023,524,0.6350180506706238,23.990148544311523,24.880138397216797,-0.8287304043769836,0.030120791867375374,382724,,,,,,,,,,,13.953181266784668,13.954440116882324,0.05719146132469177,0.05730370432138443
,525,,,,,,383453,31.955081939697266,0.7655448913574219,24.169292449951172,25.08342933654785,-0.823773205280304,0.029692085459828377,13.925254821777344,13.928060531616211,0.05154626443982124,0.05472249537706375,,,,
31.865352630615234,525,0.60297691822052,23.9924259185791,24.859745025634766,-0.8288586735725403,0.03013179637491703,383453,,,,,,,,,,,13.915919303894043,14.008187294006348,0.05658356100320816,0.056583330035209656
,526,,,,,,384182,31.924951553344727,0.7197741270065308,24.167312622070312,25.0116024017334,-0.8247057199478149,0.030019961297512054,13.865934371948242,13.84786319732666,0.054672181606292725,0.04220850393176079,,,,
31.877981185913086,526,0.6115995049476624,24.00010108947754,24.874000549316406,-0.8282973766326904,0.030087433755397797,384182,,,,,,,,,,,13.958984375,13.976785659790039,0.05671457201242447,0.05690555274486542
,527,,,,,,384911,31.8896484375,1.0446375608444214,24.190921783447266,25.331565856933594,-0.8241742253303528,0.02993088774383068,13.967724800109863,13.898816108703613,0.060250163078308105,0.06341321021318436,,,,
31.8316707611084,527,0.6077106595039368,23.99412727355957,24.86119270324707,-0.8285157084465027,0.030096761882305145,384911,,,,,,,,,,,13.942580223083496,13.982624053955078,0.05637575313448906,0.05626918002963066
,528,,,,,,385640,31.930984497070312,0.9680359363555908,24.18721580505371,25.235240936279297,-0.8248593211174011,0.03018554300069809,13.820313453674316,13.912429809570312,0.058203183114528656,0.0545974001288414,,,,
31.72907257080078,528,0.6127039790153503,23.979969024658203,24.847572326660156,-0.8288475871086121,0.030185116454958916,385640,,,,,,,,,,,13.908812522888184,13.962859153747559,0.05594571679830551,0.05630161613225937
,529,,,,,,386369,31.98980140686035,1.22040855884552,24.208721160888672,25.468538284301758,-0.8243541717529297,0.030127255246043205,13.972977638244629,13.912074089050293,0.06878115981817245,0.06114700436592102,,,,
31.714670181274414,529,0.6318182945251465,23.980182647705078,24.863618850708008,-0.8288174867630005,0.03016895055770874,386369,,,,,,,,,,,13.922457695007324,13.946460723876953,0.057139329612255096,0.05636635422706604
,530,,,,,,387098,31.93443489074707,0.8679325580596924,24.182918548583984,25.144878387451172,-0.8242145776748657,0.03001752495765686,13.906937599182129,13.847737312316895,0.05968610942363739,0.04591341316699982,,,,
31.823095321655273,530,0.6280171871185303,23.987667083740234,24.863536834716797,-0.8288373351097107,0.03020208515226841,387098,,,,,,,,,,,13.924864768981934,13.960616111755371,0.056296903640031815,0.05607923865318298
,531,,,,,,387827,31.692113876342773,0.7202070951461792,24.170555114746094,25.058807373046875,-0.8237400650978088,0.029806170612573624,13.935952186584473,13.831114768981934,0.057399772107601166,0.048228852450847626,,,,
31.654924392700195,531,0.6504923701286316,23.98943328857422,24.885528564453125,-0.8287037014961243,0.03019639104604721,387827,,,,,,,,,,,13.95380973815918,14.000894546508789,0.0569407194852829,0.057230569422245026
,532,,,,,,388556,31.487350463867188,0.6831220388412476,24.16446304321289,24.99170684814453,-0.8244398236274719,0.030073028057813644,13.847794532775879,13.785983085632324,0.05190429463982582,0.04523259401321411,,,,
31.5649356842041,532,0.6377435922622681,23.986663818359375,24.86904525756836,-0.8283690214157104,0.030079346150159836,388556,,,,,,,,,,,13.923839569091797,13.948426246643066,0.056373875588178635,0.056329645216464996
,533,,,,,,389285,31.429670333862305,0.6511005759239197,24.156274795532227,24.950448989868164,-0.8237113356590271,0.02979998290538788,13.883208274841309,13.78666877746582,0.0494932122528553,0.044235557317733765,,,,
31.681509017944336,533,0.5857465863227844,23.98318099975586,24.837060928344727,-0.8285273909568787,0.03008994087576866,389285,,,,,,,,,,,13.921530723571777,13.932267189025879,0.05590584874153137,0.056295786052942276
,534,,,,,,390014,31.391063690185547,0.6183552742004395,24.149341583251953,24.91803741455078,-0.8247135877609253,0.03004436567425728,13.829431533813477,13.830464363098145,0.040626347064971924,0.051282934844493866,,,,
31.522531509399414,534,0.6315240859985352,23.975000381469727,24.844919204711914,-0.8285281658172607,0.030095240101218224,390014,,,,,,,,,,,13.901721000671387,13.960519790649414,0.05531817674636841,0.05551452189683914
,535,,,,,,390743,31.49661636352539,0.9000236988067627,24.175487518310547,25.2261905670166,-0.823491632938385,0.029846249148249626,14.006401062011719,13.828614234924316,0.06778440624475479,0.05235472694039345,,,,
31.57094383239746,535,0.6076639890670776,23.977638244628906,24.83750343322754,-0.8286791443824768,0.030188582837581635,390743,,,,,,,,,,,13.939021110534668,13.951662063598633,0.055446378886699677,0.05576488748192787
,536,,,,,,391472,31.942157745361328,1.2945683002471924,24.19807243347168,25.527820587158203,-0.8239597678184509,0.029941894114017487,13.959468841552734,13.962518692016602,0.06206253916025162,0.07442917674779892,,,,
31.513782501220703,536,0.6431781053543091,23.971281051635742,24.859397888183594,-0.8285945653915405,0.030099544674158096,391472,,,,,,,,,,,13.906354904174805,13.955978393554688,0.056308045983314514,0.05699558183550835
,537,,,,,,392201,31.879362106323242,0.8919326663017273,24.16842269897461,25.189552307128906,-0.8251408934593201,0.030086375772953033,13.892341613769531,13.890314102172852,0.058928508311510086,0.056102946400642395,,,,
31.557579040527344,537,0.6353995203971863,23.973588943481445,24.859233856201172,-0.828607439994812,0.030037321150302887,392201,,,,,,,,,,,13.920591354370117,13.99361801147461,0.056069664657115936,0.057516880333423615
,538,,,,,,392930,31.819299697875977,1.010291576385498,24.17599105834961,25.33527946472168,-0.8247573971748352,0.030105290934443474,13.912773132324219,13.920808792114258,0.06742110103368759,0.06340824067592621,,,,
31.741268157958984,538,0.6191846132278442,23.974655151367188,24.84762954711914,-0.828606903553009,0.030058471485972404,392930,,,,,,,,,,,13.898910522460938,13.957124710083008,0.05606897175312042,0.05660959333181381
,539,,,,,,393659,31.59959602355957,0.6389972567558289,24.146007537841797,24.96019172668457,-0.8236349821090698,0.02970515936613083,13.887046813964844,13.79220199584961,0.0515294224023819,0.04741130769252777,,,,
31.650056838989258,539,0.6326896548271179,23.976423263549805,24.862483978271484,-0.8284620046615601,0.03016490489244461,393659,,,,,,,,,,,13.902799606323242,13.91655445098877,0.05693846568465233,0.05700469762086868
,540,,,,,,394388,31.914737701416016,1.3319461345672607,24.19424057006836,25.578737258911133,-0.8246814608573914,0.030189726501703262,13.942437171936035,13.842806816101074,0.08036328852176666,0.06334295868873596,,,,
31.677860260009766,540,0.6239556670188904,23.96843910217285,24.843374252319336,-0.8288078904151917,0.030142145231366158,394388,,,,,,,,,,,13.906844139099121,13.91714096069336,0.055950358510017395,0.05664116516709328
,541,,,,,,395117,31.5517578125,0.9201067686080933,24.17742347717285,25.16651725769043,-0.8250855207443237,0.030260993167757988,13.867596626281738,13.878974914550781,0.056883081793785095,0.048926886171102524,,,,
31.52809715270996,541,0.6277024745941162,23.971437454223633,24.843664169311523,-0.8288660049438477,0.030154431238770485,395117,,,,,,,,,,,13.907748222351074,13.914541244506836,0.05528561398386955,0.05638599395751953
,542,,,,,,395846,31.42923355102539,0.558081865310669,24.150737762451172,24.862411499023438,-0.8240616917610168,0.029775382950901985,13.831706047058105,13.809793472290039,0.048719942569732666,0.037806350737810135,,,,
31.619958877563477,542,0.571095883846283,23.967666625976562,24.810741424560547,-0.8290254473686218,0.030110223218798637,395846,,,,,,,,,,,13.922429084777832,13.94068717956543,0.05596553534269333,0.05554069206118584
,543,,,,,,396575,31.780559539794922,1.0319432020187378,24.171274185180664,25.28873062133789,-0.8255904316902161,0.03032325580716133,13.889410972595215,13.892010688781738,0.06555686146020889,0.054740484803915024,,,,
31.63219451904297,543,0.6141964793205261,23.967260360717773,24.831775665283203,-0.8290334343910217,0.030148763209581375,396575,,,,,,,,,,,13.891039848327637,13.941304206848145,0.05557353422045708,0.05590812489390373
,544,,,,,,397304,31.7291202545166,1.0820598602294922,24.16895294189453,25.35813331604004,-0.8249859809875488,0.030154606327414513,13.85130500793457,13.902027130126953,0.06602026522159576,0.0636080950498581,,,,
31.499351501464844,544,0.602353572845459,23.9641170501709,24.820261001586914,-0.8288180232048035,0.03019128367304802,397304,,,,,,,,,,,13.893694877624512,13.950387954711914,0.05532645806670189,0.05567126348614693
,545,,,,,,398033,31.623027801513672,0.7240001559257507,24.14879035949707,25.070384979248047,-0.8247988224029541,0.03004673682153225,13.843107223510742,13.837345123291016,0.06078075245022774,0.051135942339897156,,,,
31.58426284790039,545,0.6325403451919556,23.966968536376953,24.843910217285156,-0.828987717628479,0.03016030415892601,398033,,,,,,,,,,,13.903368949890137,13.957051277160645,0.055993642657995224,0.05614209547638893
,546,,,,,,398762,31.724620819091797,0.7991558313369751,24.166854858398438,25.130958557128906,-0.8245835900306702,0.030068496242165565,13.934847831726074,13.878706932067871,0.05802813172340393,0.054875753819942474,,,,
31.5927734375,546,0.6009976267814636,23.95661735534668,24.81561279296875,-0.8293911218643188,0.0302436426281929,398762,,,,,,,,,,,13.893243789672852,13.96004581451416,0.055675361305475235,0.056024424731731415
,547,,,,,,399491,31.773147583007812,0.6890102028846741,24.16240119934082,24.961469650268555,-0.8241418600082397,0.02993668243288994,13.785877227783203,13.87751579284668,0.046345971524715424,0.04456968232989311,,,,
31.675695419311523,547,0.5922068357467651,23.957483291625977,24.809005737304688,-0.8286987543106079,0.030098382383584976,399491,,,,,,,,,,,13.870089530944824,13.954694747924805,0.055332764983177185,0.05575082078576088
,548,,,,,,400220,31.57325553894043,0.9089566469192505,24.15227699279785,25.198421478271484,-0.8248507380485535,0.03002828173339367,13.987275123596191,13.809382438659668,0.07420414686203003,0.044132307171821594,,,,
31.63439178466797,548,0.6046846508979797,23.95326805114746,24.808650970458984,-0.8290978074073792,0.030176643282175064,400220,,,,,,,,,,,13.920839309692383,13.941299438476562,0.05466698110103607,0.05594073608517647
,549,,,,,,400949,31.877588272094727,1.322011113166809,24.193483352661133,25.62239646911621,-0.8244891166687012,0.030098818242549896,14.033400535583496,13.927417755126953,0.09033720195293427,0.06324471533298492,,,,
31.333908081054688,549,0.6520542502403259,23.950660705566406,24.837047576904297,-0.8289617300033569,0.030180025845766068,400949,,,,,,,,,,,13.91767692565918,13.976651191711426,0.05559204891324043,0.05648134648799896
,550,,,,,,401678,31.239482879638672,0.807582676410675,24.14858627319336,25.13494300842285,-0.8244873881340027,0.030125489458441734,13.870018005371094,13.87331485748291,0.06317708641290665,0.05333421751856804,,,,
31.4081974029541,550,0.6041321754455566,23.955364227294922,24.81484603881836,-0.829283595085144,0.030216632410883904,401678,,,,,,,,,,,13.890475273132324,13.982826232910156,0.055813439190387726,0.055671822279691696
,551,,,,,,402407,31.674528121948242,1.1842454671859741,24.18259048461914,25.434110641479492,-0.8231608271598816,0.029795994982123375,13.972113609313965,13.90373706817627,0.07611745595932007,0.055757150053977966,,,,
31.300601959228516,551,0.6195762753486633,23.950870513916016,24.817550659179688,-0.829293966293335,0.030234767124056816,402407,,,,,,,,,,,13.882633209228516,13.924600601196289,0.05546602979302406,0.05591048672795296
,552,,,,,,403136,32.12205123901367,1.470330834388733,24.211231231689453,25.779033660888672,-0.8245673179626465,0.030176261439919472,13.997987747192383,13.941811561584473,0.08318742364645004,0.08334094285964966,,,,
31.456907272338867,552,0.6234610676765442,23.95889663696289,24.82245635986328,-0.8290863037109375,0.030120786279439926,403136,,,,,,,,,,,13.913463592529297,13.924910545349121,0.054849013686180115,0.05551396682858467
,553,,,,,,403865,31.25919532775879,0.6226677298545837,24.123205184936523,24.95294761657715,-0.8240666389465332,0.029766403138637543,13.926968574523926,13.832001686096191,0.05807456001639366,0.04560321941971779,,,,
31.446542739868164,553,0.5981183052062988,23.943803787231445,24.795711517333984,-0.8289762139320374,0.03014018014073372,403865,,,,,,,,,,,13.871586799621582,13.919770240783691,0.055270716547966,0.055295124650001526
,554,,,,,,404594,31.65981674194336,0.8297626376152039,24.160154342651367,25.08293914794922,-0.824734628200531,0.030057940632104874,13.902125358581543,13.836080551147461,0.054505351930856705,0.04707814380526543,,,,
31.489582061767578,554,0.5961548089981079,23.951221466064453,24.80335235595703,-0.8289697170257568,0.030170509591698647,404594,,,,,,,,,,,13.897924423217773,13.960993766784668,0.0552988275885582,0.05550970137119293
,555,,,,,,405323,31.970001220703125,1.6099222898483276,24.20354652404785,25.873464584350586,-0.8249527215957642,0.030279792845249176,13.978342056274414,14.047652244567871,0.09040559828281403,0.08258688449859619,,,,
31.504192352294922,555,0.6102670431137085,23.951509475708008,24.809444427490234,-0.829232931137085,0.030239010229706764,405323,,,,,,,,,,,13.930682182312012,13.949002265930176,0.05544718727469444,0.05511125922203064
,556,,,,,,406052,31.45612144470215,0.8920756578445435,24.15978240966797,25.1817684173584,-0.8257881999015808,0.030393173918128014,13.879395484924316,13.857551574707031,0.06149914115667343,0.05368996411561966,,,,
31.511484146118164,556,0.5929141640663147,23.93747329711914,24.789175033569336,-0.8296840786933899,0.030296145007014275,406052,,,,,,,,,,,13.857612609863281,13.921339988708496,0.05570382997393608,0.05534588545560837
,557,,,,,,406781,31.678224563598633,1.2005852460861206,24.17288589477539,25.456727981567383,-0.8247437477111816,0.030133957043290138,13.872498512268066,14.060574531555176,0.061788443475961685,0.0749196708202362,,,,
31.389497756958008,557,0.6241001486778259,23.942893981933594,24.806440353393555,-0.8293886780738831,0.030250517651438713,406781,,,,,,,,,,,13.887174606323242,13.945920944213867,0.05534273386001587,0.054953683167696
,558,,,,,,407510,31.56533432006836,0.8575083613395691,24.148258209228516,25.108379364013672,-0.8247628211975098,0.03006741590797901,13.838786125183105,13.849607467651367,0.05171693488955498,0.05455571040511131,,,,
31.5234317779541,558,0.6425172686576843,23.95025062561035,24.823787689208984,-0.8291016221046448,0.030184097588062286,407510,,,,,,,,,,,13.8800687789917,13.956846237182617,0.05469188094139099,0.05576666444540024
,559,,,,,,408239,31.566661834716797,0.7131602168083191,24.140182495117188,25.019088745117188,-0.8249570727348328,0.030006637796759605,13.843345642089844,13.90142822265625,0.06187883019447327,0.042583905160427094,,,,
31.41754913330078,559,0.6047723293304443,23.948625564575195,24.796688079833984,-0.8287652730941772,0.03013203665614128,408239,,,,,,,,,,,13.870593070983887,13.938371658325195,0.05467084422707558,0.05446164309978485
,560,,,,,,408968,31.445127487182617,0.7496817111968994,24.141422271728516,25.030914306640625,-0.8245459794998169,0.0299698393791914,13.848437309265137,13.855238914489746,0.05023312196135521,0.05269547551870346,,,,
31.43498420715332,560,0.5931289792060852,23.943532943725586,24.78959083557129,-0.8291458487510681,0.030136166140437126,408968,,,,,,,,,,,13.863122940063477,13.928539276123047,0.055018749088048935,0.054879330098629
,561,,,,,,409697,31.140460968017578,0.751338541507721,24.14276123046875,25.0657901763916,-0.8249048590660095,0.030197443440556526,13.924248695373535,13.867213249206543,0.05138770863413811,0.0580829381942749,,,,
31.323179244995117,561,0.5945589542388916,23.925418853759766,24.77314567565918,-0.8290707468986511,0.03009914606809616,409697,,,,,,,,,,,13.858665466308594,13.931519508361816,0.0552809052169323,0.05480515956878662
,562,,,,,,410426,31.723880767822266,1.2800368070602417,24.201101303100586,25.580463409423828,-0.8256762027740479,0.030486563220620155,13.91903305053711,13.952986717224121,0.08216718584299088,0.06570306420326233,,,,
31.181745529174805,562,0.5920141339302063,23.930641174316406,24.775156021118164,-0.8292334675788879,0.03018088825047016,410426,,,,,,,,,,,13.894323348999023,13.90962028503418,0.054996468126773834,0.05470197647809982
,563,,,,,,411155,31.69544792175293,0.9247512817382812,24.150320053100586,25.174713134765625,-0.8250685334205627,0.030104810371994972,13.832788467407227,13.82643985748291,0.060750849545001984,0.05165437236428261,,,,
31.35292625427246,563,0.6226037740707397,23.927785873413086,24.796907424926758,-0.8298021554946899,0.030228156596422195,411155,,,,,,,,,,,13.867895126342773,13.92139720916748,0.05580998212099075,0.055753063410520554
,564,,,,,,411884,31.89048957824707,1.7511699199676514,24.21262550354004,25.9962215423584,-0.8258358836174011,0.030453864485025406,13.979320526123047,14.034271240234375,0.09737619757652283,0.08422516286373138,,,,
31.300119400024414,564,0.6146961450576782,23.916015625,24.77365493774414,-0.8296594023704529,0.03012985736131668,411884,,,,,,,,,,,13.860112190246582,13.933286666870117,0.054590482264757156,0.05546816438436508
,565,,,,,,412613,31.833759307861328,1.1300169229507446,24.169662475585938,25.405719757080078,-0.8257317543029785,0.030282817780971527,13.905110359191895,13.86076831817627,0.06688324362039566,0.06732966750860214,,,,
31.431589126586914,565,0.5945411920547485,23.926111221313477,24.770858764648438,-0.8297523260116577,0.030196985229849815,412613,,,,,,,,,,,13.874849319458008,13.906095504760742,0.05453778803348541,0.054959870874881744
,566,,,,,,413342,31.423818588256836,0.7310022115707397,24.136383056640625,25.070497512817383,-0.8243106603622437,0.029817666858434677,13.878800392150879,13.82148551940918,0.061325203627347946,0.05239776149392128,,,,
31.55674171447754,566,0.5964040756225586,23.930078506469727,24.770614624023438,-0.8296360969543457,0.03014667145907879,413342,,,,,,,,,,,13.854012489318848,13.907594680786133,0.05455043166875839,0.053915202617645264
,567,,,,,,414071,31.45652961730957,0.9788070321083069,24.15979766845703,25.246034622192383,-0.8247332572937012,0.030180057510733604,13.888381004333496,13.8203706741333,0.06047599017620087,0.05889376625418663,,,,
31.36397933959961,567,0.6147764921188354,23.933391571044922,24.78577995300293,-0.8292042016983032,0.030164245516061783,414071,,,,,,,,,,,13.858705520629883,13.928752899169922,0.0547681599855423,0.054233063012361526
,568,,,,,,414800,31.578908920288086,0.8857558369636536,24.16034507751465,25.180267333984375,-0.8256183862686157,0.030235571786761284,13.924824714660645,13.793216705322266,0.057457972317934036,0.05795355513691902,,,,
31.43340301513672,568,0.5838907361030579,23.92717933654785,24.768476486206055,-0.829181432723999,0.03020772524178028,414800,,,,,,,,,,,13.862067222595215,13.887948036193848,0.055402521044015884,0.05447191745042801
,569,,,,,,415529,31.588605880737305,1.0376280546188354,24.159189224243164,25.393943786621094,-0.8247272372245789,0.030029255896806717,13.928403854370117,13.89286994934082,0.06712470203638077,0.07606358826160431,,,,
31.484426498413086,569,0.5893910527229309,23.929410934448242,24.771032333374023,-0.8298450112342834,0.030198892578482628,415529,,,,,,,,,,,13.846782684326172,13.89951229095459,0.054168764501810074,0.05521424487233162
,570,,,,,,416258,31.47655487060547,0.9683675765991211,24.15093421936035,25.252939224243164,-0.8257163763046265,0.030302437022328377,13.808009147644043,13.95772933959961,0.05898139998316765,0.06457985937595367,,,,
31.48637580871582,570,0.6509303450584412,23.92169189453125,24.793649673461914,-0.8296405673027039,0.030185673385858536,416258,,,,,,,,,,,13.866938591003418,13.891838073730469,0.054838214069604874,0.05446238070726395
,571,,,,,,416987,30.990367889404297,0.518240749835968,24.09613800048828,24.75103759765625,-0.825236439704895,0.03001117892563343,13.708244323730469,13.796076774597168,0.041799671947956085,0.03735368326306343,,,,
31.353090286254883,571,0.5902288556098938,23.903711318969727,24.745389938354492,-0.829838216304779,0.030256694182753563,416987,,,,,,,,,,,13.826251029968262,13.9166259765625,0.054591819643974304,0.054720696061849594
,572,,,,,,417716,30.847766876220703,0.5192172527313232,24.095643997192383,24.757898330688477,-0.8251583576202393,0.03006555326282978,13.753829956054688,13.733659744262695,0.04297051206231117,0.037558089941740036,,,,
31.300060272216797,572,0.5763256549835205,23.91167449951172,24.746265411376953,-0.829791247844696,0.030171317979693413,417716,,,,,,,,,,,13.819158554077148,13.903276443481445,0.054507769644260406,0.05477779358625412
,573,,,,,,418445,31.65370750427246,1.0358836650848389,24.15184783935547,25.284156799316406,-0.8257074952125549,0.030307898297905922,13.870792388916016,13.856558799743652,0.06875184923410416,0.054123926907777786,,,,
31.354642868041992,573,0.5947030186653137,23.91278648376465,24.762243270874023,-0.8296195268630981,0.03019283153116703,418445,,,,,,,,,,,13.867630004882812,13.898569107055664,0.054924383759498596,0.05549757182598114
,574,,,,,,419174,31.59818458557129,0.7373804450035095,24.137907028198242,24.97783088684082,-0.8249291181564331,0.029999123886227608,13.721360206604004,13.921891212463379,0.05109724402427673,0.04314608499407768,,,,
31.43594741821289,574,0.5995707511901855,23.920442581176758,24.76859474182129,-0.8295616507530212,0.03025149740278721,419174,,,,,,,,,,,13.790791511535645,13.938127517700195,0.05469357594847679,0.05498276650905609
,575,,,,,,419903,31.898860931396484,1.2607393264770508,24.177553176879883,25.505952835083008,-0.825717031955719,0.030393928289413452,13.918108940124512,13.900054931640625,0.06908652186393738,0.07052186876535416,,,,
31.557209014892578,575,0.582221269607544,23.913034439086914,24.748458862304688,-0.8296666145324707,0.03025643713772297,419903,,,,,,,,,,,13.791328430175781,13.895358085632324,0.054432738572359085,0.054429709911346436
,576,,,,,,420632,31.288393020629883,0.7139524221420288,24.137649536132812,25.058151245117188,-0.8238898515701294,0.02983969636261463,13.929715156555176,13.85165023803711,0.05163472518324852,0.061071280390024185,,,,
31.572330474853516,576,0.5909404754638672,23.919408798217773,24.759859085083008,-0.829410970211029,0.030225688591599464,420632,,,,,,,,,,,13.825886726379395,13.91406536102295,0.05417269840836525,0.054822731763124466
,577,,,,,,421361,31.298425674438477,0.5571278929710388,24.10185432434082,24.790027618408203,-0.8258050680160522,0.030149471014738083,13.792217254638672,13.758336067199707,0.04144454002380371,0.0404791496694088,,,,
31.351497650146484,577,0.611973762512207,23.90590476989746,24.749996185302734,-0.8299480080604553,0.030210494995117188,421361,,,,,,,,,,,13.82388687133789,13.9058837890625,0.05345188453793526,0.054167602211236954
,578,,,,,,422090,31.59683609008789,0.8363048434257507,24.1290225982666,25.134883880615234,-0.8253841996192932,0.030091525986790657,13.872365951538086,13.8455810546875,0.06407967954874039,0.05346325784921646,,,,
31.48841094970703,578,0.6191250085830688,23.90470314025879,24.7526798248291,-0.829879879951477,0.030278412625193596,422090,,,,,,,,,,,13.845112800598145,13.895211219787598,0.053825173527002335,0.053858835250139236
,579,,,,,,422819,31.39291000366211,0.8914332389831543,24.125402450561523,25.14511489868164,-0.8253634572029114,0.030106067657470703,13.83951473236084,13.818272590637207,0.058653973042964935,0.056143682450056076,,,,
31.408309936523438,579,0.5991191267967224,23.90083122253418,24.751977920532227,-0.8298499584197998,0.030179137364029884,422819,,,,,,,,,,,13.859760284423828,13.891841888427734,0.05470850691199303,0.055608753114938736
,580,,,,,,423548,31.759483337402344,1.341379165649414,24.175683975219727,25.661346435546875,-0.8248248100280762,0.030066421255469322,13.975271224975586,13.990291595458984,0.06898590177297592,0.09400966018438339,,,,
31.365461349487305,580,0.5902673006057739,23.902450561523438,24.74490737915039,-0.8298832774162292,0.030252831056714058,423548,,,,,,,,,,,13.847737312316895,13.885106086730957,0.054157793521881104,0.05530577898025513
,581,,,,,,424277,31.0017032623291,0.619150698184967,24.111309051513672,24.97211265563965,-0.8247807621955872,0.030016658827662468,13.904754638671875,13.829286575317383,0.05796213448047638,0.052281223237514496,,,,
31.278751373291016,581,0.5944807529449463,23.89934730529785,24.73824691772461,-0.8296810984611511,0.030160825699567795,424277,,,,,,,,,,,13.829313278198242,13.899702072143555,0.05419457331299782,0.05413750186562538
,582,,,,,,425006,31.383934020996094,1.0710841417312622,24.149028778076172,25.317283630371094,-0.8250133395195007,0.030175447463989258,13.9633150100708,13.82373332977295,0.07697956264019012,0.04956212267279625,,,,
31.3057918548584,582,0.5753874778747559,23.899669647216797,24.727252960205078,-0.8298921585083008,0.030229367315769196,425006,,,,,,,,,,,13.815842628479004,13.88181209564209,0.05435365065932274,0.053619638085365295
,583,,,,,,425735,31.480056762695312,0.8748299479484558,24.13579750061035,25.179821014404297,-0.8256137371063232,0.030144087970256805,13.916411399841309,13.814041137695312,0.06172104552388191,0.05960210785269737,,,,
31.21222496032715,583,0.6198722720146179,23.91118812561035,24.763103485107422,-0.8294890522956848,0.030209727585315704,425735,,,,,,,,,,,13.835555076599121,13.901697158813477,0.054114360362291336,0.05427561700344086
,584,,,,,,426464,31.168455123901367,0.7713401317596436,24.118513107299805,25.065553665161133,-0.8254311084747314,0.030134348198771477,13.923625946044922,13.816786766052246,0.0685027688741684,0.043771933764219284,,,,
31.266897201538086,584,0.6008376479148865,23.89853286743164,24.74415397644043,-0.829928994178772,0.030294276773929596,426464,,,,,,,,,,,13.826286315917969,13.90866470336914,0.054367244243621826,0.05466993898153305
,585,,,,,,427193,31.2513484954834,0.6718335151672363,24.126117706298828,24.975841522216797,-0.8248002529144287,0.029994715005159378,13.902450561523438,13.780041694641113,0.05709914490580559,0.04565994814038277,,,,
31.120174407958984,585,0.6333538293838501,23.90141487121582,24.7602481842041,-0.8295465111732483,0.03026394359767437,427193,,,,,,,,,,,13.863778114318848,13.890461921691895,0.05424679070711136,0.054184529930353165
,586,,,,,,427922,31.61084747314453,1.460254430770874,24.181011199951172,25.63055419921875,-0.8249679207801819,0.03024429641664028,13.90168285369873,13.992875099182129,0.07653378695249557,0.06735145300626755,,,,
31.275800704956055,586,0.6251254081726074,23.900127410888672,24.757713317871094,-0.8296641707420349,0.030229054391384125,427922,,,,,,,,,,,13.823904037475586,13.907392501831055,0.05436154082417488,0.054647669196128845
,587,,,,,,428651,31.291915893554688,0.8083374500274658,24.130876541137695,25.12356948852539,-0.8244584798812866,0.03001958690583706,13.90020751953125,13.822132110595703,0.06289345771074295,0.05480855330824852,,,,
31.160999298095703,587,0.5942780375480652,23.897924423217773,24.733375549316406,-0.8295654654502869,0.030267367139458656,428651,,,,,,,,,,,13.816109657287598,13.888168334960938,0.053393229842185974,0.05427476391196251
,588,,,,,,429380,31.24448585510254,0.7906295657157898,24.130342483520508,25.00421714782715,-0.8255519866943359,0.03019321709871292,13.780405044555664,13.849799156188965,0.04308635741472244,0.05262601748108864,,,,
31.17209243774414,588,0.6277146935462952,23.893911361694336,24.748899459838867,-0.8297089338302612,0.030203891918063164,429380,,,,,,,,,,,13.819615364074707,13.899435997009277,0.05453028157353401,0.053691230714321136
,589,,,,,,430109,31.230663299560547,0.9266446828842163,24.127309799194336,25.219757080078125,-0.8245319724082947,0.029983144253492355,13.823015213012695,13.976813316345215,0.06871435791254044,0.05711290240287781,,,,
31.03006362915039,589,0.5887647867202759,23.887386322021484,24.717702865600586,-0.8297514319419861,0.030200935900211334,430109,,,,,,,,,,,13.842355728149414,13.891242980957031,0.053468845784664154,0.053716909140348434
,590,,,,,,430838,31.265159606933594,1.1654088497161865,24.14818572998047,25.484975814819336,-0.8240859508514404,0.02989703044295311,13.960405349731445,13.940568923950195,0.06564592570066452,0.08516672253608704,,,,
31.20355796813965,590,0.5747464299201965,23.8892879486084,24.708816528320312,-0.8295010328292847,0.030205003917217255,430838,,,,,,,,,,,13.803007125854492,13.905913352966309,0.05332601070404053,0.05310593172907829
,591,,,,,,431567,30.96988868713379,0.7126839756965637,24.09995460510254,24.96917152404785,-0.8257309198379517,0.030193455517292023,13.849751472473145,13.800004959106445,0.051188573241233826,0.05138697102665901,,,,
31.00074005126953,591,0.6022678017616272,23.890697479248047,24.731245040893555,-0.8294892311096191,0.030137890949845314,431567,,,,,,,,,,,13.85586166381836,13.86265754699707,0.05410173535346985,0.05378466472029686
,592,,,,,,432296,31.506832122802734,1.039140224456787,24.137014389038086,25.328014373779297,-0.8252414464950562,0.030157040804624557,13.891807556152344,13.841955184936523,0.06889067590236664,0.0653962716460228,,,,
31.128524780273438,592,0.5887184739112854,23.886234283447266,24.71749496459961,-0.8298420310020447,0.0302428025752306,432296,,,,,,,,,,,13.842586517333984,13.863240242004395,0.05422922223806381,0.05315204709768295
,593,,,,,,433025,31.268171310424805,1.0379563570022583,24.135379791259766,25.35337257385254,-0.8251731395721436,0.029989834874868393,13.89052677154541,13.90650463104248,0.07653734087944031,0.06326323747634888,,,,
31.1691951751709,593,0.620049774646759,23.888484954833984,24.739736557006836,-0.8297186493873596,0.030239040032029152,433025,,,,,,,,,,,13.832168579101562,13.87657356262207,0.05441885069012642,0.053827062249183655
,594,,,,,,433754,31.54938507080078,0.973628044128418,24.135034561157227,25.204423904418945,-0.8255467414855957,0.030195878818631172,13.841410636901855,13.871368408203125,0.0523989237844944,0.06411690264940262,,,,
31.230915069580078,594,0.5871961116790771,23.877601623535156,24.71318817138672,-0.8303780555725098,0.030174627900123596,433754,,,,,,,,,,,13.822205543518066,13.887868881225586,0.05410756170749664,0.05429045855998993
,595,,,,,,434483,31.091073989868164,1.0010846853256226,24.143545150756836,25.232215881347656,-0.8258626461029053,0.030448539182543755,13.93223762512207,13.801131248474121,0.06855055689811707,0.04907941818237305,,,,
31.237279891967773,595,0.60031658411026,23.877151489257812,24.71512794494629,-0.8301323056221008,0.030211402103304863,434483,,,,,,,,,,,13.82059097290039,13.849132537841797,0.05361133813858032,0.05394903942942619
,596,,,,,,435212,31.735332489013672,1.401139259338379,24.173791885375977,25.62784767150879,-0.8252013325691223,0.030246328562498093,13.884860038757324,13.960810661315918,0.0667085349559784,0.08398757874965668,,,,
31.218521118164062,596,0.5856096744537354,23.880407333374023,24.713016510009766,-0.8302515149116516,0.030271781608462334,435212,,,,,,,,,,,13.844367027282715,13.86909294128418,0.054037030786275864,0.05392725020647049
,597,,,,,,435941,31.52408790588379,1.020186185836792,24.129474639892578,25.275453567504883,-0.8258512616157532,0.030295737087726593,13.877452850341797,13.818132400512695,0.06907732039690018,0.058094531297683716,,,,
31.408117294311523,597,0.5836392045021057,23.877979278564453,24.706396102905273,-0.8300443291664124,0.030288513749837875,435941,,,,,,,,,,,13.825505256652832,13.822751998901367,0.053829021751880646,0.05348840728402138
,598,,,,,,436670,31.228029251098633,0.5284377336502075,24.077322006225586,24.76449203491211,-0.8252641558647156,0.02990047261118889,13.756464958190918,13.738431930541992,0.04094783589243889,0.04364001005887985,,,,
31.36774253845215,598,0.579677164554596,23.871753692626953,24.698347091674805,-0.8301149606704712,0.030281241983175278,436670,,,,,,,,,,,13.819416999816895,13.856474876403809,0.054091472178697586,0.05325954779982567
,599,,,,,,437399,31.334171295166016,0.6705458164215088,24.10418128967285,24.93252944946289,-0.825175404548645,0.030036095529794693,13.79830551147461,13.782898902893066,0.05567772686481476,0.042940232902765274,,,,
31.382963180541992,599,0.592480480670929,23.870267868041992,24.704635620117188,-0.8304235339164734,0.030254734680056572,437399,,,,,,,,,,,13.809494018554688,13.85657024383545,0.05357389897108078,0.05405256897211075
,600,,,,,,438128,31.470239639282227,0.8473424911499023,24.13526153564453,25.156362533569336,-0.8254618048667908,0.03011392056941986,13.868260383605957,13.87137222290039,0.059990573674440384,0.059490714222192764,,,,
31.394765853881836,600,0.6451975703239441,23.867582321166992,24.731475830078125,-0.8300841450691223,0.030278852209448814,438128,,,,,,,,,,,13.799488067626953,13.8489351272583,0.053860608488321304,0.05440077930688858
,601,,,,,,438857,31.155601501464844,0.6117196083068848,24.093868255615234,24.90237808227539,-0.8255529403686523,0.030050083994865417,13.867480278015137,13.761312484741211,0.050999715924263,0.04953167960047722,,,,
31.23821258544922,601,0.604573667049408,23.8778018951416,24.71836280822754,-0.8299442529678345,0.030205033719539642,438857,,,,,,,,,,,13.81259822845459,13.861295700073242,0.05365611985325813,0.053995709866285324
,602,,,,,,439586,31.300373077392578,0.6883513331413269,24.109052658081055,25.00528335571289,-0.8256710171699524,0.03012963943183422,13.91400146484375,13.787739753723145,0.058806128799915314,0.05160418152809143,,,,
31.241539001464844,602,0.5869888067245483,23.86233139038086,24.694700241088867,-0.8303941488265991,0.03028259053826332,439586,,,,,,,,,,,13.841507911682129,13.829046249389648,0.053696610033512115,0.05407724529504776
,603,,,,,,440315,31.403562545776367,1.1800484657287598,24.15740203857422,25.445144653320312,-0.8255781531333923,0.030280061066150665,13.995112419128418,13.855393409729004,0.08058320730924606,0.05895870923995972,,,,
31.172054290771484,603,0.5870212316513062,23.86488914489746,24.691259384155273,-0.8303375244140625,0.030266696587204933,440315,,,,,,,,,,,13.817375183105469,13.894243240356445,0.05381091311573982,0.05276182293891907
,604,,,,,,441044,31.656475067138672,0.7198910117149353,24.120532989501953,25.011171340942383,-0.8258054852485657,0.030075976625084877,13.822081565856934,13.818255424499512,0.05893596634268761,0.047197889536619186,,,,
31.336763381958008,604,0.6026304364204407,23.86986541748047,24.705753326416016,-0.8305461406707764,0.030220258980989456,441044,,,,,,,,,,,13.81539535522461,13.821638107299805,0.053311917930841446,0.05360103398561478
,605,,,,,,441773,31.628070831298828,1.0436941385269165,24.13939666748047,25.30994415283203,-0.8255378007888794,0.03009616956114769,13.832388877868652,13.929328918457031,0.06835681200027466,0.06138020381331444,,,,
31.494861602783203,605,0.5509806871414185,23.86568832397461,24.672712326049805,-0.8302055597305298,0.030232585966587067,441773,,,,,,,,,,,13.763138771057129,13.843804359436035,0.05305641517043114,0.053249914199113846
,606,,,,,,442502,31.907485961914062,1.5072470903396606,24.179344177246094,25.72758674621582,-0.8267272710800171,0.030630027875304222,13.950555801391602,13.902106285095215,0.08673936128616333,0.07217928022146225,,,,
31.25950050354004,606,0.5959088802337646,23.86039924621582,24.691328048706055,-0.8305007219314575,0.030316846445202827,442502,,,,,,,,,,,13.77368450164795,13.869755744934082,0.05345262214541435,0.05313953757286072
,607,,,,,,443231,31.264026641845703,0.8037475347518921,24.112348556518555,25.05364418029785,-0.8256226778030396,0.030205368995666504,13.895838737487793,13.775144577026367,0.05901126191020012,0.04887356981635094,,,,
31.354585647583008,607,0.5857648253440857,23.860788345336914,24.68706703186035,-0.8307747840881348,0.0302964486181736,443231,,,,,,,,,,,13.795491218566895,13.838109016418457,0.05316528305411339,0.05351803079247475
,608,,,,,,443960,31.329710006713867,0.7860223054885864,24.112411499023438,25.027240753173828,-0.8252863883972168,0.0301898755133152,13.814244270324707,13.804384231567383,0.06032766401767731,0.04403921589255333,,,,
31.191715240478516,608,0.5865965485572815,23.852733612060547,24.68075180053711,-0.8305402398109436,0.030327819287776947,443960,,,,,,,,,,,13.786223411560059,13.85328483581543,0.05290787294507027,0.05403444543480873
,609,,,,,,444689,31.248205184936523,1.001530408859253,24.12897300720215,25.202247619628906,-0.8266549110412598,0.03052947297692299,13.846368789672852,13.83340072631836,0.06555826961994171,0.04894566908478737,,,,
31.13469123840332,609,0.5819455981254578,23.856204986572266,24.683162689208984,-0.8302893042564392,0.030246973037719727,444689,,,,,,,,,,,13.75648307800293,13.864493370056152,0.05409923940896988,0.05309111997485161
,610,,,,,,445418,30.94383430480957,0.856597900390625,24.109886169433594,25.025022506713867,-0.8255366086959839,0.030199958011507988,13.821794509887695,13.77470588684082,0.047139786183834076,0.05023398995399475,,,,
31.056678771972656,610,0.5997236967086792,23.853017807006836,24.687259674072266,-0.8304846286773682,0.030319247394800186,445418,,,,,,,,,,,13.79468059539795,13.840455055236816,0.05311468988656998,0.05376501753926277
,611,,,,,,446147,31.29595947265625,0.9099365472793579,24.135452270507812,25.198930740356445,-0.8251103162765503,0.030075781047344208,13.977404594421387,13.833824157714844,0.07602547854185104,0.0456697978079319,,,,
31.00033950805664,611,0.5766551494598389,23.863723754882812,24.680946350097656,-0.8304195404052734,0.03033819980919361,446147,,,,,,,,,,,13.814703941345215,13.850956916809082,0.05271541327238083,0.05306046083569527
,612,,,,,,446876,31.369613647460938,0.939548909664154,24.122888565063477,25.17125129699707,-0.825396716594696,0.03015797957777977,13.86514663696289,13.796192169189453,0.06524590402841568,0.05047101527452469,,,,
31.17774772644043,612,0.5859989523887634,23.846506118774414,24.668533325195312,-0.8307282328605652,0.030310289934277534,446876,,,,,,,,,,,13.791582107543945,13.814583778381348,0.05187816545367241,0.05392972379922867
,613,,,,,,447605,31.409685134887695,0.9854618310928345,24.116012573242188,25.238361358642578,-0.8256716728210449,0.030145470052957535,13.860639572143555,13.857161521911621,0.06366739422082901,0.062255099415779114,,,,
31.17104721069336,613,0.5994700193405151,23.84959602355957,24.675708770751953,-0.830804169178009,0.030305614694952965,447605,,,,,,,,,,,13.764164924621582,13.843951225280762,0.05282174423336983,0.052452798932790756
,614,,,,,,448334,31.64027976989746,1.0464140176773071,24.13594627380371,25.240571975708008,-0.8257842659950256,0.030261563137173653,13.827293395996094,13.806278228759766,0.0634971559047699,0.05278797447681427,,,,
31.272123336791992,614,0.5672353506088257,23.852794647216797,24.666038513183594,-0.8306564688682556,0.03029770590364933,448334,,,,,,,,,,,13.758930206298828,13.796838760375977,0.05251728743314743,0.053406722843647
,615,,,,,,449063,31.31302833557129,0.7781146764755249,24.12238311767578,25.08048439025879,-0.825301468372345,0.03001341223716736,13.896952629089355,13.800020217895508,0.06499495357275009,0.04881536588072777,,,,
31.322433471679688,615,0.5672239661216736,23.85492706298828,24.666181564331055,-0.830554723739624,0.030344657599925995,449063,,,,,,,,,,,13.76830005645752,13.817719459533691,0.052954722195863724,0.0525774247944355
,616,,,,,,449792,31.54587745666504,0.9985445141792297,24.12085723876953,25.264101028442383,-0.8256269693374634,0.03016873076558113,13.948474884033203,13.748738288879395,0.08215757459402084,0.046635910868644714,,,,
31.315746307373047,616,0.5812126994132996,23.853391647338867,24.67497444152832,-0.8306148648262024,0.030330024659633636,449792,,,,,,,,,,,13.756024360656738,13.81094741821289,0.05308886989951134,0.05310819670557976
,617,,,,,,450521,31.160776138305664,0.6289631724357605,24.079694747924805,24.881601333618164,-0.8252704739570618,0.029937878251075745,13.853150367736816,13.738078117370605,0.05070964992046356,0.04677250608801842,,,,
31.19135856628418,617,0.5956799387931824,23.83844566345215,24.659366607666016,-0.8307288289070129,0.030334414914250374,450521,,,,,,,,,,,13.777558326721191,13.767631530761719,0.05213126912713051,0.052485063672065735
,618,,,,,,451250,31.49492835998535,1.1473190784454346,24.12691307067871,25.341094970703125,-0.8254977464675903,0.03022964671254158,13.888076782226562,13.820167541503906,0.0657772347331047,0.06233035400509834,,,,
31.17996597290039,618,0.5873759984970093,23.836833953857422,24.65689468383789,-0.8305856585502625,0.03035462275147438,451250,,,,,,,,,,,13.77110481262207,13.819653511047363,0.052677035331726074,0.05259596183896065
,619,,,,,,451979,31.66396713256836,1.5129159688949585,24.16241455078125,25.71367835998535,-0.8257747292518616,0.030424760654568672,13.98782730102539,13.919191360473633,0.07635118812322617,0.08260975033044815,,,,
31.169809341430664,619,0.5860512852668762,23.842357635498047,24.664913177490234,-0.8308230042457581,0.030369693413376808,451979,,,,,,,,,,,13.81152057647705,13.816034317016602,0.05255720764398575,0.053348608314991
,620,,,,,,452708,30.56834602355957,0.5175859332084656,24.060190200805664,24.70823097229004,-0.8254459500312805,0.030004337430000305,13.746170043945312,13.793877601623535,0.03939225152134895,0.038456134498119354,,,,
31.130577087402344,620,0.5914666056632996,23.845651626586914,24.67049217224121,-0.8305610418319702,0.030300181359052658,452708,,,,,,,,,,,13.818035125732422,13.859809875488281,0.052907977253198624,0.05291503295302391
,621,,,,,,453437,31.7174129486084,1.424583911895752,24.1424560546875,25.693021774291992,-0.8257519006729126,0.030262304469943047,13.970911979675293,13.919878959655762,0.10222288221120834,0.06543641537427902,,,,
31.064783096313477,621,0.5968930125236511,23.831632614135742,24.660776138305664,-0.8304661512374878,0.0302791316062212,453437,,,,,,,,,,,13.781417846679688,13.845254898071289,0.05259768292307854,0.05353673920035362
,622,,,,,,454166,31.442283630371094,0.8287649750709534,24.10677719116211,25.119552612304688,-0.8254133462905884,0.030083416029810905,13.866808891296387,13.817612648010254,0.06751453876495361,0.05216250196099281,,,,
31.462867736816406,622,0.5602757930755615,23.842214584350586,24.649656295776367,-0.8309901356697083,0.030238529667258263,454166,,,,,,,,,,,13.795024871826172,13.792694091796875,0.05238931626081467,0.053069278597831726
,623,,,,,,454895,31.032188415527344,0.604010283946991,24.06501579284668,24.86540412902832,-0.8260381817817688,0.030225206166505814,13.821005821228027,13.692517280578613,0.05410078167915344,0.04557038098573685,,,,
31.173973083496094,623,0.5520800352096558,23.83685302734375,24.640295028686523,-0.8307580947875977,0.030271179974079132,454895,,,,,,,,,,,13.798820495605469,13.812836647033691,0.05276016891002655,0.05272167921066284
,624,,,,,,455624,31.414180755615234,0.9137955904006958,24.11192512512207,25.08139991760254,-0.8256151676177979,0.03013228438794613,13.874542236328125,13.721284866333008,0.05566035583615303,0.046855438500642776,,,,
31.197669982910156,624,0.6034061312675476,23.831491470336914,24.660762786865234,-0.8308417797088623,0.030329804867506027,455624,,,,,,,,,,,13.7935209274292,13.787371635437012,0.053025610744953156,0.05248808115720749
,625,,,,,,456353,30.485429763793945,0.5122045874595642,24.060388565063477,24.755525588989258,-0.8258253335952759,0.03014831803739071,13.781669616699219,13.711404800415039,0.05056282505393028,0.03724202513694763,,,,
31.188892364501953,625,0.5818344354629517,23.828083038330078,24.652307510375977,-0.8308965563774109,0.030285492539405823,456353,,,,,,,,,,,13.778541564941406,13.813017845153809,0.05312757566571236,0.053533777594566345
,626,,,,,,457082,30.898874282836914,0.5345887541770935,24.083402633666992,24.747509002685547,-0.8261615037918091,0.030237728729844093,13.718038558959961,13.76047420501709,0.04125392064452171,0.03811398521065712,,,,
30.984790802001953,626,0.5685669183731079,23.829837799072266,24.642597198486328,-0.8306677937507629,0.030368253588676453,457082,,,,,,,,,,,13.803543090820312,13.792890548706055,0.052353814244270325,0.053338438272476196
,627,,,,,,457811,31.35015296936035,0.8269124031066895,24.104677200317383,25.006385803222656,-0.8260237574577332,0.030172914266586304,13.779816627502441,13.805079460144043,0.0476791113615036,0.04997678101062775,,,,
31.207050323486328,627,0.5644503235816956,23.831321716308594,24.638216018676758,-0.8310415744781494,0.030349526554346085,457811,,,,,,,,,,,13.764364242553711,13.8328275680542,0.05269921198487282,0.05223333090543747
,628,,,,,,458540,30.86141586303711,0.6750333905220032,24.093791961669922,24.9437198638916,-0.8261957168579102,0.03037993609905243,13.851982116699219,13.719776153564453,0.05228205770254135,0.05020179972052574,,,,
31.13679313659668,628,0.5598198175430298,23.821321487426758,24.62373924255371,-0.8307237029075623,0.030315836891531944,458540,,,,,,,,,,,13.77159595489502,13.800236701965332,0.05256861820816994,0.05193570256233215
,629,,,,,,459269,31.22793197631836,1.100354790687561,24.111066818237305,25.4455623626709,-0.8255289196968079,0.03011859580874443,13.979658126831055,13.806068420410156,0.07688740640878677,0.07998022437095642,,,,
31.03125762939453,629,0.58893221616745,23.819950103759766,24.644121170043945,-0.8308734893798828,0.030340908095240593,459269,,,,,,,,,,,13.785972595214844,13.788668632507324,0.052904993295669556,0.05303432419896126
,630,,,,,,459998,31.24004364013672,1.0136140584945679,24.109603881835938,25.2142276763916,-0.8260169625282288,0.030313042923808098,13.880066871643066,13.785598754882812,0.0635916069149971,0.05597087740898132,,,,
31.145387649536133,630,0.5819258689880371,23.820756912231445,24.639022827148438,-0.8309110999107361,0.03026929311454296,459998,,,,,,,,,,,13.758018493652344,13.814919471740723,0.05209028720855713,0.05336886644363403
,631,,,,,,460727,31.364517211914062,1.1434012651443481,24.117902755737305,25.454090118408203,-0.8261052966117859,0.030232448130846024,13.868821144104004,13.927189826965332,0.06744261831045151,0.08545376360416412,,,,
31.071937561035156,631,0.6151472926139832,23.814428329467773,24.64324951171875,-0.83098304271698,0.030315497890114784,460727,,,,,,,,,,,13.772360801696777,13.80555248260498,0.051722507923841476,0.05253178998827934
,632,,,,,,461456,30.734561920166016,0.6605144143104553,24.078739166259766,25.006925582885742,-0.8261637687683105,0.030186638236045837,13.906243324279785,13.79212474822998,0.05793457850813866,0.06164764240384102,,,,
31.000516891479492,632,0.5986329317092896,23.820053100585938,24.641353607177734,-0.8302822709083557,0.030294446274638176,461456,,,,,,,,,,,13.77409839630127,13.798598289489746,0.05227953568100929,0.052115458995103836
,633,,,,,,462185,31.329347610473633,1.023046851158142,24.120567321777344,25.27075958251953,-0.8258218765258789,0.030288174748420715,13.88325023651123,13.860671997070312,0.06596370786428452,0.06176583096385002,,,,
31.04538917541504,633,0.6044602394104004,23.824365615844727,24.652999877929688,-0.8305904865264893,0.030281687155365944,462185,,,,,,,,,,,13.789566040039062,13.797392845153809,0.05178241431713104,0.05349397659301758
,634,,,,,,462914,31.123075485229492,1.2922474145889282,24.1285400390625,25.493703842163086,-0.8256164789199829,0.03034142032265663,13.903887748718262,13.905466079711914,0.07483021169900894,0.06898032128810883,,,,
31.111675262451172,634,0.5901355147361755,23.82805824279785,24.64118194580078,-0.8307985067367554,0.030348733067512512,462914,,,,,,,,,,,13.772746086120605,13.817645072937012,0.05198097974061966,0.051635488867759705
,635,,,,,,463643,31.33934211730957,1.3084458112716675,24.133625030517578,25.564104080200195,-0.8265317678451538,0.030589155852794647,13.916876792907715,13.906719207763672,0.0680738240480423,0.08717755228281021,,,,
30.93341636657715,635,0.5604118704795837,23.818716049194336,24.625389099121094,-0.830520749092102,0.030303986743092537,463643,,,,,,,,,,,13.791260719299316,13.797962188720703,0.05236303433775902,0.0529279001057148
,636,,,,,,464372,30.899412155151367,0.7514848113059998,24.077415466308594,25.00916290283203,-0.8258779644966125,0.03008905053138733,13.9364013671875,13.781858444213867,0.06037949398159981,0.05081993341445923,,,,
31.027812957763672,636,0.5910936594009399,23.80960464477539,24.630739212036133,-0.8310445547103882,0.030350126326084137,464372,,,,,,,,,,,13.80939769744873,13.798830032348633,0.05240227282047272,0.05271829664707184
,637,,,,,,465101,31.095300674438477,0.7516670227050781,24.071138381958008,25.028444290161133,-0.8260165452957153,0.030157746747136116,13.764250755310059,13.84839916229248,0.04704279452562332,0.0692538470029831,,,,
31.054183959960938,637,0.5747826099395752,23.816911697387695,24.629772186279297,-0.8309882879257202,0.030389150604605675,465101,,,,,,,,,,,13.79349136352539,13.826130867004395,0.052420347929000854,0.05267078056931496
,638,,,,,,465830,30.590879440307617,0.6084149479866028,24.064001083374023,24.837080001831055,-0.8246890902519226,0.029883865267038345,13.887144088745117,13.701199531555176,0.05593116581439972,0.037840086966753006,,,,
31.081514358520508,638,0.5537292957305908,23.81365203857422,24.608640670776367,-0.8311718702316284,0.03035222366452217,465830,,,,,,,,,,,13.756062507629395,13.822864532470703,0.0514957569539547,0.05212770402431488
,639,,,,,,466559,31.26025390625,0.9622365832328796,24.10365104675293,25.20441436767578,-0.8264086842536926,0.03038763627409935,13.844599723815918,13.86194896697998,0.05922970175743103,0.06470740586519241,,,,
30.995750427246094,639,0.6045749187469482,23.800439834594727,24.630569458007812,-0.8310606479644775,0.030309302732348442,466559,,,,,,,,,,,13.764409065246582,13.78437614440918,0.05298932269215584,0.05257849022746086
,640,,,,,,467288,30.913909912109375,0.5107483267784119,24.05619239807129,24.7102108001709,-0.8254915475845337,0.029937975108623505,13.79240608215332,13.701199531555176,0.038796473294496536,0.04093530774116516,,,,
31.06890106201172,640,0.6031545996665955,23.807159423828125,24.632225036621094,-0.831574022769928,0.03043295256793499,467288,,,,,,,,,,,13.789321899414062,13.792829513549805,0.0523570217192173,0.05234229564666748
,641,,,,,,468017,31.356285095214844,1.016910433769226,24.1011962890625,25.30997657775879,-0.8251833319664001,0.030016321688890457,13.869781494140625,13.841592788696289,0.08191419392824173,0.058148570358753204,,,,
31.10478401184082,641,0.5855556130409241,23.804805755615234,24.625368118286133,-0.8313038945198059,0.030343439429998398,468017,,,,,,,,,,,13.76480484008789,13.783090591430664,0.05256343632936478,0.05299144238233566
,642,,,,,,468746,31.10334587097168,0.6652011871337891,24.07132911682129,24.86785125732422,-0.8275063633918762,0.030625496059656143,13.713074684143066,13.695026397705078,0.04526709392666817,0.04751903936266899,,,,
31.237154006958008,642,0.570524275302887,23.803024291992188,24.60685920715332,-0.8312667012214661,0.03034115582704544,468746,,,,,,,,,,,13.766878128051758,13.753114700317383,0.05166907235980034,0.05204283073544502
,643,,,,,,469475,30.90656280517578,0.5158472061157227,24.05717658996582,24.76129722595215,-0.8257856965065002,0.02999255247414112,13.797203063964844,13.743980407714844,0.04842941462993622,0.04081274941563606,,,,
31.182769775390625,643,0.5921200513839722,23.791719436645508,24.613624572753906,-0.8316774964332581,0.0304266307502985,469475,,,,,,,,,,,13.760062217712402,13.775003433227539,0.052600182592868805,0.052565690129995346
,644,,,,,,470204,31.049196243286133,0.720916211605072,24.07256317138672,24.974184036254883,-0.8263047337532043,0.030156107619404793,13.821784019470215,13.765776634216309,0.05802249163389206,0.05021015182137489,,,,
31.080781936645508,644,0.5950557589530945,23.789886474609375,24.612579345703125,-0.8313138484954834,0.030371058732271194,470204,,,,,,,,,,,13.772455215454102,13.781888961791992,0.05234676972031593,0.052684176713228226
,645,,,,,,470933,31.26917839050293,1.0011496543884277,24.109769821166992,25.17222785949707,-0.826988935470581,0.030617911368608475,13.838369369506836,13.778735160827637,0.060533057898283005,0.05183963477611542,,,,
31.114505767822266,645,0.5849380493164062,23.804351806640625,24.618432998657227,-0.8312174677848816,0.030363431200385094,470933,,,,,,,,,,,13.799528121948242,13.77418327331543,0.05176454782485962,0.05256250873208046
,646,,,,,,471662,31.095312118530273,0.8201972246170044,24.0767765045166,25.023990631103516,-0.8261334300041199,0.03016749583184719,13.766319274902344,13.805242538452148,0.05403207987546921,0.05339115485548973,,,,
31.18165397644043,646,0.5720500946044922,23.790672302246094,24.597864151000977,-0.8315681219100952,0.03039870597422123,471662,,,,,,,,,,,13.755779266357422,13.759716987609863,0.052333246916532516,0.05189967527985573
,647,,,,,,472391,31.04733657836914,0.7265217900276184,24.065738677978516,24.960363388061523,-0.827165961265564,0.03041640855371952,13.797940254211426,13.656025886535645,0.05132316052913666,0.05494655668735504,,,,
31.080564498901367,647,0.6112459897994995,23.795846939086914,24.62385368347168,-0.8314147591590881,0.030372515320777893,472391,,,,,,,,,,,13.743565559387207,13.779054641723633,0.052687324583530426,0.05179045721888542
,648,,,,,,473120,30.525760650634766,0.5166881680488586,24.023822784423828,24.68794822692871,-0.8262403011322021,0.03013351932168007,13.669524192810059,13.747517585754395,0.03779245913028717,0.04336341843008995,,,,
31.016761779785156,648,0.5738333463668823,23.787900924682617,24.596647262573242,-0.8314871788024902,0.030404269695281982,473120,,,,,,,,,,,13.710184097290039,13.774237632751465,0.052224963903427124,0.0521395206451416
,649,,,,,,473849,30.80171775817871,0.548631489276886,24.04427146911621,24.73664093017578,-0.8258955478668213,0.03010033443570137,13.693599700927734,13.713319778442383,0.04578299820423126,0.03782987967133522,,,,
30.978347778320312,649,0.636664867401123,23.790117263793945,24.634057998657227,-0.8312270045280457,0.030380869284272194,473849,,,,,,,,,,,13.75551700592041,13.81132984161377,0.052908532321453094,0.05221482366323471
,650,,,,,,474578,31.00489044189453,1.0749881267547607,24.09493637084961,25.294588088989258,-0.8242979645729065,0.029850445687770844,13.852041244506836,13.860818862915039,0.0636129379272461,0.0688147097826004,,,,
30.761260986328125,650,0.6070409417152405,23.78666114807129,24.6136474609375,-0.8311429619789124,0.03038323111832142,474578,,,,,,,,,,,13.739773750305176,13.810446739196777,0.05210565775632858,0.05258917436003685
,651,,,,,,475307,30.798612594604492,0.8007745742797852,24.071104049682617,25.016645431518555,-0.8263868093490601,0.030314814299345016,13.80848503112793,13.767352104187012,0.053031742572784424,0.0559997484087944,,,,
30.84244155883789,651,0.550180971622467,23.7901554107666,24.582853317260742,-0.8307266235351562,0.030277851969003677,475307,,,,,,,,,,,13.72923755645752,13.764327049255371,0.05161230266094208,0.0519079752266407
,652,,,,,,476036,30.995929718017578,0.6851195693016052,24.07906150817871,24.888479232788086,-0.8255823254585266,0.030058735981583595,13.854763984680176,13.761439323425293,0.05010509118437767,0.04326900839805603,,,,
30.859228134155273,652,0.5809906125068665,23.778385162353516,24.584482192993164,-0.8313173651695251,0.03029993548989296,476036,,,,,,,,,,,13.762079238891602,13.7839937210083,0.05118789151310921,0.051935598254203796
,653,,,,,,476765,31.198833465576172,0.8708859086036682,24.076587677001953,25.042604446411133,-0.8262494206428528,0.030214359983801842,13.76950454711914,13.756978988647461,0.057554829865694046,0.04856840521097183,,,,
30.831253051757812,653,0.5844035148620605,23.783477783203125,24.592998504638672,-0.831003725528717,0.030324338003993034,476765,,,,,,,,,,,13.75271987915039,13.80118465423584,0.051900528371334076,0.051558881998062134
,654,,,,,,477494,31.47499656677246,1.5319492816925049,24.12360382080078,25.737516403198242,-0.8266209363937378,0.030506718903779984,13.920746803283691,13.850044250488281,0.07464805990457535,0.09494150429964066,,,,
30.98384666442871,654,0.595022439956665,23.788986206054688,24.60302734375,-0.8315574526786804,0.030355704948306084,477494,,,,,,,,,,,13.766495704650879,13.779052734375,0.05146423727273941,0.051838383078575134
,655,,,,,,478223,30.924440383911133,0.9778590202331543,24.074865341186523,25.228824615478516,-0.8264132142066956,0.03031117655336857,13.882801055908203,13.904691696166992,0.06656361371278763,0.06644177436828613,,,,
30.838481903076172,655,0.5333974361419678,23.769107818603516,24.55809783935547,-0.8316841125488281,0.030400490388274193,478223,,,,,,,,,,,13.723934173583984,13.760974884033203,0.05218535289168358,0.05227246508002281
,656,,,,,,478952,30.959482192993164,1.0866775512695312,24.082300186157227,25.246810913085938,-0.8268419504165649,0.03051752597093582,13.899415969848633,13.800272941589355,0.06871620565652847,0.0555214062333107,,,,
30.753292083740234,656,0.5920524001121521,23.764385223388672,24.586360931396484,-0.8312174677848816,0.030314065515995026,478952,,,,,,,,,,,13.751092910766602,13.80636215209961,0.052839573472738266,0.05235472694039345
,657,,,,,,479681,30.90921974182129,0.8493865728378296,24.07538604736328,25.01152992248535,-0.8260583281517029,0.030237851664423943,13.817845344543457,13.766301155090332,0.05737210065126419,0.044916074723005295,,,,
30.71786117553711,657,0.5904680490493774,23.765335083007812,24.587270736694336,-0.8311659693717957,0.03029007650911808,479681,,,,,,,,,,,13.713156700134277,13.814035415649414,0.05278269946575165,0.052560772746801376
,658,,,,,,480410,31.209758758544922,0.8176078200340271,24.072954177856445,25.0133056640625,-0.8272733092308044,0.03049279935657978,13.773567199707031,13.736648559570312,0.04816201329231262,0.0581430159509182,,,,
30.897541046142578,658,0.5763149857521057,23.77480125427246,24.584983825683594,-0.8314780592918396,0.030363664031028748,480410,,,,,,,,,,,13.764764785766602,13.7809476852417,0.05228107422590256,0.05212623253464699
,659,,,,,,481139,31.138376235961914,1.2583224773406982,24.101295471191406,25.434673309326172,-0.826831579208374,0.030564820393919945,13.881024360656738,13.802286148071289,0.06899811327457428,0.07184861600399017,,,,
30.93996810913086,659,0.6010476350784302,23.76336669921875,24.581310272216797,-0.8313285112380981,0.030334988608956337,481139,,,,,,,,,,,13.730989456176758,13.720602989196777,0.05116117000579834,0.05232231691479683
,660,,,,,,481868,31.249378204345703,1.1282544136047363,24.088102340698242,25.369590759277344,-0.8267439007759094,0.030350781977176666,13.876697540283203,13.729401588439941,0.08381443470716476,0.05965884402394295,,,,
30.84073829650879,660,0.5636407136917114,23.76835060119629,24.565689086914062,-0.8316547870635986,0.030294105410575867,481868,,,,,,,,,,,13.748739242553711,13.732322692871094,0.05169067904353142,0.051416896283626556
,661,,,,,,482597,31.0260066986084,0.9570024609565735,24.064712524414062,25.14720916748047,-0.8266744613647461,0.030413201078772545,13.780835151672363,13.811114311218262,0.05677785724401474,0.06402410566806793,,,,
30.823457717895508,661,0.5709713697433472,23.762479782104492,24.561616897583008,-0.8317023515701294,0.030437368899583817,482597,,,,,,,,,,,13.703995704650879,13.75041389465332,0.051314033567905426,0.05141298100352287
,662,,,,,,483326,31.466663360595703,1.3215593099594116,24.095537185668945,25.576963424682617,-0.8270811438560486,0.030497759580612183,13.852914810180664,13.961669921875,0.0717848613858223,0.09234312176704407,,,,
31.030473709106445,662,0.5726913809776306,23.773225784301758,24.58652687072754,-0.8314715027809143,0.030303645879030228,483326,,,,,,,,,,,13.692627906799316,13.813019752502441,0.052824024111032486,0.05256829783320427
,663,,,,,,484055,31.266559600830078,0.9071493744850159,24.088346481323242,25.090177536010742,-0.8273495435714722,0.030575212091207504,13.908395767211914,13.768050193786621,0.06010613217949867,0.049547988921403885,,,,
31.042421340942383,663,0.561905562877655,23.767379760742188,24.56597328186035,-0.8317459225654602,0.03031763806939125,484055,,,,,,,,,,,13.754653930664062,13.762569427490234,0.05182147026062012,0.051708996295928955
,664,,,,,,484784,31.323373794555664,0.8884590268135071,24.073772430419922,25.077882766723633,-0.8257728815078735,0.030135244131088257,13.909161567687988,13.712955474853516,0.06519443541765213,0.04678080603480339,,,,
31.110477447509766,664,0.544768750667572,23.76116371154785,24.547815322875977,-0.8319782018661499,0.03041551075875759,484784,,,,,,,,,,,13.730402946472168,13.762285232543945,0.051250919699668884,0.051600269973278046
,665,,,,,,485513,31.332443237304688,0.7277330756187439,24.057693481445312,24.91860008239746,-0.8271278142929077,0.030313167721033096,13.829964637756348,13.689387321472168,0.056513044983148575,0.042897213250398636,,,,
31.17411231994629,665,0.5622038245201111,23.763315200805664,24.55467987060547,-0.8318431377410889,0.03037949651479721,485513,,,,,,,,,,,13.72733211517334,13.740586280822754,0.051066186279058456,0.05098825693130493
,666,,,,,,486242,31.004642486572266,0.5665926933288574,24.04033660888672,24.746301651000977,-0.8272235989570618,0.030458999797701836,13.662641525268555,13.725605010986328,0.038833774626255035,0.04569925740361214,,,,
31.205442428588867,666,0.576580286026001,23.76079750061035,24.5625,-0.8321524262428284,0.030425798147916794,486242,,,,,,,,,,,13.726332664489746,13.760828971862793,0.05141627788543701,0.05126470699906349
,667,,,,,,486971,31.29782485961914,1.367738127708435,24.09599494934082,25.555660247802734,-0.8263682126998901,0.03042561002075672,13.835870742797852,13.963417053222656,0.07351921498775482,0.08164158463478088,,,,
30.96734046936035,667,0.5828796029090881,23.760780334472656,24.5679988861084,-0.831821084022522,0.03042401745915413,486971,,,,,,,,,,,13.75528621673584,13.771883010864258,0.05102500319480896,0.05213025212287903
,668,,,,,,487700,30.918476104736328,0.8076388835906982,24.04619026184082,24.934417724609375,-0.8266960382461548,0.030335888266563416,13.722542762756348,13.783845901489258,0.05015944316983223,0.046724528074264526,,,,
30.864866256713867,668,0.6057741641998291,23.758052825927734,24.579158782958984,-0.8317282199859619,0.030384011566638947,487700,,,,,,,,,,,13.75479793548584,13.777868270874023,0.05200543999671936,0.05163412541151047
,669,,,,,,488429,31.18524742126465,1.1725335121154785,24.086904525756836,25.303098678588867,-0.8269098997116089,0.030500119552016258,13.837156295776367,13.797436714172363,0.0631340816617012,0.0628528743982315,,,,
30.90077781677246,669,0.5613424181938171,23.750381469726562,24.54757308959961,-0.8318629860877991,0.030358251184225082,488429,,,,,,,,,,,13.720463752746582,13.792150497436523,0.05156271159648895,0.05174054205417633
,670,,,,,,489158,31.02620506286621,1.3272086381912231,24.092233657836914,25.553035736083984,-0.8264637589454651,0.03050275705754757,13.926199913024902,13.85933780670166,0.08476817607879639,0.07467041909694672,,,,
30.80512046813965,670,0.586505651473999,23.754291534423828,24.565317153930664,-0.8316011428833008,0.03040066547691822,489158,,,,,,,,,,,13.744717597961426,13.751612663269043,0.0517997220158577,0.05175656080245972
,671,,,,,,489887,31.03963851928711,1.4305628538131714,24.091753005981445,25.634862899780273,-0.8259778618812561,0.0303375031799078,13.910652160644531,13.915914535522461,0.08824137598276138,0.07732675969600677,,,,
30.684494018554688,671,0.5814125537872314,23.75339126586914,24.560028076171875,-0.8317488431930542,0.03045050799846649,489887,,,,,,,,,,,13.75357723236084,13.775228500366211,0.05167398601770401,0.05151201784610748
,672,,,,,,490616,30.975269317626953,0.8207237124443054,24.04090690612793,25.054494857788086,-0.8261046409606934,0.030125686898827553,13.863312721252441,13.75317096710205,0.059077274054288864,0.06156810745596886,,,,
30.882495880126953,672,0.5784401893615723,23.746442794799805,24.554140090942383,-0.8317709565162659,0.0303791631013155,490616,,,,,,,,,,,13.725029945373535,13.744598388671875,0.0512087345123291,0.05248492211103439
,673,,,,,,491345,31.117074966430664,1.3818243741989136,24.085195541381836,25.53566551208496,-0.8263143301010132,0.03033967688679695,13.932875633239746,13.88646125793457,0.09163562953472137,0.06027242913842201,,,,
30.75894546508789,673,0.5642507076263428,23.7425479888916,24.54524803161621,-0.8319058418273926,0.0303941760212183,491345,,,,,,,,,,,13.715707778930664,13.73919677734375,0.051555778831243515,0.05255593731999397
,674,,,,,,492074,31.25113296508789,0.963463544845581,24.066495895385742,25.195144653320312,-0.8264298439025879,0.030275847762823105,13.8436279296875,13.764217376708984,0.06572741270065308,0.06366128474473953,,,,
31.087108612060547,674,0.5997366309165955,23.74397850036621,24.55579376220703,-0.8322561979293823,0.030370542779564857,492074,,,,,,,,,,,13.734352111816406,13.708589553833008,0.05129609629511833,0.05109501630067825
,675,,,,,,492803,31.140125274658203,1.005777359008789,24.062374114990234,25.16482925415039,-0.8264386653900146,0.03033212013542652,13.822173118591309,13.772072792053223,0.0636935755610466,0.056218575686216354,,,,
31.051563262939453,675,0.5572409629821777,23.74785804748535,24.54135513305664,-0.8319716453552246,0.030437679961323738,492803,,,,,,,,,,,13.749906539916992,13.758066177368164,0.05111535266041756,0.051861152052879333
,676,,,,,,493532,30.968162536621094,0.8148370981216431,24.04726791381836,24.971227645874023,-0.8268859386444092,0.030418531969189644,13.772200584411621,13.754975318908691,0.0586136057972908,0.04469122737646103,,,,
30.876630783081055,676,0.5669037103652954,23.73894691467285,24.536392211914062,-0.8323150277137756,0.030407007783651352,493532,,,,,,,,,,,13.730463981628418,13.767586708068848,0.0515948086977005,0.0512046255171299
,677,,,,,,494261,31.214025497436523,1.1818345785140991,24.071727752685547,25.337665557861328,-0.8268502950668335,0.03043922409415245,13.854995727539062,13.796964645385742,0.0730099231004715,0.061999380588531494,,,,
31.006725311279297,677,0.5892602801322937,23.728588104248047,24.533010482788086,-0.8323363661766052,0.030387870967388153,494261,,,,,,,,,,,13.681031227111816,13.726068496704102,0.050622403621673584,0.05134028568863869
,678,,,,,,494990,30.792741775512695,0.6890438795089722,24.039791107177734,24.87184715270996,-0.8259933590888977,0.030143700540065765,13.797721862792969,13.709102630615234,0.051151275634765625,0.046353377401828766,,,,
31.02492332458496,678,0.5475645065307617,23.748210906982422,24.533706665039062,-0.8318330645561218,0.030398143455386162,494990,,,,,,,,,,,13.710360527038574,13.756698608398438,0.051651064306497574,0.050693217664957047
,679,,,,,,495719,31.35791015625,1.1879388093948364,24.070878982543945,25.424030303955078,-0.8263282775878906,0.030285805463790894,13.89796257019043,13.846622467041016,0.0690184012055397,0.08281755447387695,,,,
30.85223960876465,679,0.5810558795928955,23.744083404541016,24.55051612854004,-0.8319399952888489,0.030496038496494293,495719,,,,,,,,,,,13.71681022644043,13.800551414489746,0.05178919807076454,0.051393818110227585
,680,,,,,,496448,31.186904907226562,1.2873756885528564,24.078479766845703,25.55674934387207,-0.8280350565910339,0.03075132891535759,13.836100578308105,13.879715919494629,0.08494686335325241,0.08196812123060226,,,,
30.897937774658203,680,0.5669712424278259,23.725725173950195,24.52350425720215,-0.832096517086029,0.030508356168866158,496448,,,,,,,,,,,13.724522590637207,13.745031356811523,0.05161956697702408,0.05123911425471306
