dinu_pt_loss,epoch,higgs_mass_loss,huber_loss,loss,neg_r2_loss,nu_mass_loss,step,val_dinu_pt_loss,val_higgs_mass_loss,val_huber_loss,val_loss,val_neg_r2_loss,val_nu_mass_loss,val_w0_mass_mae_loss,val_w1_mass_mae_loss,val_w_mass_mmd0_loss,val_w_mass_mmd1_loss,w0_mass_mae_loss,w1_mass_mae_loss,w_mass_mmd0_loss,w_mass_mmd1_loss
,0,,,,,,728,65.49784851074219,0.0,33.504600524902344,38.137996673583984,-0.6939500570297241,0.007293639704585075,33.8481559753418,31.541244506835938,0.4734688401222229,0.45321154594421387,,,,
66.06922149658203,0,0.0,33.92958450317383,40.86172866821289,-0.6886118054389954,0.005530068185180426,728,,,,,,,,,,,38.016239166259766,36.353782653808594,0.7121312618255615,0.6742953062057495
,1,,,,,,1457,65.78263092041016,1.433070182800293,32.96785354614258,37.33346939086914,-0.7001338601112366,0.009828010573983192,29.281654357910156,27.61683464050293,0.3784058094024658,0.3514116704463959,,,,
65.9001235961914,1,1.6627225875854492,33.28485870361328,38.21419143676758,-0.6950976252555847,0.00856138113886118,1457,,,,,,,,,,,31.356008529663086,29.582529067993164,0.4222022294998169,0.3973948657512665
,2,,,,,,2186,66.2190933227539,2.0047106742858887,32.59147262573242,36.83165740966797,-0.7057578563690186,0.012161756865680218,26.529865264892578,25.684795379638672,0.33329054713249207,0.314274400472641,,,,
66.32794952392578,2,2.440293550491333,32.8184814453125,37.46098327636719,-0.7007662653923035,0.011023678816854954,2186,,,,,,,,,,,27.651378631591797,26.590320587158203,0.3529769778251648,0.33150121569633484
,3,,,,,,2915,66.41663360595703,1.7113502025604248,32.4061279296875,36.31412887573242,-0.7108299732208252,0.014411036856472492,25.28297996520996,25.181873321533203,0.3118533194065094,0.2986091673374176,,,,
66.62722778320312,3,2.3693606853485107,32.5351448059082,36.850181579589844,-0.705935537815094,0.01322499755769968,2915,,,,,,,,,,,25.74090003967285,25.368330001831055,0.3192896246910095,0.3067747950553894
,4,,,,,,3644,66.38250732421875,0.6633194088935852,32.41539001464844,35.5771598815918,-0.7152321338653564,0.01660308614373207,25.454870223999023,25.940534591674805,0.2890620231628418,0.2769607603549957,,,,
66.76111602783203,4,1.4187564849853516,32.448028564453125,36.1210823059082,-0.711018979549408,0.01565624214708805,3644,,,,,,,,,,,25.1318359375,25.412635803222656,0.3017234802246094,0.29100802540779114
,5,,,,,,4373,66.17002868652344,0.3847862780094147,32.430091857910156,35.18101119995117,-0.7170236706733704,0.017035052180290222,26.376232147216797,27.233278274536133,0.26074129343032837,0.2509690523147583,,,,
66.65825653076172,5,0.4127736985683441,32.49165725708008,35.40355682373047,-0.7143152356147766,0.017061922699213028,4373,,,,,,,,,,,25.766324996948242,26.599197387695312,0.277370810508728,0.26373353600502014
,6,,,,,,5102,66.15996551513672,0.45111173391342163,32.416500091552734,35.08078384399414,-0.7174989581108093,0.016953017562627792,26.830045700073242,27.359413146972656,0.24932970106601715,0.23841539025306702,,,,
66.5204086303711,6,0.4300830364227295,32.474632263183594,35.21405029296875,-0.7154989242553711,0.017135094851255417,5102,,,,,,,,,,,26.414283752441406,27.300870895385742,0.2586350739002228,0.2462422251701355
,7,,,,,,5831,65.90262603759766,0.5831567645072937,32.37199401855469,35.054691314697266,-0.7177731990814209,0.016905449330806732,26.914438247680664,27.41248893737793,0.2433551400899887,0.23486652970314026,,,,
66.3980941772461,7,0.500861644744873,32.451416015625,35.14752197265625,-0.7158898115158081,0.017119865864515305,5831,,,,,,,,,,,26.661956787109375,27.318708419799805,0.24946707487106323,0.23966826498508453
,8,,,,,,6560,65.74564361572266,0.5440035462379456,32.36760330200195,35.002384185791016,-0.7182130217552185,0.017172906547784805,26.920429229736328,27.077577590942383,0.2393626868724823,0.233200341463089,,,,
66.11174011230469,8,0.5704832673072815,32.423072814941406,35.10891342163086,-0.7157949209213257,0.017123378813266754,6560,,,,,,,,,,,26.876127243041992,27.046005249023438,0.24350273609161377,0.23661968111991882
,9,,,,,,7289,65.36842346191406,0.6061670780181885,32.324790954589844,34.97310256958008,-0.7182589173316956,0.017201580107212067,26.970294952392578,26.546756744384766,0.23624946177005768,0.23280063271522522,,,,
65.8763198852539,9,0.6523594260215759,32.392215728759766,35.1031494140625,-0.7161588668823242,0.017185648903250694,7289,,,,,,,,,,,26.875690460205078,26.688915252685547,0.2400185763835907,0.23693634569644928
,10,,,,,,8018,65.24211883544922,0.685413122177124,32.2758674621582,34.94297409057617,-0.7182145118713379,0.017162540927529335,26.76416015625,26.13524627685547,0.23639149963855743,0.2284860610961914,,,,
65.6406478881836,10,0.7165366411209106,32.359588623046875,35.077537536621094,-0.7161967754364014,0.017194582149386406,8018,,,,,,,,,,,26.796005249023438,26.3143253326416,0.23790651559829712,0.23402728140354156
,11,,,,,,8747,64.93443298339844,0.7443416118621826,32.252952575683594,34.8842658996582,-0.7183389663696289,0.017162004485726357,26.808502197265625,25.695646286010742,0.23321600258350372,0.2186133712530136,,,,
65.42339324951172,11,0.7513428926467896,32.32837677001953,35.0316047668457,-0.7161754369735718,0.017243901267647743,8747,,,,,,,,,,,26.749788284301758,25.987548828125,0.23683801293373108,0.22867630422115326
,12,,,,,,9476,64.71725463867188,0.8271870613098145,32.22291946411133,34.77642822265625,-0.7182156443595886,0.017108503729104996,26.80319595336914,24.714834213256836,0.2337377518415451,0.19424663484096527,,,,
65.22456359863281,12,0.8173739314079285,32.308204650878906,34.96263885498047,-0.7162051200866699,0.017259515821933746,9476,,,,,,,,,,,26.80620574951172,25.436317443847656,0.23499955236911774,0.2141486555337906
,13,,,,,,10205,64.72673797607422,1.0418422222137451,32.2100830078125,34.75046920776367,-0.7180911898612976,0.01696351170539856,26.74404525756836,24.597837448120117,0.23408110439777374,0.16981388628482819,,,,
65.1816177368164,13,0.8944788575172424,32.30146408081055,34.901283264160156,-0.7159501910209656,0.0172591432929039,10205,,,,,,,,,,,26.731000900268555,24.886159896850586,0.2343004196882248,0.1962185800075531
,14,,,,,,10934,64.42340850830078,1.2019013166427612,32.20085144042969,34.7155876159668,-0.7179650068283081,0.016958128660917282,26.74358367919922,24.08154296875,0.23149968683719635,0.15125742554664612,,,,
64.86184692382812,14,0.8779358863830566,32.297122955322266,34.805999755859375,-0.7161851525306702,0.017314480617642403,10934,,,,,,,,,,,26.621788024902344,24.361696243286133,0.23526130616664886,0.17871657013893127
,15,,,,,,11663,64.51252746582031,0.9556789994239807,32.20786666870117,34.493045806884766,-0.7182047367095947,0.017224740236997604,26.500324249267578,23.78076934814453,0.2322649359703064,0.12920193374156952,,,,
64.87138366699219,15,0.9178921580314636,32.2862548828125,34.72665786743164,-0.7161926031112671,0.017328927293419838,11663,,,,,,,,,,,26.54090690612793,24.16092300415039,0.23357422649860382,0.16271573305130005
,16,,,,,,12392,64.12605285644531,0.9076403975486755,32.197139739990234,34.40129089355469,-0.7185255885124207,0.017394693568348885,26.48640251159668,23.663211822509766,0.23397158086299896,0.11608704924583435,,,,
64.54170989990234,16,0.9485694169998169,32.26763153076172,34.664302825927734,-0.7161622047424316,0.01730353757739067,12392,,,,,,,,,,,26.460071563720703,23.869909286499023,0.23444901406764984,0.15002699196338654
,17,,,,,,13121,63.96247100830078,0.9490343332290649,32.17738723754883,34.32728576660156,-0.718524158000946,0.017347490414977074,26.25645637512207,23.532817840576172,0.23513120412826538,0.09995071589946747,,,,
64.38679504394531,17,0.9933316111564636,32.25448989868164,34.604705810546875,-0.7162584662437439,0.01735878922045231,13121,,,,,,,,,,,26.32129669189453,23.74273109436035,0.23410195112228394,0.13660693168640137
,18,,,,,,13850,63.75141525268555,1.1291863918304443,32.13215255737305,34.39632797241211,-0.7185673117637634,0.01724308170378208,26.162418365478516,23.635488510131836,0.23072549700737,0.10919157415628433,,,,
64.20853424072266,18,1.028593897819519,32.232852935791016,34.57697296142578,-0.7163384556770325,0.017392052337527275,13850,,,,,,,,,,,26.20439338684082,23.65909767150879,0.23334604501724243,0.13261881470680237
,19,,,,,,14579,63.55784225463867,1.1161751747131348,32.13571548461914,34.282127380371094,-0.7184420228004456,0.01723841018974781,26.16861915588379,23.482471466064453,0.227808877825737,0.08985799551010132,,,,
64.05619812011719,19,1.1018731594085693,32.21546936035156,34.55942153930664,-0.7167496681213379,0.017362024635076523,14579,,,,,,,,,,,26.124319076538086,23.58844757080078,0.23083710670471191,0.1277589052915573
,20,,,,,,15308,63.1303825378418,1.7570545673370361,32.08529281616211,34.59394836425781,-0.7182680368423462,0.016998907551169395,26.073328018188477,23.278642654418945,0.2248295545578003,0.1011912003159523,,,,
63.76823425292969,20,1.1485141515731812,32.20554733276367,34.53427505493164,-0.7164715528488159,0.01737203821539879,15308,,,,,,,,,,,26.0412540435791,23.600292205810547,0.2296462506055832,0.12124966084957123
,21,,,,,,16037,62.92656707763672,1.130928874015808,32.10686492919922,34.37042236328125,-0.7190730571746826,0.017499685287475586,25.744596481323242,23.666316986083984,0.22767935693264008,0.11193947494029999,,,,
63.52572250366211,21,1.226786494255066,32.18804168701172,34.53268051147461,-0.7166053652763367,0.017430441454052925,16037,,,,,,,,,,,25.809694290161133,23.504535675048828,0.22849200665950775,0.11775635182857513
,22,,,,,,16766,62.699283599853516,1.2889665365219116,32.08210372924805,34.261314392089844,-0.7186087369918823,0.017191089689731598,25.651124954223633,23.534122467041016,0.22234030067920685,0.08461069315671921,,,,
63.225162506103516,22,1.17746901512146,32.17482376098633,34.46881866455078,-0.7165471911430359,0.017413947731256485,16766,,,,,,,,,,,25.5403995513916,23.58022689819336,0.22778792679309845,0.11326850205659866
,23,,,,,,17495,62.56234359741211,1.4970946311950684,32.06437301635742,34.28551483154297,-0.7183563113212585,0.017128219828009605,25.155282974243164,23.170677185058594,0.21664275228977203,0.07787463068962097,,,,
62.96879196166992,23,1.230520486831665,32.16001892089844,34.441612243652344,-0.7164209485054016,0.017365865409374237,17495,,,,,,,,,,,25.46243667602539,23.542911529541016,0.22238822281360626,0.11087685078382492
,24,,,,,,18224,62.62199020385742,1.1972873210906982,32.08125686645508,34.18813705444336,-0.7187913060188293,0.01744721457362175,24.867189407348633,23.29952049255371,0.20905277132987976,0.09259328991174698,,,,
62.97108840942383,24,1.3142669200897217,32.15106964111328,34.43462371826172,-0.7168264389038086,0.01743534952402115,18224,,,,,,,,,,,25.081783294677734,23.376789093017578,0.21652749180793762,0.10875493288040161
,25,,,,,,18953,62.46005630493164,1.3020603656768799,32.08131408691406,34.018001556396484,-0.7184357643127441,0.017342444509267807,24.264293670654297,23.270219802856445,0.1819806694984436,0.0751519426703453,,,,
62.99379348754883,25,1.3134806156158447,32.16810989379883,34.369468688964844,-0.7164915204048157,0.017489958554506302,18953,,,,,,,,,,,24.417118072509766,23.28545379638672,0.2040085643529892,0.10491738468408585
,26,,,,,,19682,62.157936096191406,1.5281741619110107,32.05516815185547,34.008785247802734,-0.7185525894165039,0.01728992722928524,23.92522430419922,23.25731658935547,0.1656392514705658,0.07226952165365219,,,,
62.85355758666992,26,1.324523687362671,32.16557312011719,34.28996658325195,-0.7165932655334473,0.017524706199765205,19682,,,,,,,,,,,24.09324836730957,23.271520614624023,0.188284769654274,0.10414189845323563
,27,,,,,,20411,62.09274673461914,1.2504998445510864,32.081298828125,33.864315032958984,-0.7184827923774719,0.01743854396045208,23.81260108947754,23.25545883178711,0.15556788444519043,0.0759856253862381,,,,
62.58513641357422,27,1.4166268110275269,32.15865707397461,34.26834487915039,-0.716556966304779,0.01751292124390602,20411,,,,,,,,,,,23.90503692626953,23.344175338745117,0.1779363602399826,0.10234393924474716
,28,,,,,,21140,62.04052734375,1.296860694885254,32.08134460449219,33.92537307739258,-0.7185245156288147,0.017490118741989136,23.469873428344727,23.33278465270996,0.13967949151992798,0.09943968057632446,,,,
62.52305221557617,28,1.3537548780441284,32.154319763183594,34.17805099487305,-0.7162325978279114,0.01748346909880638,21140,,,,,,,,,,,23.673446655273438,23.250164031982422,0.16649621725082397,0.10287705808877945
,29,,,,,,21869,61.933902740478516,1.394076943397522,32.0637092590332,33.82402420043945,-0.7184620499610901,0.01744595170021057,23.42783546447754,23.26369285583496,0.1345214545726776,0.07813052088022232,,,,
62.52101135253906,29,1.3674674034118652,32.165523529052734,34.1321907043457,-0.7162286639213562,0.01754556968808174,21869,,,,,,,,,,,23.46013641357422,23.22325897216797,0.15761111676692963,0.09897908568382263
,30,,,,,,22598,61.9954719543457,1.6530795097351074,32.05851364135742,33.93998718261719,-0.7182310223579407,0.01731957122683525,23.224817276000977,23.40554428100586,0.12114313244819641,0.08984295278787613,,,,
62.484195709228516,30,1.4223390817642212,32.16798400878906,34.12141036987305,-0.716335654258728,0.017513860017061234,22598,,,,,,,,,,,23.365697860717773,23.28156089782715,0.15045544505119324,0.09799693524837494
,31,,,,,,23327,61.70111083984375,1.3976010084152222,32.05271911621094,33.77347183227539,-0.7186145186424255,0.017453258857131004,23.238325119018555,23.29317283630371,0.1278134137392044,0.0765746608376503,,,,
62.203372955322266,31,1.438422441482544,32.156333923339844,34.079647064208984,-0.7159851789474487,0.017560288310050964,23327,,,,,,,,,,,23.23253059387207,23.27829933166504,0.14271804690361023,0.09810242801904678
,32,,,,,,24056,61.601295471191406,1.5873404741287231,32.031131744384766,33.7195930480957,-0.7184956073760986,0.01729663275182247,23.122983932495117,23.215118408203125,0.11118510365486145,0.06777497380971909,,,,
62.039371490478516,32,1.4160010814666748,32.13373565673828,34.01380920410156,-0.7166756391525269,0.017525725066661835,24056,,,,,,,,,,,23.189685821533203,23.30196189880371,0.13814868032932281,0.09626802057027817
,33,,,,,,24785,61.4876708984375,1.5020532608032227,32.01997756958008,33.64745330810547,-0.7185624241828918,0.017389174550771713,22.919885635375977,23.10448455810547,0.10260032117366791,0.07268054783344269,,,,
62.04753112792969,33,1.422505497932434,32.1308479309082,33.98942565917969,-0.7165213227272034,0.01756170764565468,24785,,,,,,,,,,,23.06563949584961,23.158018112182617,0.13218003511428833,0.09728950262069702
,34,,,,,,25514,61.305912017822266,1.3201119899749756,32.02555847167969,33.56440353393555,-0.718823254108429,0.017548801377415657,22.85131072998047,23.23499298095703,0.10086707025766373,0.07488308101892471,,,,
61.8358039855957,34,1.4229496717453003,32.10641860961914,33.94927215576172,-0.7166348695755005,0.017535008490085602,25514,,,,,,,,,,,23.028541564941406,23.21371078491211,0.13008517026901245,0.09618884325027466
,35,,,,,,26243,61.33622360229492,1.5052096843719482,32.033180236816406,33.67302703857422,-0.7192162871360779,0.017685871571302414,23.05979347229004,23.265392303466797,0.10282500088214874,0.07462098449468613,,,,
61.728641510009766,35,1.3858829736709595,32.09132766723633,33.88160705566406,-0.7166868448257446,0.017604827880859375,26243,,,,,,,,,,,22.981916427612305,23.2616024017334,0.1250656396150589,0.0944007933139801
,36,,,,,,26972,60.97520446777344,1.5114973783493042,31.988819122314453,33.55629348754883,-0.718737781047821,0.01733374036848545,22.763076782226562,23.184499740600586,0.10097365081310272,0.06137337535619736,,,,
61.403873443603516,36,1.4298350811004639,32.084014892578125,33.87534713745117,-0.7169077396392822,0.017525702714920044,26972,,,,,,,,,,,23.00640106201172,23.29317283630371,0.12106199562549591,0.09422020614147186
,37,,,,,,27701,61.085357666015625,1.5773457288742065,31.971954345703125,33.572608947753906,-0.7187055349349976,0.017338911071419716,22.66290855407715,23.310306549072266,0.08785410970449448,0.07454206794500351,,,,
61.59464645385742,37,1.3882267475128174,32.08946990966797,33.83302307128906,-0.7165026664733887,0.017567627131938934,27701,,,,,,,,,,,22.853805541992188,23.25320816040039,0.11849724501371384,0.09139396995306015
,38,,,,,,28430,60.876712799072266,1.4034572839736938,31.96550750732422,33.411312103271484,-0.7189277410507202,0.0173969529569149,22.799848556518555,23.009077072143555,0.08379410952329636,0.06502115726470947,,,,
61.46065139770508,38,1.4742954969406128,32.06961441040039,33.84197235107422,-0.7165288329124451,0.017476752400398254,28430,,,,,,,,,,,22.897140502929688,23.250417709350586,0.11566033214330673,0.09138327091932297
,39,,,,,,29159,60.562774658203125,1.343489646911621,31.947769165039062,33.61634826660156,-0.7191928625106812,0.01753241941332817,23.058732986450195,23.191946029663086,0.10650485008955002,0.09286527335643768,,,,
61.15144729614258,39,1.3857755661010742,32.045372009277344,33.75764846801758,-0.7167118191719055,0.01751536875963211,29159,,,,,,,,,,,22.89023780822754,23.229877471923828,0.11235632002353668,0.09152305126190186
,40,,,,,,29888,60.437557220458984,1.300230860710144,31.932872772216797,33.30812454223633,-0.7191020250320435,0.017443930730223656,22.738365173339844,23.068994522094727,0.08393669873476028,0.06108532100915909,,,,
60.96656036376953,40,1.357102632522583,32.02155685424805,33.70386505126953,-0.7166975736618042,0.017528727650642395,29888,,,,,,,,,,,22.864105224609375,23.11781883239746,0.10950679332017899,0.09125030785799026
,41,,,,,,30617,60.4382209777832,1.3774843215942383,31.91285514831543,33.39600372314453,-0.7189316153526306,0.017386388033628464,22.659154891967773,23.083003997802734,0.08865443617105484,0.07021738588809967,,,,
60.92593002319336,41,1.3531241416931152,32.01969528198242,33.69049835205078,-0.7168018221855164,0.017550844699144363,30617,,,,,,,,,,,22.69349479675293,23.061832427978516,0.10802968591451645,0.09081689268350601
,42,,,,,,31346,60.31106185913086,1.3517853021621704,31.880151748657227,33.336097717285156,-0.719458818435669,0.017438072711229324,22.56450653076172,23.12652015686035,0.0874260663986206,0.06858755648136139,,,,
60.9083366394043,42,1.391715407371521,31.997100830078125,33.67205047607422,-0.7172753810882568,0.017543982714414597,31346,,,,,,,,,,,22.559812545776367,23.06337547302246,0.10594603419303894,0.08988158404827118
,43,,,,,,32075,59.56108856201172,2.869000196456909,31.794776916503906,33.94322967529297,-0.719068706035614,0.016915213316679,22.34964370727539,23.28569221496582,0.08090151846408844,0.061889227479696274,,,,
60.43665313720703,43,1.4205498695373535,31.971405029296875,33.64423370361328,-0.7173758745193481,0.017499824985861778,32075,,,,,,,,,,,22.58378028869629,23.262920379638672,0.10374029725790024,0.08876704424619675
,44,,,,,,32804,59.250648498535156,1.3039283752441406,31.825931549072266,33.39186096191406,-0.719734787940979,0.017439551651477814,22.38273811340332,23.375,0.07777391374111176,0.10502319037914276,,,,
60.07682418823242,44,1.4287843704223633,31.947786331176758,33.62487030029297,-0.7174689173698425,0.017496760934591293,32804,,,,,,,,,,,22.56896209716797,23.245817184448242,0.10260016471147537,0.08993678539991379
,45,,,,,,33533,59.04806900024414,1.3513470888137817,31.781558990478516,33.26352310180664,-0.7198130488395691,0.01733841374516487,22.311521530151367,23.230018615722656,0.08097385615110397,0.0802827775478363,,,,
59.578277587890625,45,1.4069082736968994,31.90627670288086,33.58921813964844,-0.7175111174583435,0.017483608797192574,33533,,,,,,,,,,,22.440073013305664,23.213197708129883,0.10424965620040894,0.09164566546678543
,46,,,,,,34262,59.06694412231445,1.3080638647079468,31.768007278442383,33.21967697143555,-0.7200544476509094,0.017447711899876595,22.298025131225586,23.062028884887695,0.096407949924469,0.06311844289302826,,,,
59.64917755126953,46,1.4207295179367065,31.88742446899414,33.54356384277344,-0.717508852481842,0.017437705770134926,34262,,,,,,,,,,,22.346120834350586,23.17786979675293,0.10096357017755508,0.08818583935499191
,47,,,,,,34991,58.91716766357422,1.4102603197097778,31.733264923095703,33.136558532714844,-0.7200949192047119,0.01733536645770073,22.005924224853516,23.16748809814453,0.07150272279977798,0.06813421845436096,,,,
59.614139556884766,47,1.342835783958435,31.864315032958984,33.473968505859375,-0.717853307723999,0.017480086535215378,34991,,,,,,,,,,,22.22653579711914,23.202882766723633,0.10066980868577957,0.08698074519634247
,48,,,,,,35720,59.10911178588867,1.4854893684387207,31.749759674072266,33.536407470703125,-0.7204141616821289,0.017557037994265556,22.068918228149414,23.317434310913086,0.09488122910261154,0.11390642821788788,,,,
59.45477294921875,48,1.377684235572815,31.83543586730957,33.45585632324219,-0.7179042100906372,0.01747293584048748,35720,,,,,,,,,,,22.146604537963867,23.14929962158203,0.10030355304479599,0.0860104188323021
,49,,,,,,36449,58.75756072998047,1.388175368309021,31.679534912109375,33.255943298339844,-0.7204169631004333,0.017298784106969833,21.945804595947266,23.19723892211914,0.08740115165710449,0.08906856924295425,,,,
59.434326171875,49,1.3916912078857422,31.81557273864746,33.43827438354492,-0.7180917263031006,0.017453055828809738,36449,,,,,,,,,,,22.03919219970703,23.15574073791504,0.09999378770589828,0.08537589013576508
,50,,,,,,37178,58.57843017578125,1.4159272909164429,31.67947006225586,33.20510482788086,-0.7206790447235107,0.017453258857131004,21.960838317871094,23.26127052307129,0.08420329540967941,0.07933381199836731,,,,
59.075496673583984,50,1.3845958709716797,31.780059814453125,33.4036750793457,-0.718194842338562,0.017450707033276558,37178,,,,,,,,,,,22.030292510986328,23.157991409301758,0.09912823140621185,0.08713938295841217
,51,,,,,,37907,58.14912796020508,1.523513674736023,31.630313873291016,33.47500991821289,-0.7211506962776184,0.017469987273216248,21.821718215942383,23.394119262695312,0.10037385672330856,0.116213358938694,,,,
58.98442840576172,51,1.4166866540908813,31.75339126586914,33.3784065246582,-0.7181309461593628,0.017439235001802444,37907,,,,,,,,,,,21.911752700805664,23.067232131958008,0.0967881828546524,0.08654287457466125
,52,,,,,,38636,57.634620666503906,2.097033977508545,31.54867935180664,33.24542999267578,-0.720650315284729,0.017019515857100487,21.50953483581543,23.01349449157715,0.06801837682723999,0.061623744666576385,,,,
58.57310485839844,52,1.3630564212799072,31.711612701416016,33.30839920043945,-0.7186415791511536,0.017445357516407967,38636,,,,,,,,,,,21.795516967773438,23.07002830505371,0.09711401164531708,0.08593742549419403
,53,,,,,,39365,57.94493865966797,1.6579689979553223,31.53235626220703,33.00267791748047,-0.7208387851715088,0.017190709710121155,21.406309127807617,22.749961853027344,0.07168660312891006,0.05657661706209183,,,,
58.42416763305664,53,1.3869707584381104,31.68950080871582,33.293846130371094,-0.7186286449432373,0.017435992136597633,39365,,,,,,,,,,,21.73406410217285,22.938934326171875,0.09671211242675781,0.08546070754528046
,54,,,,,,40094,57.07819747924805,1.3450769186019897,31.50215721130371,33.061092376708984,-0.7209066152572632,0.017200835049152374,21.28970718383789,23.13408660888672,0.08584456145763397,0.09143643826246262,,,,
58.128318786621094,54,1.3903628587722778,31.645963668823242,33.25926208496094,-0.7188966870307922,0.017466194927692413,40094,,,,,,,,,,,21.52176284790039,22.90679168701172,0.09928727895021439,0.08433854579925537
,55,,,,,,40823,58.05536651611328,1.3989064693450928,31.5013370513916,33.075286865234375,-0.7215167880058289,0.017541076987981796,21.087244033813477,22.96098518371582,0.08937659114599228,0.08552200347185135,,,,
57.71957778930664,55,1.3580247163772583,31.597278594970703,33.20931625366211,-0.7186745405197144,0.017423981800675392,40823,,,,,,,,,,,21.352563858032227,22.913862228393555,0.10105989873409271,0.08554506301879883
,56,,,,,,41552,57.32848358154297,1.5962964296340942,31.471906661987305,33.07011413574219,-0.7217742204666138,0.01762467995285988,21.00419044494629,22.780380249023438,0.09336019307374954,0.06665010750293732,,,,
57.7362174987793,56,1.3783766031265259,31.545799255371094,33.16826629638672,-0.7190893888473511,0.017418773844838142,41552,,,,,,,,,,,21.185928344726562,22.845539093017578,0.10049495100975037,0.08616068959236145
,57,,,,,,42281,57.14070129394531,1.6455143690109253,31.31694221496582,32.8487663269043,-0.7219863533973694,0.01717427931725979,20.39211082458496,22.828174591064453,0.08085749298334122,0.06096511706709862,,,,
57.55683135986328,57,1.4264436960220337,31.50215721130371,33.139869689941406,-0.7195696234703064,0.017450323328375816,42281,,,,,,,,,,,21.004016876220703,22.762367248535156,0.10000593960285187,0.08489648252725601
,58,,,,,,43010,56.726112365722656,1.3768446445465088,31.30331039428711,32.807308197021484,-0.7222861647605896,0.01729973964393139,20.73457908630371,22.75368881225586,0.0958082303404808,0.06730800122022629,,,,
57.265769958496094,58,1.3375556468963623,31.450883865356445,33.04655838012695,-0.7199062705039978,0.0174078568816185,43010,,,,,,,,,,,20.810800552368164,22.7818603515625,0.10046430677175522,0.08492384105920792
,59,,,,,,43739,56.55146026611328,1.3314423561096191,31.268651962280273,32.80479431152344,-0.7224376201629639,0.01732148416340351,20.431217193603516,22.77328872680664,0.08667569607496262,0.08740352094173431,,,,
57.026222229003906,59,1.3561252355575562,31.398792266845703,32.99295425415039,-0.7202554941177368,0.017343830317258835,43739,,,,,,,,,,,20.69060516357422,22.75855827331543,0.09902878105640411,0.08419139683246613
,60,,,,,,44468,55.89655685424805,1.3089447021484375,31.191450119018555,32.718910217285156,-0.7226012349128723,0.01722058653831482,20.414058685302734,22.708786010742188,0.09047472476959229,0.08412142843008041,,,,
56.51861572265625,60,1.3398621082305908,31.344436645507812,32.941001892089844,-0.720352053642273,0.01732371561229229,44468,,,,,,,,,,,20.635284423828125,22.681045532226562,0.10062413662672043,0.0847059115767479
,61,,,,,,45197,55.34825134277344,1.2785158157348633,31.17608642578125,32.47138977050781,-0.7226473689079285,0.017334435135126114,20.10143280029297,22.43796730041504,0.07518046349287033,0.05603495240211487,,,,
56.15528869628906,61,1.3645803928375244,31.29145050048828,32.893089294433594,-0.7204782366752625,0.017329733818769455,45197,,,,,,,,,,,20.47981834411621,22.612564086914062,0.09859000146389008,0.08528054505586624
,62,,,,,,45926,54.99876022338867,1.3502795696258545,31.040700912475586,32.42391586303711,-0.723300576210022,0.017259506508708,19.844478607177734,22.251005172729492,0.07807181775569916,0.06354718655347824,,,,
55.692726135253906,62,1.3866229057312012,31.230518341064453,32.84855270385742,-0.7203835248947144,0.017362350597977638,45926,,,,,,,,,,,20.338085174560547,22.388769149780273,0.09982152283191681,0.08511762320995331
,63,,,,,,46655,53.723182678222656,1.298679232597351,30.97572135925293,32.448448181152344,-0.7235320806503296,0.017167463898658752,20.330570220947266,22.324716567993164,0.09328343719244003,0.07139363139867783,,,,
54.92508316040039,63,1.3940638303756714,31.13067054748535,32.7809944152832,-0.7209858894348145,0.01733909547328949,46655,,,,,,,,,,,20.2070369720459,22.337879180908203,0.10368682444095612,0.08697003871202469
,64,,,,,,47384,53.589778900146484,1.3033359050750732,30.8742618560791,32.321083068847656,-0.7239704728126526,0.01715746521949768,19.882980346679688,21.953876495361328,0.08212913572788239,0.0769071951508522,,,,
54.12820816040039,64,1.3194717168807983,31.035280227661133,32.647403717041016,-0.7216094136238098,0.01726730726659298,47384,,,,,,,,,,,20.207624435424805,22.16238784790039,0.10547802597284317,0.08500075340270996
,65,,,,,,48113,53.010257720947266,1.3482495546340942,30.78291893005371,32.51304244995117,-0.7246683835983276,0.017258547246456146,20.10186004638672,21.669544219970703,0.11415933817625046,0.09704668819904327,,,,
53.7650260925293,65,1.3389562368392944,30.94784164428711,32.5798454284668,-0.7220081686973572,0.01727137342095375,48113,,,,,,,,,,,20.15515899658203,21.782066345214844,0.10701429098844528,0.08548907190561295
,66,,,,,,48842,52.86691665649414,1.3918216228485107,30.705724716186523,32.392974853515625,-0.7250288128852844,0.017278647050261497,20.04678726196289,21.4123477935791,0.10337196290493011,0.09489347785711288,,,,
53.373985290527344,66,1.334878921508789,30.85352897644043,32.517547607421875,-0.7223271727561951,0.017228471115231514,48842,,,,,,,,,,,20.10709571838379,21.474578857421875,0.10924442857503891,0.09006766974925995
,67,,,,,,49571,53.03134536743164,1.3954157829284668,30.65974235534668,32.19688415527344,-0.7249932885169983,0.01728225313127041,19.900447845458984,21.01444435119629,0.09401606768369675,0.07387509942054749,,,,
53.43124008178711,67,1.3421040773391724,30.78670883178711,32.4668083190918,-0.7225990891456604,0.017186084762215614,49571,,,,,,,,,,,19.991975784301758,21.268341064453125,0.1083219051361084,0.09348773956298828
,68,,,,,,50300,52.4947509765625,1.305753231048584,30.566377639770508,32.03260040283203,-0.7254619002342224,0.01727057620882988,19.831663131713867,20.796262741088867,0.08984073251485825,0.07282935827970505,,,,
52.58578872680664,68,1.332030177116394,30.71963882446289,32.3900146484375,-0.7228860259056091,0.017226114869117737,50300,,,,,,,,,,,20.00847053527832,21.137664794921875,0.10549165308475494,0.09537938982248306
,69,,,,,,51029,51.07948684692383,1.238141417503357,30.482036590576172,32.1243782043457,-0.725868821144104,0.017364919185638428,19.890464782714844,20.708280563354492,0.10824891924858093,0.09641151130199432,,,,
51.61515426635742,69,1.3079112768173218,30.62055206298828,32.317203521728516,-0.7235959768295288,0.01729452796280384,51029,,,,,,,,,,,19.942461013793945,20.904050827026367,0.10961990803480148,0.09891721606254578
,70,,,,,,51758,50.71076202392578,1.2942506074905396,30.43889808654785,31.99249267578125,-0.7263855338096619,0.01745930314064026,19.919706344604492,20.718055725097656,0.10682497918605804,0.07446514070034027,,,,
51.07301330566406,70,1.2752771377563477,30.529136657714844,32.25056076049805,-0.7236868739128113,0.017339279875159264,51758,,,,,,,,,,,19.96346664428711,20.76485824584961,0.11418308317661285,0.10256951302289963
,71,,,,,,52487,50.56595230102539,1.264868974685669,30.376277923583984,31.85297393798828,-0.7268767952919006,0.01755794696509838,19.67458724975586,20.51279067993164,0.09822726994752884,0.0706339180469513,,,,
51.04885482788086,71,1.3245887756347656,30.51772689819336,32.22025680541992,-0.7241585850715637,0.01739169843494892,52487,,,,,,,,,,,19.87535285949707,20.733386993408203,0.11143532395362854,0.09660875797271729
,72,,,,,,53216,50.23263168334961,1.6491808891296387,30.341018676757812,32.22024154663086,-0.7271796464920044,0.017657671123743057,19.67371368408203,20.59083366394043,0.10107378661632538,0.10985454171895981,,,,
50.278743743896484,72,1.3626525402069092,30.43422508239746,32.17820739746094,-0.7248454093933105,0.01746782474219799,53216,,,,,,,,,,,19.68085289001465,20.614017486572266,0.11422843486070633,0.09830062836408615
,73,,,,,,53945,49.720149993896484,1.2460589408874512,30.250564575195312,31.67463493347168,-0.7270464897155762,0.017398107796907425,19.482789993286133,20.28563690185547,0.08555484563112259,0.0746540054678917,,,,
50.32471466064453,73,1.318365454673767,30.372116088867188,32.1028938293457,-0.7249601483345032,0.017379064112901688,53945,,,,,,,,,,,19.66880226135254,20.440502166748047,0.112845279276371,0.1014704778790474
,74,,,,,,54674,48.896461486816406,1.2649509906768799,30.249866485595703,31.67709732055664,-0.7275090217590332,0.017570655792951584,19.676666259765625,20.521488189697266,0.08048985153436661,0.07846198230981827,,,,
49.38431930541992,74,1.2898495197296143,30.341772079467773,32.038177490234375,-0.7249831557273865,0.017524205148220062,54674,,,,,,,,,,,19.758190155029297,20.502199172973633,0.10972292721271515,0.10057300329208374
,75,,,,,,55403,48.27933120727539,1.3955473899841309,30.113893508911133,31.732629776000977,-0.7283436059951782,0.01767181232571602,19.622560501098633,20.17782974243164,0.0984908789396286,0.08570263534784317,,,,
49.105037689208984,75,1.2364459037780762,30.27164649963379,31.961252212524414,-0.7253761887550354,0.017561079934239388,55403,,,,,,,,,,,19.745084762573242,20.3466739654541,0.11409788578748703,0.10017744451761246
,76,,,,,,56132,47.80504608154297,1.271028757095337,30.1346492767334,31.566404342651367,-0.7281031012535095,0.01760464534163475,19.36968421936035,20.300466537475586,0.08088891953229904,0.07835586369037628,,,,
48.44524383544922,76,1.3535126447677612,30.200403213500977,31.95582389831543,-0.7260920405387878,0.017617816105484962,56132,,,,,,,,,,,19.637304306030273,20.222063064575195,0.114644356071949,0.10108944028615952
,77,,,,,,56861,47.850162506103516,1.317433476448059,30.045011520385742,31.650264739990234,-0.7287203073501587,0.017696838825941086,19.45729637145996,20.072378158569336,0.10687940567731857,0.08242402970790863,,,,
48.19261169433594,77,1.320282220840454,30.15472984313965,31.876014709472656,-0.7263435125350952,0.017578311264514923,56861,,,,,,,,,,,19.52005386352539,20.265888214111328,0.11450458317995071,0.09772477298974991
,78,,,,,,57590,47.516395568847656,1.2854052782058716,29.98175048828125,31.604398727416992,-0.7290669083595276,0.017595024779438972,19.61513328552246,19.924152374267578,0.1037297397851944,0.09225787967443466,,,,
48.046695709228516,78,1.2976715564727783,30.120595932006836,31.81946563720703,-0.7263712286949158,0.017615709453821182,57590,,,,,,,,,,,19.57213020324707,20.03629493713379,0.11510912328958511,0.09489898383617401
,79,,,,,,58319,47.4179573059082,2.0480000972747803,29.984790802001953,31.919172286987305,-0.7294858694076538,0.017835838720202446,19.45732307434082,19.980091094970703,0.09063787758350372,0.09143901616334915,,,,
47.55810546875,79,1.2054139375686646,30.056795120239258,31.712045669555664,-0.7269080877304077,0.017549313604831696,58319,,,,,,,,,,,19.492189407348633,19.98991584777832,0.11316748708486557,0.09734203666448593
,80,,,,,,59048,46.8846549987793,1.5116565227508545,29.913789749145508,31.71756935119629,-0.7297556400299072,0.01775280013680458,19.518733978271484,19.971900939941406,0.10380826890468597,0.10578517615795135,,,,
47.334617614746094,80,1.2819287776947021,29.999296188354492,31.705472946166992,-0.7268879413604736,0.017573976889252663,59048,,,,,,,,,,,19.461992263793945,19.894983291625977,0.11539049446582794,0.09765001386404037
,81,,,,,,59777,46.15371322631836,1.5382311344146729,29.851398468017578,31.749248504638672,-0.7298315167427063,0.017791317775845528,19.308671951293945,19.832164764404297,0.12297486513853073,0.10277843475341797,,,,
46.87763214111328,81,1.210405707359314,29.960433959960938,31.61772346496582,-0.7274295687675476,0.017635533586144447,59777,,,,,,,,,,,19.371999740600586,19.8210391998291,0.1124994084239006,0.0979137048125267
,82,,,,,,60506,45.48310089111328,1.242734432220459,29.824275970458984,31.338428497314453,-0.7299971580505371,0.017715932801365852,19.36707878112793,19.85981559753418,0.09552450478076935,0.08303362876176834,,,,
45.9024658203125,82,1.2523058652877808,29.909591674804688,31.590700149536133,-0.7275574207305908,0.017639046534895897,60506,,,,,,,,,,,19.305400848388672,19.822702407836914,0.11410216242074966,0.09688716381788254
,83,,,,,,61235,45.785667419433594,1.6682193279266357,29.74187469482422,31.63624382019043,-0.7311950325965881,0.017981737852096558,19.442096710205078,19.732534408569336,0.10758422315120697,0.1044667586684227,,,,
45.59388732910156,83,1.2744183540344238,29.858272552490234,31.55266571044922,-0.7284486293792725,0.017747029662132263,61235,,,,,,,,,,,19.341455459594727,19.74103546142578,0.11033299565315247,0.10110721737146378
,84,,,,,,61964,44.8990364074707,1.2810920476913452,29.664588928222656,31.157440185546875,-0.7311704158782959,0.017843034118413925,19.199331283569336,19.57613182067871,0.09207037836313248,0.07838840782642365,,,,
45.508323669433594,84,1.2495019435882568,29.779924392700195,31.495222091674805,-0.7288207411766052,0.017814984545111656,61964,,,,,,,,,,,19.292808532714844,19.689960479736328,0.11421807110309601,0.10389549285173416
,85,,,,,,62693,45.172245025634766,1.6339646577835083,29.687118530273438,31.49134063720703,-0.7316298484802246,0.018097080290317535,19.081506729125977,19.640806198120117,0.09004421532154083,0.10740455985069275,,,,
44.863990783691406,85,1.1701960563659668,29.756057739257812,31.41225814819336,-0.7289226651191711,0.017809299752116203,62693,,,,,,,,,,,19.24172019958496,19.692785263061523,0.1132950484752655,0.10092362761497498
,86,,,,,,63422,44.10315704345703,1.5143749713897705,29.561439514160156,31.479196548461914,-0.7320533394813538,0.01792965829372406,19.208614349365234,19.552146911621094,0.11369327455759048,0.11842237412929535,,,,
44.69815444946289,86,1.2041581869125366,29.692934036254883,31.355134963989258,-0.7292715311050415,0.017865201458334923,63422,,,,,,,,,,,19.174177169799805,19.511089324951172,0.11066802591085434,0.10135132819414139
,87,,,,,,64151,43.82467269897461,1.2015751600265503,29.5524845123291,30.964920043945312,-0.7321972250938416,0.017928097397089005,19.050384521484375,19.578943252563477,0.07951868325471878,0.08281126618385315,,,,
44.069644927978516,87,1.2394709587097168,29.625871658325195,31.319217681884766,-0.7299314141273499,0.01779494807124138,64151,,,,,,,,,,,19.069515228271484,19.58827018737793,0.1100655123591423,0.1046496331691742
,88,,,,,,64880,43.651695251464844,1.3743795156478882,29.498498916625977,31.177961349487305,-0.7329273819923401,0.018116023391485214,19.157920837402344,19.545562744140625,0.10071877390146255,0.0977325588464737,,,,
43.62488555908203,88,1.251420259475708,29.595623016357422,31.262584686279297,-0.7303727269172668,0.018002260476350784,64880,,,,,,,,,,,19.114410400390625,19.608003616333008,0.10810314863920212,0.10014984011650085
,89,,,,,,65609,43.230186462402344,1.3222349882125854,29.42625617980957,30.97014045715332,-0.7334533333778381,0.018153851851820946,19.0494441986084,19.4017333984375,0.08840364217758179,0.08815322816371918,,,,
43.57183074951172,89,1.2069858312606812,29.53753662109375,31.212627410888672,-0.730435311794281,0.01805146597325802,65609,,,,,,,,,,,19.108272552490234,19.506750106811523,0.10896094888448715,0.10535826534032822
,90,,,,,,66338,43.31760025024414,1.4113415479660034,29.40072250366211,31.131080627441406,-0.7336732149124146,0.018203845247626305,19.20722198486328,19.50786590576172,0.1041160598397255,0.10081969201564789,,,,
43.331748962402344,90,1.1985701322555542,29.507646560668945,31.16286849975586,-0.7307953238487244,0.018030358478426933,66338,,,,,,,,,,,19.055171966552734,19.4930362701416,0.10918578505516052,0.10199656337499619
,91,,,,,,67067,42.21421432495117,1.6217474937438965,29.303544998168945,31.338768005371094,-0.734453022480011,0.018335241824388504,19.260013580322266,19.496122360229492,0.12225812673568726,0.12260529398918152,,,,
42.485347747802734,91,1.2352960109710693,29.4133243560791,31.11983871459961,-0.7318869233131409,0.018103627488017082,67067,,,,,,,,,,,19.15315055847168,19.457489013671875,0.11112795025110245,0.10664959996938705
,92,,,,,,67796,41.72673034667969,1.701364517211914,29.25674057006836,31.122852325439453,-0.734674870967865,0.01826561987400055,19.101787567138672,19.434415817260742,0.10100056231021881,0.10208621621131897,,,,
42.25751495361328,92,1.1274851560592651,29.35403823852539,31.011661529541016,-0.7321974635124207,0.018121790140867233,67796,,,,,,,,,,,19.086626052856445,19.41891860961914,0.1116950511932373,0.10708001255989075
,93,,,,,,68525,41.135196685791016,1.4138426780700684,29.157686233520508,30.80356216430664,-0.7355873584747314,0.01840067468583584,19.166234970092773,19.215782165527344,0.10144395381212234,0.08634999394416809,,,,
41.843143463134766,93,1.2074759006500244,29.29499626159668,31.00257682800293,-0.7324708700180054,0.01816595532000065,68525,,,,,,,,,,,19.083492279052734,19.36094093322754,0.1138521209359169,0.1069193184375763
,94,,,,,,69254,41.0912971496582,1.1503304243087769,29.156164169311523,30.52042579650879,-0.7357551455497742,0.01834273338317871,18.72220802307129,19.156869888305664,0.08333683013916016,0.07447923719882965,,,,
41.310081481933594,94,1.139451503753662,29.231163024902344,30.913450241088867,-0.7336367964744568,0.018306996673345566,69254,,,,,,,,,,,19.00747299194336,19.26887321472168,0.11510837078094482,0.10740732401609421
,95,,,,,,69983,40.72511291503906,1.7143328189849854,29.1044864654541,31.047607421875,-0.7363212704658508,0.018569961190223694,18.971040725708008,19.196279525756836,0.10709282010793686,0.11010091751813889,,,,
41.12260055541992,95,1.2311846017837524,29.197158813476562,30.90878677368164,-0.7334948182106018,0.01839946024119854,69983,,,,,,,,,,,18.88705825805664,19.24726104736328,0.11281375586986542,0.1063929870724678
,96,,,,,,70712,40.25055694580078,1.1677896976470947,28.97007942199707,30.63802719116211,-0.7371046543121338,0.01849490776658058,19.027278900146484,19.063444137573242,0.10628711432218552,0.11052489280700684,,,,
40.5781135559082,96,1.2029666900634766,29.107206344604492,30.835275650024414,-0.7347133755683899,0.018434470519423485,70712,,,,,,,,,,,18.93391990661621,19.223407745361328,0.11470436304807663,0.11061745136976242
,97,,,,,,71441,39.15912628173828,1.3803768157958984,28.92127227783203,30.640819549560547,-0.7377340197563171,0.01866144686937332,18.931068420410156,18.946439743041992,0.09939911216497421,0.10647055506706238,,,,
40.10432815551758,97,1.1824125051498413,29.015369415283203,30.790027618408203,-0.7352886199951172,0.018475975841283798,71441,,,,,,,,,,,18.979036331176758,18.995933532714844,0.12112894654273987,0.11555614322423935
,98,,,,,,72170,40.216331481933594,1.4000799655914307,28.927387237548828,30.534347534179688,-0.7382870316505432,0.01875344291329384,18.66853904724121,18.916086196899414,0.0919543206691742,0.08942881226539612,,,,
40.02705001831055,98,1.190845251083374,29.010873794555664,30.719438552856445,-0.7354723811149597,0.018635954707860947,72170,,,,,,,,,,,18.808086395263672,19.01207733154297,0.11402669548988342,0.10860125720500946
,99,,,,,,72899,40.15045166015625,1.5724632740020752,28.847259521484375,30.73267364501953,-0.7391102910041809,0.018859192728996277,18.613893508911133,18.89756965637207,0.11432895809412003,0.10551568120718002,,,,
39.95176696777344,99,1.160345196723938,28.941585540771484,30.650684356689453,-0.7364967465400696,0.018713021650910378,72899,,,,,,,,,,,18.645858764648438,18.99814796447754,0.11315034329891205,0.11263097822666168
,100,,,,,,73628,38.8628044128418,1.4410309791564941,28.754257202148438,30.46458625793457,-0.7400378584861755,0.019067537039518356,18.48128890991211,18.818593978881836,0.09687990695238113,0.10108402371406555,,,,
39.373443603515625,100,1.1739078760147095,28.857080459594727,30.596437454223633,-0.7371715307235718,0.018813660368323326,73628,,,,,,,,,,,18.540786743164062,18.934646606445312,0.11627847701311111,0.11420483887195587
,101,,,,,,74357,38.62843704223633,1.1343876123428345,28.741268157958984,30.239013671875,-0.7401056289672852,0.018996911123394966,18.537994384765625,18.890975952148438,0.08694303780794144,0.09916660934686661,,,,
38.95282745361328,101,1.1542514562606812,28.820594787597656,30.540199279785156,-0.7378426790237427,0.01896085776388645,74357,,,,,,,,,,,18.676836013793945,18.940567016601562,0.11715385317802429,0.11133944243192673
,102,,,,,,75086,38.471435546875,1.1088329553604126,28.638837814331055,30.12921714782715,-0.7411085963249207,0.019102390855550766,18.40220069885254,18.842065811157227,0.08879496157169342,0.09839789569377899,,,,
38.83694839477539,102,1.1579957008361816,28.770030975341797,30.483539581298828,-0.738263726234436,0.019049284979701042,75086,,,,,,,,,,,18.570653915405273,18.976144790649414,0.11411342024803162,0.11278922110795975
,103,,,,,,75815,38.40348434448242,1.0716285705566406,28.634845733642578,29.981082916259766,-0.74149090051651,0.019148720428347588,18.347837448120117,18.72308349609375,0.08161319047212601,0.08047753572463989,,,,
38.68770980834961,103,1.088985800743103,28.723834991455078,30.39565086364746,-0.7391600012779236,0.019097428768873215,75815,,,,,,,,,,,18.57305335998535,18.890182495117188,0.11118961870670319,0.11427728086709976
,104,,,,,,76544,38.39366912841797,1.0593039989471436,28.546070098876953,29.95580291748047,-0.742466390132904,0.019241685047745705,18.185691833496094,18.793060302734375,0.08494269102811813,0.09107095748186111,,,,
38.79593276977539,104,1.1284548044204712,28.686628341674805,30.358821868896484,-0.7399888038635254,0.019203850999474525,76544,,,,,,,,,,,18.417985916137695,18.849014282226562,0.11026021838188171,0.11133741587400436
,105,,,,,,77273,38.65040588378906,1.2181642055511475,28.523780822753906,30.12751579284668,-0.7429831027984619,0.019310520961880684,18.20209312438965,18.781728744506836,0.08529136329889297,0.11363812536001205,,,,
38.824710845947266,105,1.113067865371704,28.619558334350586,30.290027618408203,-0.7403818964958191,0.019223539158701897,77273,,,,,,,,,,,18.40374755859375,18.812339782714844,0.11071576178073883,0.11207639425992966
,106,,,,,,78002,39.08249282836914,2.1976208686828613,28.526418685913086,30.841798782348633,-0.7438672184944153,0.019616350531578064,18.427902221679688,18.79238510131836,0.1222267597913742,0.12109020352363586,,,,
38.4350471496582,106,1.0728436708450317,28.550722122192383,30.2074031829834,-0.7410872578620911,0.019309377297759056,78002,,,,,,,,,,,18.315990447998047,18.72239875793457,0.11068995296955109,0.11336303502321243
,107,,,,,,78731,37.77238082885742,1.2190688848495483,28.3730411529541,29.92815589904785,-0.7449404001235962,0.019592631608247757,18.176799774169922,18.601398468017578,0.08357049524784088,0.10554099082946777,,,,
38.3538818359375,107,1.0627895593643188,28.492334365844727,30.147472381591797,-0.7420713901519775,0.01944044418632984,78731,,,,,,,,,,,18.332416534423828,18.67002296447754,0.1119382381439209,0.11281054466962814
,108,,,,,,79460,37.848960876464844,1.0279985666275024,28.30811882019043,29.700462341308594,-0.7457582950592041,0.01963554136455059,18.027294158935547,18.495410919189453,0.0830020159482956,0.09266828745603561,,,,
37.89719009399414,108,1.1445791721343994,28.41090965270996,30.131267547607422,-0.7430281639099121,0.019593553617596626,79460,,,,,,,,,,,18.27245330810547,18.58182716369629,0.1133895218372345,0.11622396856546402
,109,,,,,,80189,37.64128494262695,2.1158506870269775,28.27401351928711,30.55257225036621,-0.7469024062156677,0.02008446864783764,18.279239654541016,18.491607666015625,0.11406932771205902,0.13005931675434113,,,,
37.579647064208984,109,1.0833067893981934,28.335437774658203,30.026199340820312,-0.7439889907836914,0.01973629929125309,80189,,,,,,,,,,,18.21384048461914,18.54685401916504,0.11099852621555328,0.11882485449314117
,110,,,,,,80918,37.72559356689453,2.1380298137664795,28.19011688232422,30.514524459838867,-0.7478079199790955,0.020185643807053566,18.213695526123047,18.33634376525879,0.1326998770236969,0.11838548630475998,,,,
37.30693054199219,110,1.0287227630615234,28.274538040161133,29.94500732421875,-0.744758129119873,0.01988566294312477,80918,,,,,,,,,,,18.158733367919922,18.38031005859375,0.11321357637643814,0.11800830066204071
,111,,,,,,81647,36.25523376464844,1.48276948928833,28.09587287902832,29.812807083129883,-0.748599648475647,0.020223045721650124,18.164854049682617,18.23158836364746,0.09254196286201477,0.10256259888410568,,,,
37.31078338623047,111,1.048872709274292,28.209087371826172,29.89019012451172,-0.7457031607627869,0.020015232264995575,81647,,,,,,,,,,,18.108524322509766,18.352293014526367,0.11441407352685928,0.11691504716873169
,112,,,,,,82376,37.28001403808594,1.0240535736083984,28.057151794433594,29.484100341796875,-0.7494723200798035,0.020203551277518272,17.79222869873047,18.09729766845703,0.08615077286958694,0.09683331102132797,,,,
37.42168426513672,112,1.0916188955307007,28.18366813659668,29.86029815673828,-0.7464826703071594,0.020136147737503052,82376,,,,,,,,,,,18.1220760345459,18.284286499023438,0.11099452525377274,0.11517122387886047
,113,,,,,,83105,36.31964111328125,1.186552882194519,27.977991104125977,29.499019622802734,-0.7504487037658691,0.020407602190971375,17.976957321166992,18.131437301635742,0.0880851000547409,0.09746814519166946,,,,
37.1683235168457,113,1.0971500873565674,28.106630325317383,29.790332794189453,-0.747454047203064,0.020201794803142548,83105,,,,,,,,,,,18.085308074951172,18.18109130859375,0.10950265824794769,0.11751927435398102
,114,,,,,,83834,36.82483673095703,1.003438949584961,27.903202056884766,29.256868362426758,-0.7514103651046753,0.020427528768777847,17.849763870239258,17.946210861206055,0.07991880923509598,0.09046787768602371,,,,
37.099124908447266,114,1.0595932006835938,28.039228439331055,29.701181411743164,-0.7485143542289734,0.020381638780236244,83834,,,,,,,,,,,18.11398696899414,18.157039642333984,0.11055055260658264,0.11588089913129807
,115,,,,,,84563,37.028526306152344,1.4209890365600586,27.88014030456543,29.584463119506836,-0.7523560523986816,0.02069174125790596,17.84175682067871,18.03116798400879,0.0977482944726944,0.10102081298828125,,,,
37.11894226074219,115,1.0503140687942505,27.966670989990234,29.624317169189453,-0.7495370507240295,0.020508142188191414,84563,,,,,,,,,,,17.957361221313477,18.06606674194336,0.10787560790777206,0.11862263083457947
,116,,,,,,85292,37.28212356567383,1.6978347301483154,27.87069320678711,29.780715942382812,-0.7532914280891418,0.02097684144973755,17.93146324157715,17.940696716308594,0.10258088260889053,0.10964447259902954,,,,
37.02202606201172,116,1.0320159196853638,27.925914764404297,29.550710678100586,-0.7506160140037537,0.020711202174425125,85292,,,,,,,,,,,17.976974487304688,18.024459838867188,0.10579948127269745,0.11595555394887924
,117,,,,,,86021,36.79582595825195,1.1569386720657349,27.797794342041016,29.261045455932617,-0.7539898157119751,0.02103172056376934,17.825626373291016,17.869125366210938,0.08562929928302765,0.09132775664329529,,,,
37.649105072021484,117,1.0133765935897827,27.906774520874023,29.504732131958008,-0.7510113716125488,0.020853815600275993,86021,,,,,,,,,,,17.843374252319336,17.962669372558594,0.10714288800954819,0.11111250519752502
,118,,,,,,86750,36.63578796386719,1.1495370864868164,27.671995162963867,29.247190475463867,-0.7556668519973755,0.021184517070651054,17.758804321289062,17.820850372314453,0.09170538932085037,0.10837690532207489,,,,
37.01584243774414,118,1.0003933906555176,27.802032470703125,29.418853759765625,-0.7524698972702026,0.020989814773201942,86750,,,,,,,,,,,17.940296173095703,17.912635803222656,0.10825548321008682,0.11507581174373627
,119,,,,,,87479,36.63046646118164,1.271600604057312,27.613628387451172,29.200178146362305,-0.7564447522163391,0.02120566926896572,17.54621696472168,17.719039916992188,0.08840496093034744,0.10174505412578583,,,,
36.82452392578125,119,1.0178321599960327,27.724285125732422,29.371126174926758,-0.7534554600715637,0.021142231300473213,87479,,,,,,,,,,,17.846813201904297,17.817392349243164,0.10904625803232193,0.11853662878274918
,120,,,,,,88208,37.23712158203125,1.6729131937026978,27.630464553833008,29.443763732910156,-0.757289707660675,0.02145836502313614,17.58840560913086,17.78614616394043,0.09496531635522842,0.10040682554244995,,,,
36.801414489746094,120,1.0007861852645874,27.654735565185547,29.292675018310547,-0.7547022700309753,0.021232130005955696,88208,,,,,,,,,,,17.68726348876953,17.786693572998047,0.10776116698980331,0.11975082010030746
,121,,,,,,88937,37.004642486572266,1.3503085374832153,27.541017532348633,29.108158111572266,-0.7583280205726624,0.021585572510957718,17.5385684967041,17.61534309387207,0.07942637801170349,0.09896989911794662,,,,
36.856327056884766,121,1.0421327352523804,27.63504981994629,29.253177642822266,-0.7555372714996338,0.02141362987458706,88937,,,,,,,,,,,17.67029571533203,17.768287658691406,0.10394979268312454,0.11545700579881668
,122,,,,,,89666,36.89777374267578,1.0464003086090088,27.53232765197754,28.855539321899414,-0.7587413191795349,0.021634409204125404,17.6212215423584,17.659996032714844,0.07378670573234558,0.08621402084827423,,,,
37.24312210083008,122,1.0413973331451416,27.606510162353516,29.203100204467773,-0.7563951015472412,0.02153870090842247,89666,,,,,,,,,,,17.691137313842773,17.74001693725586,0.10299960523843765,0.11217880994081497
,123,,,,,,90395,37.40190124511719,1.653665542602539,27.447019577026367,29.409189224243164,-0.7603254914283752,0.02194173075258732,17.47622299194336,17.567419052124023,0.11399316042661667,0.11307020485401154,,,,
37.18641662597656,123,0.97105473279953,27.555988311767578,29.107513427734375,-0.7572604417800903,0.021684547886252403,90395,,,,,,,,,,,17.670848846435547,17.700286865234375,0.10220183432102203,0.11098950356245041
,124,,,,,,91124,36.89207458496094,0.9746796488761902,27.367919921875,28.663442611694336,-0.7612343430519104,0.021911172196269035,17.30146598815918,17.446752548217773,0.07518617808818817,0.08645481616258621,,,,
36.939945220947266,124,0.9852697849273682,27.461536407470703,29.038604736328125,-0.7581378221511841,0.02179744653403759,91124,,,,,,,,,,,17.5400390625,17.591171264648438,0.10329103469848633,0.11359913647174835
,125,,,,,,91853,37.357574462890625,1.0155956745147705,27.30630874633789,28.784793853759766,-0.7624483108520508,0.02207281067967415,17.227895736694336,17.48931121826172,0.08571823686361313,0.10842707008123398,,,,
37.09977722167969,125,0.9292834997177124,27.415273666381836,28.964130401611328,-0.7594131231307983,0.021926186978816986,91853,,,,,,,,,,,17.496339797973633,17.556262969970703,0.1027413085103035,0.11409678310155869
,126,,,,,,92582,36.56098937988281,1.1570897102355957,27.22518539428711,28.68091583251953,-0.7635740041732788,0.022330528125166893,17.265623092651367,17.189409255981445,0.07992188632488251,0.09551551192998886,,,,
36.9825325012207,126,0.9420415163040161,27.335079193115234,28.904926300048828,-0.7605873942375183,0.02212805114686489,92582,,,,,,,,,,,17.44194984436035,17.452259063720703,0.10430632531642914,0.11546356976032257
,127,,,,,,93311,36.250057220458984,0.9791571497917175,27.134389877319336,28.52035903930664,-0.7647333145141602,0.022471686825156212,17.200517654418945,17.19890022277832,0.07724445313215256,0.1020314022898674,,,,
36.75431823730469,127,0.9655907154083252,27.271692276000977,28.84366226196289,-0.7618036270141602,0.02235214039683342,93311,,,,,,,,,,,17.375619888305664,17.30919075012207,0.10445810854434967,0.11337269842624664
,128,,,,,,94040,35.97031021118164,0.8553016781806946,27.07870864868164,28.346446990966797,-0.7660250067710876,0.022608023136854172,17.115203857421875,17.048126220703125,0.07656823843717575,0.09144691377878189,,,,
36.44889831542969,128,0.9778738021850586,27.210262298583984,28.806535720825195,-0.7627391219139099,0.022464944049715996,94040,,,,,,,,,,,17.33323097229004,17.29115104675293,0.10118313133716583,0.12028053402900696
,129,,,,,,94769,36.978763580322266,1.7456138134002686,27.133920669555664,29.102136611938477,-0.7663595676422119,0.022839684039354324,17.170251846313477,17.23438835144043,0.09851385653018951,0.1205674484372139,,,,
36.36787796020508,129,0.9333560466766357,27.161869049072266,28.735614776611328,-0.7636505961418152,0.02265353314578533,94769,,,,,,,,,,,17.340530395507812,17.188121795654297,0.10250529646873474,0.11891015619039536
,130,,,,,,95498,36.03071212768555,1.7441266775131226,27.030752182006836,28.922819137573242,-0.767408013343811,0.022965993732213974,17.173023223876953,17.07486915588379,0.08700041472911835,0.11700228601694107,,,,
36.25358581542969,130,0.9564369916915894,27.089303970336914,28.671897888183594,-0.7646753191947937,0.022831900045275688,95498,,,,,,,,,,,17.241413116455078,17.12090492248535,0.10396429896354675,0.1169043704867363
,131,,,,,,96227,36.65631866455078,1.4475655555725098,26.95496940612793,28.75502586364746,-0.769137978553772,0.02320992574095726,17.122835159301758,17.003015518188477,0.09241795539855957,0.12284158170223236,,,,
36.22819900512695,131,0.9475386738777161,27.024106979370117,28.613130569458008,-0.7663419246673584,0.02296893484890461,96227,,,,,,,,,,,17.158098220825195,17.071470260620117,0.10322947055101395,0.11982084810733795
,132,,,,,,96956,36.059165954589844,1.1048582792282104,26.885414123535156,28.315122604370117,-0.7696837186813354,0.02318432740867138,16.950300216674805,16.823945999145508,0.07927542179822922,0.09618038684129715,,,,
36.56049346923828,132,0.9206796288490295,26.993555068969727,28.544321060180664,-0.7669617533683777,0.023066367954015732,96956,,,,,,,,,,,17.15074348449707,16.963449478149414,0.1034548431634903,0.11462952941656113
,133,,,,,,97685,35.96055221557617,1.1446129083633423,26.811372756958008,28.2440242767334,-0.7709227204322815,0.023419855162501335,16.832931518554688,16.755584716796875,0.07466568052768707,0.0974094420671463,,,,
36.32494354248047,133,0.997527003288269,26.93056297302246,28.518573760986328,-0.7679145336151123,0.023222673684358597,97685,,,,,,,,,,,17.077335357666016,16.92363739013672,0.10164392739534378,0.11621095985174179
,134,,,,,,98414,36.423736572265625,1.1146882772445679,26.795711517333984,28.187847137451172,-0.7718626260757446,0.023549633100628853,16.78656005859375,16.759559631347656,0.07159379869699478,0.09536419063806534,,,,
36.23931121826172,134,1.0209013223648071,26.895614624023438,28.488256454467773,-0.7686032652854919,0.02336331084370613,98414,,,,,,,,,,,16.996164321899414,16.957263946533203,0.10151057690382004,0.1149262934923172
,135,,,,,,99143,36.397457122802734,1.4232670068740845,26.78015899658203,28.446250915527344,-0.772469162940979,0.023660533130168915,16.867753982543945,16.707061767578125,0.0830063596367836,0.10789233446121216,,,,
36.47609329223633,135,0.9289958477020264,26.85184097290039,28.395366668701172,-0.7696754336357117,0.02346271462738514,99143,,,,,,,,,,,16.936269760131836,16.853124618530273,0.10022532939910889,0.11557565629482269
,136,,,,,,99872,36.437400817871094,0.8061485290527344,26.697481155395508,27.924131393432617,-0.7737335562705994,0.023686066269874573,16.620302200317383,16.76936912536621,0.0717225968837738,0.09299695491790771,,,,
36.49453353881836,136,0.9606077671051025,26.80674171447754,28.361366271972656,-0.770602285861969,0.02361498586833477,99872,,,,,,,,,,,16.9126033782959,16.897016525268555,0.09980902075767517,0.11505778133869171
,137,,,,,,100601,37.135623931884766,1.4335983991622925,26.739328384399414,28.366409301757812,-0.7738804817199707,0.023859916254878044,16.714054107666016,16.683666229248047,0.08282066136598587,0.0992322564125061,,,,
36.54896545410156,137,0.882947564125061,26.780593872070312,28.26323890686035,-0.7712318301200867,0.023764442652463913,100601,,,,,,,,,,,16.910242080688477,16.853853225708008,0.09634587168693542,0.11189088225364685
,138,,,,,,101330,36.733856201171875,1.323676586151123,26.692977905273438,28.201528549194336,-0.7746126651763916,0.023950476199388504,16.59046173095703,16.588045120239258,0.07543694972991943,0.0939067155122757,,,,
36.54075622558594,138,0.8997231721878052,26.75006675720215,28.22728157043457,-0.7717656493186951,0.02380531281232834,101330,,,,,,,,,,,16.83698081970215,16.745798110961914,0.09727098792791367,0.10820192098617554
,139,,,,,,102059,36.54470443725586,1.0775315761566162,26.600419998168945,27.986906051635742,-0.7761390209197998,0.024129176512360573,16.63292694091797,16.52002716064453,0.07723958790302277,0.09229940176010132,,,,
36.301448822021484,139,0.9198112487792969,26.672805786132812,28.18492317199707,-0.7732653617858887,0.023929057642817497,102059,,,,,,,,,,,16.80433464050293,16.64737319946289,0.09699489176273346,0.11344554275274277
,140,,,,,,102788,36.10053634643555,1.2980561256408691,26.539243698120117,28.090572357177734,-0.7769680023193359,0.024199627339839935,16.717931747436523,16.5101318359375,0.07479126006364822,0.10567314177751541,,,,
36.12138366699219,140,0.8996445536613464,26.629886627197266,28.121477127075195,-0.7740994691848755,0.024035707116127014,102788,,,,,,,,,,,16.79179573059082,16.621671676635742,0.0960770696401596,0.11227963864803314
,141,,,,,,103517,35.91062545776367,1.0762394666671753,26.513654708862305,27.86213493347168,-0.777597188949585,0.024341149255633354,16.635242462158203,16.31581687927246,0.07848953455686569,0.08357995003461838,,,,
36.07460021972656,141,0.8831770420074463,26.598974227905273,28.061420440673828,-0.7748417854309082,0.02420402131974697,103517,,,,,,,,,,,16.780582427978516,16.575162887573242,0.09410952031612396,0.11006403714418411
,142,,,,,,104246,36.56255340576172,1.1518725156784058,26.52100944519043,27.85260009765625,-0.7782291769981384,0.024465221911668777,16.51407814025879,16.4500789642334,0.06971694529056549,0.08141493797302246,,,,
36.39857864379883,142,0.9176667332649231,26.57213592529297,28.053682327270508,-0.775481641292572,0.024329369887709618,104246,,,,,,,,,,,16.706018447875977,16.502910614013672,0.09556934237480164,0.10897674411535263
,143,,,,,,104975,34.770843505859375,0.8949490189552307,26.333351135253906,27.53486442565918,-0.7798923850059509,0.02442200854420662,16.412437438964844,16.28083038330078,0.06521058827638626,0.08560086786746979,,,,
36.08110046386719,143,0.8851425051689148,26.535024642944336,27.981908798217773,-0.7763895988464355,0.024461381137371063,104975,,,,,,,,,,,16.729272842407227,16.640174865722656,0.0934804230928421,0.10738291591405869
,144,,,,,,105704,36.34872055053711,1.2740353345870972,26.387996673583984,27.863704681396484,-0.7802322506904602,0.02469160221517086,16.449462890625,16.317777633666992,0.07398369163274765,0.09375426918268204,,,,
35.820823669433594,144,0.8878968358039856,26.467439651489258,27.924259185791016,-0.7774913907051086,0.02450326271355152,105704,,,,,,,,,,,16.648706436157227,16.544523239135742,0.09422897547483444,0.10835058242082596
,145,,,,,,106433,36.161590576171875,0.9823675155639648,26.383148193359375,27.586124420166016,-0.7806947827339172,0.024706900119781494,16.41595458984375,16.376787185668945,0.063085176050663,0.07927533239126205,,,,
36.0489387512207,145,0.898707389831543,26.450468063354492,27.90230941772461,-0.7778509259223938,0.024601047858595848,106433,,,,,,,,,,,16.65782928466797,16.510189056396484,0.09213541448116302,0.1083579957485199
,146,,,,,,107162,36.31573486328125,0.9495053291320801,26.331478118896484,27.650646209716797,-0.7813016772270203,0.024784229695796967,16.183189392089844,16.343902587890625,0.07952918112277985,0.08935058861970901,,,,
36.2142333984375,146,0.8636871576309204,26.413820266723633,27.82805061340332,-0.7785348296165466,0.02468881756067276,107162,,,,,,,,,,,16.531864166259766,16.500791549682617,0.09130587428808212,0.1051730215549469
,147,,,,,,107891,35.88048553466797,0.906704843044281,26.299646377563477,27.509252548217773,-0.7820088863372803,0.024823378771543503,16.222009658813477,16.193294525146484,0.07499003410339355,0.0762631744146347,,,,
36.0452766418457,147,0.8733765482902527,26.38901138305664,27.809309005737305,-0.7797874808311462,0.02485007420182228,107891,,,,,,,,,,,16.491756439208984,16.462242126464844,0.09286405891180038,0.10385750234127045
,148,,,,,,108620,36.087257385253906,1.432695984840393,26.31645393371582,27.81622886657715,-0.7825278639793396,0.02499711886048317,16.29511833190918,16.240907669067383,0.06934965401887894,0.08733148872852325,,,,
35.72178649902344,148,0.868308424949646,26.330842971801758,27.74111557006836,-0.7802267074584961,0.02492736652493477,108620,,,,,,,,,,,16.46416473388672,16.30199432373047,0.09179915487766266,0.10342413932085037
,149,,,,,,109349,35.838233947753906,1.3107346296310425,26.242448806762695,27.7049503326416,-0.7833917140960693,0.025101400911808014,16.189908981323242,16.236522674560547,0.07834358513355255,0.08308529108762741,,,,
35.849666595458984,149,0.8617002964019775,26.312753677368164,27.70232582092285,-0.7807498574256897,0.025034859776496887,109349,,,,,,,,,,,16.445064544677734,16.34922981262207,0.08867034316062927,0.10307073593139648
,150,,,,,,110078,35.57402038574219,1.4447216987609863,26.157516479492188,27.761999130249023,-0.7845709919929504,0.02521960809826851,16.132856369018555,15.992311477661133,0.07968458533287048,0.0967397391796112,,,,
35.77804946899414,150,0.850980818271637,26.244016647338867,27.63846206665039,-0.7819483280181885,0.025152094662189484,110078,,,,,,,,,,,16.373510360717773,16.253446578979492,0.08980905264616013,0.10398024320602417
,151,,,,,,110807,35.055477142333984,0.7319231629371643,26.068084716796875,27.131452560424805,-0.7855502367019653,0.025245362892746925,16.015291213989258,15.927596092224121,0.06448350101709366,0.07499353587627411,,,,
35.603267669677734,151,0.882652997970581,26.203887939453125,27.62603187561035,-0.7826907634735107,0.025225985795259476,110807,,,,,,,,,,,16.30414581298828,16.191116333007812,0.09099393337965012,0.10517130047082901
,152,,,,,,111536,36.01504135131836,1.0937377214431763,26.09336280822754,27.327665328979492,-0.7857550382614136,0.025292305275797844,16.032485961914062,15.8909273147583,0.06395506858825684,0.07352975010871887,,,,
35.59804153442383,152,0.8536455035209656,26.170183181762695,27.563737869262695,-0.7831102609634399,0.02525901421904564,111536,,,,,,,,,,,16.319581985473633,16.182483673095703,0.08990651369094849,0.10343968123197556
,153,,,,,,112265,35.536109924316406,1.0664583444595337,26.043052673339844,27.355640411376953,-0.7866171598434448,0.025466609746217728,16.05496597290039,15.954268455505371,0.06360995024442673,0.09226102381944656,,,,
35.822757720947266,153,0.8079032301902771,26.158845901489258,27.505361557006836,-0.7836461663246155,0.025288300588726997,112265,,,,,,,,,,,16.24151039123535,16.13665008544922,0.08845040947198868,0.10005783289670944
,154,,,,,,112994,36.16947555541992,2.0647974014282227,26.10112762451172,28.109516143798828,-0.7868083119392395,0.025523269549012184,16.1219482421875,16.174196243286133,0.09346756339073181,0.10172922909259796,,,,
35.57374954223633,154,0.8210490942001343,26.10392189025879,27.468564987182617,-0.7846584916114807,0.02544344589114189,112994,,,,,,,,,,,16.186826705932617,16.073434829711914,0.08886329084634781,0.10195668041706085
,155,,,,,,113723,35.88971710205078,0.9831459522247314,25.979724884033203,27.243465423583984,-0.7880411148071289,0.02552059106528759,15.899979591369629,15.872546195983887,0.06838305294513702,0.08604881912469864,,,,
35.63011932373047,155,0.8286520838737488,26.07652473449707,27.435102462768555,-0.7848939895629883,0.02544815093278885,113723,,,,,,,,,,,16.17560577392578,16.061803817749023,0.08721202611923218,0.10163824260234833
,156,,,,,,114452,34.8076171875,1.0835494995117188,25.9194278717041,27.23282814025879,-0.788309633731842,0.02559421956539154,15.986655235290527,15.806743621826172,0.07599072903394699,0.07834505289793015,,,,
35.49449920654297,156,0.8699249625205994,26.0122127532959,27.41489028930664,-0.78598552942276,0.025513896718621254,114452,,,,,,,,,,,16.063838958740234,15.960922241210938,0.08970236778259277,0.10384409129619598
,157,,,,,,115181,34.72492218017578,0.7217230200767517,25.84746742248535,26.840356826782227,-0.789397120475769,0.02563602849841118,15.737651824951172,15.658833503723145,0.056507594883441925,0.06989727169275284,,,,
35.06239700317383,157,0.8620890974998474,25.994686126708984,27.37030029296875,-0.7863103151321411,0.02561141736805439,115181,,,,,,,,,,,16.134082794189453,16.01000213623047,0.08869604766368866,0.1002168357372284
,158,,,,,,115910,35.550533294677734,2.0312395095825195,25.942758560180664,27.890535354614258,-0.7893364429473877,0.025889841839671135,16.002424240112305,15.990988731384277,0.0837552547454834,0.10267507284879684,,,,
34.89119338989258,158,0.8311245441436768,25.97098159790039,27.32047462463379,-0.7867752313613892,0.02568332478404045,115910,,,,,,,,,,,16.089265823364258,15.989110946655273,0.08721734583377838,0.09956508129835129
,159,,,,,,116639,35.15416717529297,0.9582369923591614,25.835718154907227,26.98038673400879,-0.7903972268104553,0.025818809866905212,15.852794647216797,15.661209106445312,0.059956956654787064,0.0731523185968399,,,,
35.186317443847656,159,0.8481718897819519,25.942041397094727,27.27826499938965,-0.7874970436096191,0.02576463855803013,116639,,,,,,,,,,,16.068090438842773,15.967482566833496,0.08383172005414963,0.09859155118465424
,160,,,,,,117368,35.34668731689453,1.0665595531463623,25.819414138793945,27.081119537353516,-0.7909075021743774,0.025904659181833267,15.789510726928711,15.62625503540039,0.07022319734096527,0.07546278834342957,,,,
35.2086296081543,160,0.8472069501876831,25.887727737426758,27.23497200012207,-0.7881557941436768,0.025773970410227776,117368,,,,,,,,,,,15.9205322265625,15.846536636352539,0.08524727821350098,0.09948242455720901
,161,,,,,,118097,35.103153228759766,1.157246470451355,25.776981353759766,27.118993759155273,-0.7913958430290222,0.025889385491609573,15.811959266662598,15.574442863464355,0.0712074488401413,0.08147051185369492,,,,
35.063629150390625,161,0.8261934518814087,25.859241485595703,27.19419288635254,-0.7886791825294495,0.025888759642839432,118097,,,,,,,,,,,15.963537216186523,15.801648139953613,0.08374820649623871,0.10062234103679657
,162,,,,,,118826,35.35300827026367,1.1168211698532104,25.729087829589844,27.05110740661621,-0.7921337485313416,0.02596857026219368,15.612064361572266,15.647010803222656,0.06448725610971451,0.08823239803314209,,,,
35.06011962890625,162,0.8141219615936279,25.822175979614258,27.154356002807617,-0.7896042466163635,0.02593171037733555,118826,,,,,,,,,,,15.88019847869873,15.769774436950684,0.08473554998636246,0.10029254853725433
,163,,,,,,119555,34.80937194824219,0.7185124754905701,25.67205047607422,26.735042572021484,-0.7931222915649414,0.026120593771338463,15.708539009094238,15.496855735778809,0.07332820445299149,0.06741911917924881,,,,
35.15302276611328,163,0.7995920181274414,25.800004959106445,27.113435745239258,-0.7899184823036194,0.026055820286273956,119555,,,,,,,,,,,15.827479362487793,15.777725219726562,0.08382932096719742,0.09889980405569077
,164,,,,,,120284,34.923194885253906,1.4288631677627563,25.707843780517578,27.18630599975586,-0.7928621172904968,0.02607942931354046,15.761083602905273,15.765299797058105,0.06676361709833145,0.08603786677122116,,,,
34.80268859863281,164,0.8511512875556946,25.761259078979492,27.089832305908203,-0.7907233834266663,0.026106946170330048,120284,,,,,,,,,,,15.88718318939209,15.749380111694336,0.08308129012584686,0.09751321375370026
,165,,,,,,121013,34.91063690185547,1.3754281997680664,25.647483825683594,27.073936462402344,-0.7939082980155945,0.02632058784365654,15.569880485534668,15.711836814880371,0.06318531930446625,0.08456485718488693,,,,
34.66363525390625,165,0.7921366095542908,25.72130012512207,27.02548599243164,-0.7912700772285461,0.02616688795387745,121013,,,,,,,,,,,15.838068008422852,15.719346046447754,0.08335816115140915,0.0982680693268776
,166,,,,,,121742,35.18666458129883,1.2159470319747925,25.633628845214844,26.919292449951172,-0.7943021059036255,0.026289202272892,15.63872241973877,15.670109748840332,0.05897616595029831,0.076566182076931,,,,
34.95182418823242,166,0.8085962533950806,25.68869972229004,26.99942398071289,-0.7920185923576355,0.026162244379520416,121742,,,,,,,,,,,15.7610502243042,15.668403625488281,0.08385449647903442,0.09743096679449081
,167,,,,,,122471,34.85228729248047,1.194390892982483,25.580583572387695,26.88043785095215,-0.7953537702560425,0.026430239900946617,15.5642671585083,15.549463272094727,0.06886186450719833,0.07167153060436249,,,,
34.866188049316406,167,0.87883061170578,25.66071891784668,27.00684356689453,-0.7926188111305237,0.02632482536137104,122471,,,,,,,,,,,15.777036666870117,15.640824317932129,0.08418192714452744,0.09716328978538513
,168,,,,,,123200,35.2597770690918,1.7880319356918335,25.5936222076416,27.430034637451172,-0.7954089045524597,0.026416372507810593,15.664944648742676,15.67194652557373,0.07571829110383987,0.11275838315486908,,,,
34.70538330078125,168,0.825556755065918,25.64573097229004,26.959680557250977,-0.7928084135055542,0.02632586658000946,123200,,,,,,,,,,,15.759061813354492,15.735011100769043,0.08254709094762802,0.09768813103437424
,169,,,,,,123929,35.03080368041992,1.2450389862060547,25.562936782836914,26.937307357788086,-0.7954613566398621,0.0262844767421484,15.530007362365723,15.597896575927734,0.05710707977414131,0.09326793253421783,,,,
35.055320739746094,169,0.8188815116882324,25.63477897644043,26.9178466796875,-0.7933898568153381,0.026322297751903534,123929,,,,,,,,,,,15.705568313598633,15.70012378692627,0.08048130571842194,0.09424120932817459
,170,,,,,,124658,34.769874572753906,0.975172758102417,25.50910758972168,26.680803298950195,-0.7965477108955383,0.026562198996543884,15.551100730895996,15.427713394165039,0.05966625362634659,0.07716107368469238,,,,
34.82973861694336,170,0.782952606678009,25.618547439575195,26.86780548095703,-0.7937450408935547,0.026406023651361465,124658,,,,,,,,,,,15.698750495910645,15.665410041809082,0.0788867175579071,0.09266509115695953
,171,,,,,,125387,35.13296890258789,1.5575575828552246,25.527118682861328,27.119962692260742,-0.796841561794281,0.02667921967804432,15.555502891540527,15.479410171508789,0.07258021086454391,0.0902307778596878,,,,
34.84132385253906,171,0.8135914206504822,25.57672691345215,26.8387451171875,-0.7940064072608948,0.026498224586248398,125387,,,,,,,,,,,15.615066528320312,15.583317756652832,0.07948337495326996,0.09156051278114319
,172,,,,,,126116,34.926448822021484,1.2819212675094604,25.462265014648438,26.840076446533203,-0.797491192817688,0.026625437662005424,15.635049819946289,15.290239334106445,0.07433055341243744,0.07303556799888611,,,,
34.796226501464844,172,0.844165563583374,25.546287536621094,26.8415470123291,-0.7948352098464966,0.02658865787088871,126116,,,,,,,,,,,15.601974487304688,15.480295181274414,0.08081105351448059,0.09382342547178268
,173,,,,,,126845,34.64012145996094,0.8457543849945068,25.412521362304688,26.46690559387207,-0.7979111075401306,0.026566261425614357,15.440849304199219,15.343514442443848,0.06029019504785538,0.06601523607969284,,,,
34.852439880371094,173,0.8104532361030579,25.515295028686523,26.791139602661133,-0.795087993144989,0.02654293179512024,126845,,,,,,,,,,,15.566375732421875,15.514991760253906,0.08097125589847565,0.09315686672925949
,174,,,,,,127574,34.74631881713867,0.8751881718635559,25.382184982299805,26.46237564086914,-0.7986516356468201,0.026709528639912605,15.356894493103027,15.283659934997559,0.055050671100616455,0.0734674409031868,,,,
34.56279373168945,174,0.8152973055839539,25.475337982177734,26.748422622680664,-0.7958003282546997,0.02670331485569477,127574,,,,,,,,,,,15.597371101379395,15.476154327392578,0.0793796181678772,0.09371378272771835
,175,,,,,,128303,34.54736328125,0.8568738102912903,25.35758399963379,26.48035430908203,-0.7988079786300659,0.026740381494164467,15.301934242248535,15.23991870880127,0.05924702435731888,0.07962153851985931,,,,
34.53783416748047,175,0.795900285243988,25.472171783447266,26.716289520263672,-0.7962443232536316,0.026802636682987213,128303,,,,,,,,,,,15.584349632263184,15.48355770111084,0.07877033948898315,0.09046002477407455
,176,,,,,,129032,34.65241241455078,0.845220148563385,25.374530792236328,26.4537296295166,-0.7984237670898438,0.026673443615436554,15.233938217163086,15.331409454345703,0.05606896057724953,0.07524394243955612,,,,
34.495323181152344,176,0.7494602799415588,25.443496704101562,26.66572380065918,-0.7965328097343445,0.026782073080539703,129032,,,,,,,,,,,15.42302131652832,15.48163890838623,0.07955475151538849,0.0899403989315033
,177,,,,,,129761,34.430572509765625,0.988006055355072,25.32541847229004,26.518157958984375,-0.7996283769607544,0.026842273771762848,15.284520149230957,15.250685691833496,0.06841381639242172,0.07133349776268005,,,,
34.630496978759766,177,0.7780667543411255,25.427783966064453,26.656726837158203,-0.796878457069397,0.026786502450704575,129761,,,,,,,,,,,15.448311805725098,15.395377159118652,0.07925150543451309,0.08873064070940018
,178,,,,,,130490,34.83657455444336,1.5180144309997559,25.352014541625977,26.911951065063477,-0.7996783256530762,0.026940587908029556,15.459796905517578,15.39760971069336,0.07878710329532623,0.08139912784099579,,,,
34.459716796875,178,0.8173292875289917,25.408281326293945,26.66257667541504,-0.7975243330001831,0.026885630562901497,130490,,,,,,,,,,,15.510610580444336,15.387937545776367,0.0793863832950592,0.08974076807498932
,179,,,,,,131219,33.967567443847656,0.7625726461410522,25.27437400817871,26.30149269104004,-0.8005779981613159,0.026839805766940117,15.225515365600586,15.33537769317627,0.05596185475587845,0.07320646941661835,,,,
34.50228500366211,179,0.8076145052909851,25.37822151184082,26.62441062927246,-0.7976897358894348,0.02690468728542328,131219,,,,,,,,,,,15.47627067565918,15.39806842803955,0.07858307659626007,0.08989384025335312
,180,,,,,,131948,34.58146667480469,1.031799554824829,25.279987335205078,26.448179244995117,-0.8008545637130737,0.02703985385596752,15.193561553955078,15.356355667114258,0.05712185055017471,0.07333610206842422,,,,
34.295684814453125,180,0.7168638706207275,25.352739334106445,26.551774978637695,-0.7981967329978943,0.026956982910633087,131948,,,,,,,,,,,15.424728393554688,15.379066467285156,0.07731609791517258,0.0908014327287674
,181,,,,,,132677,34.489402770996094,1.6736035346984863,25.289155960083008,26.939620971679688,-0.8016847968101501,0.027263931930065155,15.39885425567627,15.423951148986816,0.07443482428789139,0.08829706162214279,,,,
34.29316711425781,181,0.7858529686927795,25.344566345214844,26.56854248046875,-0.798745334148407,0.027024928480386734,132677,,,,,,,,,,,15.441926002502441,15.433392524719238,0.07768028974533081,0.08852889388799667
,182,,,,,,133406,34.339515686035156,1.4702744483947754,25.279983520507812,26.730257034301758,-0.8019585609436035,0.027249205857515335,15.094225883483887,15.45370101928711,0.06942807883024216,0.07360047847032547,,,,
34.25839614868164,182,0.7690358757972717,25.32358169555664,26.533288955688477,-0.7993377447128296,0.027130069211125374,133406,,,,,,,,,,,15.368185043334961,15.35995101928711,0.07764754444360733,0.08739324659109116
,183,,,,,,134135,34.264217376708984,1.213689923286438,25.219409942626953,26.478200912475586,-0.8017350435256958,0.027175985276699066,15.127847671508789,15.2390718460083,0.059401728212833405,0.07098464667797089,,,,
34.104854583740234,183,0.7725676894187927,25.294729232788086,26.506710052490234,-0.7993242144584656,0.02711142599582672,134135,,,,,,,,,,,15.304520606994629,15.317096710205078,0.0777600035071373,0.08737964928150177
,184,,,,,,134864,34.645103454589844,1.05466890335083,25.23084259033203,26.41811752319336,-0.80240398645401,0.027279043570160866,15.044692993164062,15.303963661193848,0.06526198983192444,0.0667230635881424,,,,
34.29296875,184,0.7947989702224731,25.285903930664062,26.500452041625977,-0.799554169178009,0.027142642065882683,134864,,,,,,,,,,,15.286121368408203,15.27599048614502,0.07716074585914612,0.08626469224691391
,185,,,,,,135593,34.76560592651367,1.7328693866729736,25.23141860961914,26.991846084594727,-0.802764892578125,0.02735772728919983,15.202472686767578,15.344731330871582,0.09118174761533737,0.08761970698833466,,,,
34.405067443847656,185,0.795096218585968,25.282711029052734,26.491621017456055,-0.8000280857086182,0.027268707752227783,135593,,,,,,,,,,,15.250226020812988,15.329841613769531,0.07723990082740784,0.08503036946058273
,186,,,,,,136322,34.619388580322266,0.8480667471885681,25.18051528930664,26.248056411743164,-0.8028757572174072,0.02728312835097313,15.0026273727417,15.224699974060059,0.05235155671834946,0.07634561508893967,,,,
34.50554656982422,186,0.7551507353782654,25.250389099121094,26.441364288330078,-0.8007854223251343,0.02728179097175598,136322,,,,,,,,,,,15.26368522644043,15.248968124389648,0.0766860619187355,0.08599215745925903
,187,,,,,,137051,34.66716003417969,0.9280146360397339,25.139347076416016,26.206005096435547,-0.8042204976081848,0.027384692803025246,14.939001083374023,15.140841484069824,0.05376067012548447,0.06676305085420609,,,,
34.49697494506836,187,0.7775020003318787,25.2353458404541,26.43701171875,-0.8011726140975952,0.027337057515978813,137051,,,,,,,,,,,15.211587905883789,15.255130767822266,0.07715047150850296,0.08543242514133453
,188,,,,,,137780,33.96151351928711,0.7452570796012878,25.115230560302734,26.120296478271484,-0.8034909963607788,0.027207976207137108,15.144392967224121,15.12771224975586,0.05579882860183716,0.07069145888090134,,,,
34.23753356933594,188,0.7783312797546387,25.214136123657227,26.412126541137695,-0.8014525175094604,0.027361979708075523,137780,,,,,,,,,,,15.238041877746582,15.177289009094238,0.07619720697402954,0.08557083457708359
,189,,,,,,138509,34.37504577636719,0.8476746082305908,25.120466232299805,26.178030014038086,-0.8041425347328186,0.02731727994978428,15.082763671875,14.987934112548828,0.05670560523867607,0.07003829628229141,,,,
34.23179244995117,189,0.7269665598869324,25.20093536376953,26.365333557128906,-0.8015737533569336,0.02741077169775963,138509,,,,,,,,,,,15.297653198242188,15.177836418151855,0.07544006407260895,0.08474253118038177
,190,,,,,,139238,34.40243911743164,1.0687538385391235,25.103464126586914,26.265695571899414,-0.8050969839096069,0.027529548853635788,15.03553581237793,15.078968048095703,0.057643547654151917,0.06792529672384262,,,,
34.37294006347656,190,0.7794859409332275,25.185956954956055,26.364137649536133,-0.8021931052207947,0.027446581050753593,139238,,,,,,,,,,,15.154257774353027,15.227395057678223,0.07502629607915878,0.08266329765319824
,191,,,,,,139967,34.10725784301758,0.7246717810630798,25.06912612915039,26.0041561126709,-0.8051623106002808,0.027493104338645935,14.966151237487793,15.068464279174805,0.053625136613845825,0.060918599367141724,,,,
34.358192443847656,191,0.749017059803009,25.17925262451172,26.3409366607666,-0.8025463819503784,0.027535250410437584,139967,,,,,,,,,,,15.247828483581543,15.21544361114502,0.07518373429775238,0.08224621415138245
,192,,,,,,140696,34.654598236083984,1.3206232786178589,25.144453048706055,26.508312225341797,-0.8045242428779602,0.027475547045469284,15.049766540527344,15.317334175109863,0.06462661176919937,0.0760781541466713,,,,
34.31624984741211,192,0.810093879699707,25.173585891723633,26.3609619140625,-0.8026213645935059,0.027493899688124657,140696,,,,,,,,,,,15.173514366149902,15.210359573364258,0.07498563826084137,0.08148622512817383
,193,,,,,,141425,34.111183166503906,0.7094210982322693,25.059432983398438,25.9862003326416,-0.8056572675704956,0.027624821290373802,14.94030475616455,15.046506881713867,0.0564437136054039,0.057974107563495636,,,,
34.25682830810547,193,0.7339127063751221,25.150833129882812,26.290205001831055,-0.8029455542564392,0.027514662593603134,141425,,,,,,,,,,,15.143167495727539,15.171255111694336,0.07271167635917664,0.08176927268505096
,194,,,,,,142154,34.24741744995117,0.7283473610877991,25.038537979125977,25.940227508544922,-0.8053995370864868,0.027482327073812485,14.855319023132324,15.016131401062012,0.0476093664765358,0.059889305382966995,,,,
34.24892807006836,194,0.7405194044113159,25.139938354492188,26.282472610473633,-0.8030020594596863,0.027530625462532043,142154,,,,,,,,,,,15.15928840637207,15.14367389678955,0.07289114594459534,0.08156395703554153
,195,,,,,,142883,34.161827087402344,1.139724850654602,25.063295364379883,26.24851417541504,-0.8055441379547119,0.027635138481855392,14.986814498901367,15.126239776611328,0.057091642171144485,0.06597883254289627,,,,
34.18979263305664,195,0.7152461409568787,25.13055419921875,26.253437042236328,-0.8034776449203491,0.027713783085346222,142883,,,,,,,,,,,15.108894348144531,15.12166690826416,0.07348853349685669,0.07955939322710037
,196,,,,,,143612,34.31740951538086,1.2569056749343872,25.041364669799805,26.36113929748535,-0.8066402673721313,0.027839787304401398,14.958989143371582,15.105326652526855,0.05905395746231079,0.07921011745929718,,,,
33.91299057006836,196,0.6994174122810364,25.101436614990234,26.217504501342773,-0.8035779595375061,0.027610106393694878,143612,,,,,,,,,,,15.10688591003418,15.150920867919922,0.0728650763630867,0.08040697872638702
,197,,,,,,144341,34.20844268798828,1.1364694833755493,25.03203582763672,26.2281551361084,-0.8069329857826233,0.02786480449140072,15.056411743164062,15.018967628479004,0.05875096842646599,0.0668298751115799,,,,
34.13762283325195,197,0.7356425523757935,25.100006103515625,26.234651565551758,-0.8038617968559265,0.02766498178243637,144341,,,,,,,,,,,15.095983505249023,15.09043025970459,0.0726461261510849,0.08071982860565186
,198,,,,,,145070,33.9682502746582,0.6000972986221313,24.961833953857422,25.76367950439453,-0.8070809245109558,0.02772614173591137,14.747892379760742,14.834222793579102,0.046174805611371994,0.05418197810649872,,,,
34.107994079589844,198,0.7398613691329956,25.08348846435547,26.22653579711914,-0.8043497204780579,0.02772955596446991,145070,,,,,,,,,,,15.0712251663208,15.058895111083984,0.07284358888864517,0.08178186416625977
,199,,,,,,145799,34.48733901977539,1.0534899234771729,24.998416900634766,26.110897064208984,-0.8070027232170105,0.027825241908431053,14.8499116897583,14.936300277709961,0.05503491684794426,0.062116481363773346,,,,
34.21540451049805,199,0.7189852595329285,25.075645446777344,26.188573837280273,-0.8045509457588196,0.02770516276359558,145799,,,,,,,,,,,14.987981796264648,15.031431198120117,0.0720890611410141,0.078596331179142
,200,,,,,,146528,33.30887985229492,0.6488639116287231,24.894956588745117,25.69365882873535,-0.8075963854789734,0.027700653299689293,14.74876594543457,14.760575294494629,0.04260531812906265,0.05224962532520294,,,,
34.11931610107422,200,0.7501574754714966,25.061782836914062,26.192201614379883,-0.8048465847969055,0.027713902294635773,146528,,,,,,,,,,,15.032198905944824,15.000238418579102,0.07203749567270279,0.07902668416500092
,201,,,,,,147257,34.221187591552734,1.9503782987594604,25.007896423339844,26.83273696899414,-0.8078779578208923,0.02806089259684086,14.98011589050293,15.066337585449219,0.07163970917463303,0.0982905924320221,,,,
34.03744125366211,201,0.7481892108917236,25.044797897338867,26.184906005859375,-0.8048734068870544,0.027833357453346252,147257,,,,,,,,,,,15.067804336547852,14.978447914123535,0.07239123433828354,0.08081013709306717
,202,,,,,,147986,33.99762725830078,1.161702275276184,24.949831008911133,26.147537231445312,-0.8083972930908203,0.028005709871649742,14.840021133422852,14.847594261169434,0.05831291154026985,0.06505586206912994,,,,
33.91688537597656,202,0.7251093983650208,25.03708839416504,26.167524337768555,-0.8051537871360779,0.027764026075601578,147986,,,,,,,,,,,15.006721496582031,14.96770191192627,0.07412393391132355,0.07945892214775085
,203,,,,,,148715,34.07075500488281,1.2386246919631958,24.96380615234375,26.30691146850586,-0.8079447150230408,0.027904611080884933,14.986969947814941,14.877602577209473,0.08297174423933029,0.0617845244705677,,,,
33.78202819824219,203,0.7429842948913574,25.0237979888916,26.154666900634766,-0.8053902387619019,0.027793167158961296,148715,,,,,,,,,,,15.02213191986084,14.969335556030273,0.07280853390693665,0.07907064259052277
,204,,,,,,149444,34.01929473876953,1.2039567232131958,24.948991775512695,26.248857498168945,-0.8080296516418457,0.027841942384839058,14.943475723266602,14.896520614624023,0.05302993953227997,0.08654389530420303,,,,
34.0579833984375,204,0.7176640033721924,25.014501571655273,26.112173080444336,-0.8056620359420776,0.027877934277057648,149444,,,,,,,,,,,15.031477928161621,14.915867805480957,0.0714302584528923,0.07633568346500397
,205,,,,,,150173,34.24675750732422,1.0316232442855835,24.924753189086914,26.079753875732422,-0.8084626197814941,0.02794717624783516,14.70270824432373,14.811854362487793,0.06110543757677078,0.06673041731119156,,,,
33.88249588012695,205,0.7236770391464233,25.00114631652832,26.110164642333984,-0.8060687184333801,0.027957946062088013,150173,,,,,,,,,,,14.973228454589844,14.898186683654785,0.07118099927902222,0.07825402170419693
,206,,,,,,150902,34.376773834228516,1.201642394065857,24.92289161682129,26.20034408569336,-0.8093299865722656,0.028126008808612823,14.929567337036133,14.842273712158203,0.06724553555250168,0.06808110326528549,,,,
34.018829345703125,206,0.6938373446464539,25.005064010620117,26.084674835205078,-0.8059021234512329,0.02795719914138317,150902,,,,,,,,,,,14.945293426513672,14.914401054382324,0.0701727494597435,0.07636560499668121
,207,,,,,,151631,34.11257553100586,0.9893675446510315,24.916549682617188,26.023847579956055,-0.8087638020515442,0.027997205033898354,14.823440551757812,14.88986587524414,0.05532680079340935,0.06719455868005753,,,,
34.03620529174805,207,0.7061933279037476,24.983524322509766,26.07905387878418,-0.8064160346984863,0.028034785762429237,151631,,,,,,,,,,,14.96032428741455,14.906805992126465,0.07106275856494904,0.07742141932249069
,208,,,,,,152360,34.00431823730469,1.0662503242492676,24.89688491821289,26.10055160522461,-0.8098393082618713,0.028207603842020035,14.767302513122559,14.932135581970215,0.05452251061797142,0.07958497107028961,,,,
34.03665542602539,208,0.73269122838974,24.967557907104492,26.069650650024414,-0.8066885471343994,0.028058744966983795,152360,,,,,,,,,,,14.915180206298828,14.88838005065918,0.0706549808382988,0.07649093121290207
,209,,,,,,153089,34.3977165222168,1.676952600479126,24.915590286254883,26.552398681640625,-0.8100132942199707,0.028342660516500473,14.93069839477539,14.846341133117676,0.07216907292604446,0.08749735355377197,,,,
34.04047775268555,209,0.7125921845436096,24.950647354125977,26.042478561401367,-0.807090163230896,0.028055891394615173,153089,,,,,,,,,,,14.901801109313965,14.882518768310547,0.07047951221466064,0.07663732767105103
,210,,,,,,153818,33.736568450927734,0.8348931670188904,24.848115921020508,25.857341766357422,-0.8101298213005066,0.028208788484334946,14.602285385131836,14.859906196594238,0.046172384172677994,0.07217969745397568,,,,
33.937217712402344,210,0.6960461139678955,24.950618743896484,26.024755477905273,-0.8068960905075073,0.02797388844192028,153818,,,,,,,,,,,14.91978931427002,14.883748054504395,0.06969153136014938,0.07553116977214813
,211,,,,,,154547,33.790462493896484,1.2118192911148071,24.868410110473633,26.13466453552246,-0.8096540570259094,0.028250260278582573,14.75950813293457,14.79757308959961,0.06037711352109909,0.07169265300035477,,,,
33.634403228759766,211,0.7075491547584534,24.932785034179688,26.01801109313965,-0.8073063492774963,0.028123728930950165,154547,,,,,,,,,,,14.873747825622559,14.888447761535645,0.07071537524461746,0.07557527720928192
,212,,,,,,155276,33.879459381103516,1.2522934675216675,24.859865188598633,26.170804977416992,-0.8095595240592957,0.028100138530135155,14.75169563293457,14.800422668457031,0.05861932411789894,0.07834390550851822,,,,
33.773555755615234,212,0.6628087759017944,24.916664123535156,25.97631072998047,-0.8075438141822815,0.028122179210186005,155276,,,,,,,,,,,14.832233428955078,14.82658576965332,0.07047004252672195,0.07517839968204498
,213,,,,,,156005,33.9398078918457,0.7849336862564087,24.816598892211914,25.76396369934082,-0.8102758526802063,0.028085244819521904,14.694347381591797,14.71904182434082,0.0534597784280777,0.057516809552907944,,,,
33.83637237548828,213,0.7585612535476685,24.91419792175293,26.017793655395508,-0.8074578642845154,0.028116581961512566,156005,,,,,,,,,,,14.848482131958008,14.806270599365234,0.07092836499214172,0.07393188774585724
,214,,,,,,156734,33.81755828857422,1.1112407445907593,24.82198143005371,26.030349731445312,-0.8108185529708862,0.02834123745560646,14.708086967468262,14.68366813659668,0.05950351059436798,0.07104339450597763,,,,
33.890525817871094,214,0.7740174531936646,24.899776458740234,26.008764266967773,-0.8085248470306396,0.028260888531804085,156734,,,,,,,,,,,14.852767944335938,14.769648551940918,0.06965210288763046,0.07474558800458908
,215,,,,,,157463,33.380863189697266,0.643027126789093,24.772987365722656,25.62582015991211,-0.8106981515884399,0.02809615433216095,14.628528594970703,14.657893180847168,0.04794718325138092,0.058310288935899734,,,,
33.805572509765625,215,0.7189714908599854,24.900894165039062,25.986364364624023,-0.8083198070526123,0.028234191238880157,157463,,,,,,,,,,,14.830910682678223,14.823143005371094,0.07022923231124878,0.07496307045221329
,216,,,,,,158192,33.95042419433594,1.1136984825134277,24.830753326416016,26.063940048217773,-0.8106881380081177,0.02828178182244301,14.710439682006836,14.828805923461914,0.05748564004898071,0.07778256386518478,,,,
33.614376068115234,216,0.7272628545761108,24.883838653564453,25.97278594970703,-0.8088642954826355,0.028267130255699158,158192,,,,,,,,,,,14.841520309448242,14.791910171508789,0.07050065696239471,0.07455962896347046
,217,,,,,,158921,33.808189392089844,0.8288266658782959,24.80548667907715,25.81205177307129,-0.8108530044555664,0.028216680511832237,14.684332847595215,14.652442932128906,0.05923880264163017,0.05919470638036728,,,,
33.72835159301758,217,0.6918055415153503,24.879587173461914,25.934070587158203,-0.8085215091705322,0.028202131390571594,158921,,,,,,,,,,,14.854880332946777,14.767474174499512,0.06867825984954834,0.0730387419462204
,218,,,,,,159650,33.53036117553711,1.2976336479187012,24.816373825073242,26.15835952758789,-0.8112558126449585,0.02843625470995903,14.647908210754395,14.83462142944336,0.06380482017993927,0.07482662051916122,,,,
33.5341682434082,218,0.7023256421089172,24.86028480529785,25.933361053466797,-0.8087186217308044,0.028278719633817673,159650,,,,,,,,,,,14.817286491394043,14.698444366455078,0.07015592604875565,0.07422523200511932
,219,,,,,,160379,33.21887969970703,0.7730166912078857,24.784521102905273,25.699922561645508,-0.8108832836151123,0.028186865150928497,14.627933502197266,14.598514556884766,0.05409873276948929,0.05167737603187561,,,,
33.27442932128906,219,0.6721571087837219,24.869117736816406,25.913848876953125,-0.8088042736053467,0.02828803099691868,160379,,,,,,,,,,,14.79870891571045,14.723830223083496,0.06845520436763763,0.07327446341514587
,220,,,,,,161108,33.31991958618164,0.6977974772453308,24.758209228515625,25.70795249938965,-0.8114560842514038,0.028197024017572403,14.629827499389648,14.606011390686035,0.0512116365134716,0.0689646452665329,,,,
33.405616760253906,220,0.6641789078712463,24.85184097290039,25.895885467529297,-0.8089572191238403,0.0282411128282547,161108,,,,,,,,,,,14.78681468963623,14.705052375793457,0.0690641850233078,0.07332716882228851
,221,,,,,,161837,33.353187561035156,0.6235865354537964,24.7523193359375,25.544315338134766,-0.8113060593605042,0.028117991983890533,14.605411529541016,14.607941627502441,0.044682666659355164,0.051357466727495193,,,,
33.38502502441406,221,0.7327612638473511,24.841232299804688,25.91173553466797,-0.808894693851471,0.02833280712366104,161837,,,,,,,,,,,14.771824836730957,14.73302173614502,0.06893555819988251,0.07189012318849564
,222,,,,,,162566,33.52827453613281,1.3203951120376587,24.779794692993164,26.128177642822266,-0.811438798904419,0.02836579643189907,14.763591766357422,14.57956600189209,0.06316408514976501,0.07447320967912674,,,,
33.339439392089844,222,0.719629168510437,24.82721710205078,25.89508819580078,-0.8089087605476379,0.028305096551775932,162566,,,,,,,,,,,14.763888359069824,14.714298248291016,0.06847166270017624,0.0731344074010849
,223,,,,,,163295,33.81097412109375,1.7602930068969727,24.821849822998047,26.506336212158203,-0.811363160610199,0.028351176530122757,14.69330883026123,14.866632461547852,0.07509494572877884,0.08577742427587509,,,,
33.24184036254883,223,0.7040694355964661,24.815292358398438,25.873668670654297,-0.8096242547035217,0.028409060090780258,163295,,,,,,,,,,,14.740970611572266,14.695889472961426,0.06877189129590988,0.0724964588880539
,224,,,,,,164024,33.071414947509766,0.8319001197814941,24.73711395263672,25.72519874572754,-0.8126544952392578,0.028514022007584572,14.581888198852539,14.696708679199219,0.05773865059018135,0.05668642744421959,,,,
33.24995040893555,224,0.6881259083747864,24.808645248413086,25.843782424926758,-0.8098003268241882,0.02837195061147213,164024,,,,,,,,,,,14.734381675720215,14.73350715637207,0.06764098256826401,0.07057324796915054
,225,,,,,,164753,33.721012115478516,1.4027395248413086,24.767135620117188,26.179473876953125,-0.8124715089797974,0.028509723022580147,14.656245231628418,14.621235847473145,0.07710719108581543,0.06508705765008926,,,,
33.14433288574219,225,0.7142015099525452,24.815261840820312,25.866363525390625,-0.8098821043968201,0.028475552797317505,164753,,,,,,,,,,,14.755348205566406,14.733736038208008,0.06772124767303467,0.07108155637979507
,226,,,,,,165482,32.703330993652344,0.5352484583854675,24.68497085571289,25.42451286315918,-0.8124725222587585,0.028409108519554138,14.541228294372559,14.452994346618652,0.04431968554854393,0.05006322264671326,,,,
33.30061340332031,226,0.6997495889663696,24.798316955566406,25.84130859375,-0.8100911974906921,0.028507543727755547,165482,,,,,,,,,,,14.74293327331543,14.693493843078613,0.0677669495344162,0.07085732370615005
,227,,,,,,166211,33.38780212402344,1.187767505645752,24.729246139526367,26.099449157714844,-0.8127033710479736,0.02849314920604229,14.62215518951416,14.708964347839355,0.08188507705926895,0.07337575405836105,,,,
33.01780319213867,227,0.7314491868019104,24.779430389404297,25.83730125427246,-0.8105408549308777,0.028485938906669617,166211,,,,,,,,,,,14.666813850402832,14.701727867126465,0.0669117271900177,0.07152025401592255
,228,,,,,,166940,32.86329650878906,0.6123931407928467,24.69462013244629,25.471635818481445,-0.8122546076774597,0.028182653710246086,14.47744369506836,14.603827476501465,0.043079350143671036,0.05108490586280823,,,,
33.192626953125,228,0.6998440623283386,24.77559471130371,25.81919288635254,-0.810417652130127,0.02848145365715027,166940,,,,,,,,,,,14.688498497009277,14.676491737365723,0.06796406954526901,0.07076693326234818
,229,,,,,,167669,33.86617660522461,1.773322582244873,24.767505645751953,26.45601463317871,-0.8133803009986877,0.028673971071839333,14.675873756408691,14.773823738098145,0.06854376196861267,0.09182188659906387,,,,
33.233394622802734,229,0.702404797077179,24.77398109436035,25.824235916137695,-0.8107473850250244,0.028539570048451424,167669,,,,,,,,,,,14.703666687011719,14.692014694213867,0.06828655302524567,0.07152441143989563
,230,,,,,,168398,33.46970748901367,0.9483094811439514,24.690309524536133,25.803110122680664,-0.8137592673301697,0.02863660827279091,14.549260139465332,14.487380027770996,0.06666549295186996,0.061070121824741364,,,,
33.221336364746094,230,0.6829636693000793,24.768665313720703,25.804641723632812,-0.810847818851471,0.02855285443365574,168398,,,,,,,,,,,14.6699857711792,14.671623229980469,0.06843197345733643,0.0704655796289444
,231,,,,,,169127,33.49553680419922,1.075623869895935,24.700529098510742,25.838403701782227,-0.8132562637329102,0.028541112318634987,14.534915924072266,14.546706199645996,0.04729161038994789,0.07271891832351685,,,,
33.294288635253906,231,0.6752424240112305,24.759288787841797,25.78068733215332,-0.8110689520835876,0.0285315103828907,169127,,,,,,,,,,,14.686847686767578,14.632780075073242,0.0667819157242775,0.06997283548116684
,232,,,,,,169856,33.06672286987305,1.0067278146743774,24.698955535888672,25.7459774017334,-0.8131159543991089,0.028566982597112656,14.612425804138184,14.580172538757324,0.05353202670812607,0.05520214885473251,,,,
33.19999694824219,232,0.6962225437164307,24.767356872558594,25.79840850830078,-0.8107209801673889,0.028488991782069206,169856,,,,,,,,,,,14.665493965148926,14.643064498901367,0.06602007150650024,0.07056881487369537
,233,,,,,,170585,33.105777740478516,0.6496406197547913,24.649900436401367,25.49080467224121,-0.8134886026382446,0.028533995151519775,14.460426330566406,14.467982292175293,0.05006146803498268,0.05315437912940979,,,,
33.165958404541016,233,0.6797195076942444,24.75444984436035,25.778759002685547,-0.8108891844749451,0.02852836810052395,170585,,,,,,,,,,,14.60122299194336,14.676909446716309,0.06738808751106262,0.06950649619102478
,234,,,,,,171314,33.667537689208984,1.8867675065994263,24.741384506225586,26.5927734375,-0.8131899237632751,0.028691675513982773,14.842798233032227,14.685440063476562,0.08415097743272781,0.09744803607463837,,,,
33.082759857177734,234,0.6787311434745789,24.743114471435547,25.76679801940918,-0.8110855221748352,0.028524218127131462,171314,,,,,,,,,,,14.7026948928833,14.659589767456055,0.06689624488353729,0.06996511667966843
,235,,,,,,172043,33.168792724609375,0.9456092715263367,24.686840057373047,25.723834991455078,-0.8135445713996887,0.02848505601286888,14.700769424438477,14.445403099060059,0.05063625052571297,0.062204860150814056,,,,
33.12957000732422,235,0.6961342692375183,24.739906311035156,25.76434326171875,-0.811076283454895,0.02852214314043522,172043,,,,,,,,,,,14.677425384521484,14.607611656188965,0.06640345603227615,0.06887104362249374
,236,,,,,,172772,33.309452056884766,0.9072974920272827,24.663986206054688,25.719539642333984,-0.8139259815216064,0.028525786474347115,14.428547859191895,14.484000205993652,0.05886957049369812,0.06151030585169792,,,,
33.26189041137695,236,0.6712092757225037,24.7279052734375,25.741905212402344,-0.8113105297088623,0.028501253575086594,172772,,,,,,,,,,,14.670134544372559,14.53899097442627,0.06640170514583588,0.06928157061338425
,237,,,,,,173501,32.83146667480469,0.5881150960922241,24.64201545715332,25.41366958618164,-0.8138050436973572,0.028551829978823662,14.46104907989502,14.47025203704834,0.04537590220570564,0.050147052854299545,,,,
33.26484298706055,237,0.7170150876045227,24.727516174316406,25.763885498046875,-0.8112556338310242,0.028573740273714066,173501,,,,,,,,,,,14.651208877563477,14.568913459777832,0.06587786972522736,0.06969308108091354
,238,,,,,,174230,33.26115417480469,1.2456423044204712,24.67403221130371,26.025211334228516,-0.8143559098243713,0.028739964589476585,14.632257461547852,14.50716781616211,0.07162991166114807,0.07404663413763046,,,,
33.06096649169922,238,0.686949610710144,24.713211059570312,25.730937957763672,-0.8113360404968262,0.02854962646961212,174230,,,,,,,,,,,14.660257339477539,14.541678428649902,0.06572207808494568,0.06912802904844284
,239,,,,,,174959,33.10014724731445,0.8978205919265747,24.654512405395508,25.599637985229492,-0.8139552474021912,0.028559312224388123,14.573135375976562,14.539251327514648,0.04977221041917801,0.049468282610177994,,,,
33.095542907714844,239,0.6836214065551758,24.700977325439453,25.72161102294922,-0.8121898770332336,0.02868259884417057,174959,,,,,,,,,,,14.64614200592041,14.55819034576416,0.0667949989438057,0.0689726397395134
,240,,,,,,175688,33.9122428894043,2.0566885471343994,24.71017074584961,26.756521224975586,-0.8148275017738342,0.028890548273921013,14.688504219055176,14.676247596740723,0.09768776595592499,0.10591188073158264,,,,
33.096858978271484,240,0.6650253534317017,24.687559127807617,25.693405151367188,-0.8126043081283569,0.028749238699674606,175688,,,,,,,,,,,14.589465141296387,14.547480583190918,0.06565576791763306,0.06901019811630249
,241,,,,,,176417,32.6876220703125,0.5083560347557068,24.595014572143555,25.281404495239258,-0.8145495057106018,0.028551088646054268,14.35604190826416,14.390424728393555,0.04070395231246948,0.04574082791805267,,,,
33.165950775146484,241,0.6841645836830139,24.693552017211914,25.707530975341797,-0.8120101094245911,0.028657162562012672,176417,,,,,,,,,,,14.570923805236816,14.561724662780762,0.06681486964225769,0.06756335496902466
,242,,,,,,177146,32.64470672607422,0.5337713956832886,24.584972381591797,25.318988800048828,-0.815313994884491,0.02875160425901413,14.350606918334961,14.353104591369629,0.04072863981127739,0.052699171006679535,,,,
32.976009368896484,242,0.6505715250968933,24.684473037719727,25.675851821899414,-0.8126704096794128,0.028688061982393265,177146,,,,,,,,,,,14.55932903289795,14.57975959777832,0.06537928432226181,0.06783690303564072
,243,,,,,,177875,32.539268493652344,0.5626392364501953,24.58566665649414,25.32109260559082,-0.8155474066734314,0.028859181329607964,14.33816909790039,14.385502815246582,0.04406037554144859,0.04676518589258194,,,,
32.97214126586914,243,0.66358482837677,24.67982292175293,25.681001663208008,-0.812600314617157,0.028836635872721672,177875,,,,,,,,,,,14.557535171508789,14.515462875366211,0.06580226868391037,0.06807725876569748
,244,,,,,,178604,32.89884948730469,0.8233257532119751,24.607223510742188,25.539365768432617,-0.8146332502365112,0.028664791956543922,14.400882720947266,14.41211986541748,0.04719253256917,0.056904178112745285,,,,
32.93836975097656,244,0.6659392714500427,24.665607452392578,25.668685913085938,-0.8125557899475098,0.028699977323412895,178604,,,,,,,,,,,14.52965259552002,14.502625465393066,0.06597085297107697,0.06804775446653366
,245,,,,,,179333,32.95158767700195,0.6975583434104919,24.594873428344727,25.438335418701172,-0.8147298097610474,0.02860274538397789,14.367326736450195,14.369283676147461,0.04883791133761406,0.0501018650829792,,,,
32.93292236328125,245,0.7042645812034607,24.661680221557617,25.68596649169922,-0.8131110072135925,0.02870345115661621,179333,,,,,,,,,,,14.526345252990723,14.517647743225098,0.06584034860134125,0.0685923844575882
,246,,,,,,180062,33.13479232788086,0.811048150062561,24.602725982666016,25.572460174560547,-0.8150449395179749,0.028641050681471825,14.273173332214355,14.478824615478516,0.04545655846595764,0.06738154590129852,,,,
33.08238983154297,246,0.6303001642227173,24.67115592956543,25.646472930908203,-0.8128700256347656,0.028658952564001083,180062,,,,,,,,,,,14.503032684326172,14.532021522521973,0.06483330577611923,0.06720121204853058
,247,,,,,,180791,32.53986740112305,0.5826128721237183,24.580219268798828,25.403032302856445,-0.815738320350647,0.028839552775025368,14.279075622558594,14.425959587097168,0.05516853556036949,0.05113046616315842,,,,
32.9710578918457,247,0.6706548929214478,24.65370750427246,25.641334533691406,-0.8130292892456055,0.028784526512026787,180791,,,,,,,,,,,14.486770629882812,14.477444648742676,0.06449537724256516,0.06595958024263382
,248,,,,,,181520,32.497859954833984,0.5253551602363586,24.54120635986328,25.237995147705078,-0.8150105476379395,0.028582751750946045,14.352214813232422,14.259378433227539,0.04167170450091362,0.045145925134420395,,,,
32.919342041015625,248,0.679361879825592,24.654626846313477,25.658031463623047,-0.813326358795166,0.028807127848267555,181520,,,,,,,,,,,14.54360580444336,14.481103897094727,0.0655573233962059,0.06718677282333374
,249,,,,,,182249,32.392391204833984,0.6991845369338989,24.560916900634766,25.411184310913086,-0.8161521553993225,0.02892395108938217,14.356165885925293,14.369762420654297,0.048424165695905685,0.051716528832912445,,,,
32.77779006958008,249,0.6433506011962891,24.64160919189453,25.622901916503906,-0.813562273979187,0.02878929115831852,182249,,,,,,,,,,,14.552088737487793,14.456389427185059,0.06485908478498459,0.06706272810697556
,250,,,,,,182978,33.03502655029297,1.2492514848709106,24.596603393554688,25.875192642211914,-0.816210925579071,0.02891368977725506,14.412863731384277,14.47546672821045,0.05998115986585617,0.07080869376659393,,,,
32.80966567993164,250,0.6617217659950256,24.63775062561035,25.627613067626953,-0.813517689704895,0.028880270197987556,182978,,,,,,,,,,,14.531792640686035,14.478787422180176,0.06451496481895447,0.06728619337081909
,251,,,,,,183707,32.775489807128906,0.9811299443244934,24.575241088867188,25.62516212463379,-0.8156127333641052,0.02881944738328457,14.37073802947998,14.410640716552734,0.04933266341686249,0.06254096329212189,,,,
32.85728454589844,251,0.6422427892684937,24.61837387084961,25.600608825683594,-0.8137913346290588,0.02889513224363327,183707,,,,,,,,,,,14.478414535522461,14.472936630249023,0.06512860953807831,0.06709586083889008
,252,,,,,,184436,33.04595947265625,1.1840062141418457,24.58793067932129,25.81045913696289,-0.8163066506385803,0.028882699087262154,14.31539249420166,14.489607810974121,0.06520374864339828,0.06090506166219711,,,,
32.72795104980469,252,0.6806727647781372,24.613494873046875,25.60988998413086,-0.8139386177062988,0.028885483741760254,184436,,,,,,,,,,,14.452576637268066,14.477713584899902,0.06403983384370804,0.06717514246702194
,253,,,,,,185165,33.02685546875,1.4292138814926147,24.60910415649414,26.079702377319336,-0.8157941699028015,0.028975898399949074,14.635939598083496,14.41864013671875,0.08282501250505447,0.06836972385644913,,,,
32.76579284667969,253,0.6913597583770752,24.626415252685547,25.63153839111328,-0.8135445713996887,0.028839249163866043,185165,,,,,,,,,,,14.485721588134766,14.456089973449707,0.06389116495847702,0.06800031661987305
,254,,,,,,185894,32.57836151123047,0.5242008566856384,24.528650283813477,25.248619079589844,-0.8160063624382019,0.02866004966199398,14.28149700164795,14.339336395263672,0.04006282612681389,0.051511503756046295,,,,
32.818424224853516,254,0.659412145614624,24.620983123779297,25.605684280395508,-0.8141079545021057,0.02886982448399067,185894,,,,,,,,,,,14.5318021774292,14.450119972229004,0.06419546902179718,0.06680116802453995
,255,,,,,,186623,32.99197769165039,0.9759839773178101,24.55918312072754,25.588130950927734,-0.8164072036743164,0.028929267078638077,14.32089900970459,14.365254402160645,0.048473797738552094,0.05971497669816017,,,,
32.771095275878906,255,0.695509135723114,24.5969295501709,25.600645065307617,-0.8143013119697571,0.028843073174357414,186623,,,,,,,,,,,14.473172187805176,14.462980270385742,0.06413585692644119,0.06705465912818909
,256,,,,,,187352,32.886722564697266,1.2773730754852295,24.57373809814453,25.910078048706055,-0.8163646459579468,0.028857111930847168,14.411709785461426,14.454806327819824,0.07548655569553375,0.06403695791959763,,,,
32.7588005065918,256,0.7156121730804443,24.59648895263672,25.60611343383789,-0.8140435218811035,0.028844555839896202,187352,,,,,,,,,,,14.45313549041748,14.420068740844727,0.0635209009051323,0.06684856116771698
,257,,,,,,188081,32.73466491699219,1.389543890953064,24.573209762573242,26.021957397460938,-0.8168486952781677,0.029127290472388268,14.539606094360352,14.433558464050293,0.06944019347429276,0.08135312795639038,,,,
32.601314544677734,257,0.6467430591583252,24.599946975708008,25.569019317626953,-0.8140541315078735,0.028876375406980515,188081,,,,,,,,,,,14.510995864868164,14.444414138793945,0.06353756785392761,0.06560032814741135
,258,,,,,,188810,32.72454071044922,0.5269765853881836,24.518091201782227,25.23310661315918,-0.8160392642021179,0.02869728021323681,14.27112865447998,14.214159965515137,0.03852732852101326,0.05178287625312805,,,,
32.82101058959961,258,0.7033287286758423,24.602766036987305,25.600738525390625,-0.8141764998435974,0.028807034716010094,188810,,,,,,,,,,,14.491984367370605,14.415739059448242,0.06291285157203674,0.06634674966335297
,259,,,,,,189539,32.6148796081543,0.7474973201751709,24.514554977416992,25.369672775268555,-0.8170857429504395,0.0288835596293211,14.363268852233887,14.259124755859375,0.0449373722076416,0.05133422836661339,,,,
32.85704803466797,259,0.6067808270454407,24.580127716064453,25.51864242553711,-0.8146756291389465,0.028931930661201477,189539,,,,,,,,,,,14.481643676757812,14.396662712097168,0.06277495622634888,0.06425003707408905
,260,,,,,,190268,33.2552490234375,1.4685431718826294,24.566932678222656,26.0157470703125,-0.8170397281646729,0.029066646471619606,14.410791397094727,14.402361869812012,0.08144640922546387,0.06146157160401344,,,,
32.73517608642578,260,0.617354691028595,24.58078956604004,25.532638549804688,-0.8147300481796265,0.02891279011964798,190268,,,,,,,,,,,14.483983993530273,14.429795265197754,0.06314162909984589,0.0654919445514679
,261,,,,,,190997,32.79456329345703,1.2559163570404053,24.54594612121582,25.85167694091797,-0.8156627416610718,0.028743905946612358,14.423697471618652,14.376111030578613,0.0660785362124443,0.06947893649339676,,,,
32.59761428833008,261,0.675088107585907,24.564876556396484,25.5532283782959,-0.8146880865097046,0.028878532350063324,190997,,,,,,,,,,,14.443001747131348,14.389483451843262,0.0643443763256073,0.0658162459731102
,262,,,,,,191726,32.60552215576172,0.9700899720191956,24.539079666137695,25.569236755371094,-0.8166691064834595,0.028858324512839317,14.38267707824707,14.476560592651367,0.05231470614671707,0.05670631304383278,,,,
32.687808990478516,262,0.6526950597763062,24.562467575073242,25.534744262695312,-0.8141316771507263,0.028857482597231865,191726,,,,,,,,,,,14.42503833770752,14.408805847167969,0.06410433351993561,0.06508202105760574
,263,,,,,,192455,32.76382064819336,1.0029534101486206,24.518030166625977,25.631465911865234,-0.8167599439620972,0.028924910351634026,14.325318336486816,14.410927772521973,0.049537964165210724,0.0728488489985466,,,,
32.71110534667969,263,0.668455183506012,24.563901901245117,25.534358978271484,-0.8149584531784058,0.028965091332793236,192455,,,,,,,,,,,14.442425727844238,14.444711685180664,0.06296743452548981,0.06428460776805878
,264,,,,,,193184,32.66143798828125,1.038188099861145,24.522640228271484,25.708595275878906,-0.8176913261413574,0.0290581826120615,14.296998977661133,14.503384590148926,0.07265951484441757,0.06071024760603905,,,,
32.511131286621094,264,0.6809412837028503,24.54068946838379,25.53237533569336,-0.8152058720588684,0.028951842337846756,193184,,,,,,,,,,,14.434599876403809,14.399543762207031,0.06483406573534012,0.0654100552201271
,265,,,,,,193913,32.45357131958008,0.9261922836303711,24.501516342163086,25.53091812133789,-0.8176057934761047,0.029067642986774445,14.316062927246094,14.318652153015137,0.05324746295809746,0.060006968677043915,,,,
32.32078170776367,265,0.6791718602180481,24.5329647064209,25.515567779541016,-0.815460741519928,0.028993386775255203,193913,,,,,,,,,,,14.453155517578125,14.411170959472656,0.06341588497161865,0.06518979370594025
,266,,,,,,194642,32.99560546875,1.7382688522338867,24.548534393310547,26.25201988220215,-0.8176167607307434,0.02918795496225357,14.405473709106445,14.540093421936035,0.08574962615966797,0.08111654967069626,,,,
32.528018951416016,266,0.660981297492981,24.541364669799805,25.509023666381836,-0.8152999877929688,0.028977299109101295,194642,,,,,,,,,,,14.405393600463867,14.417057037353516,0.06287341564893723,0.06455628573894501
,267,,,,,,195371,32.395843505859375,0.7716103196144104,24.481611251831055,25.348148345947266,-0.8176955580711365,0.029075277969241142,14.17935562133789,14.35796070098877,0.04386192560195923,0.052285272628068924,,,,
32.54058074951172,267,0.6491233706474304,24.52879524230957,25.49172019958496,-0.8156036138534546,0.028971221297979355,195371,,,,,,,,,,,14.39927864074707,14.386411666870117,0.06314116716384888,0.06453029066324234
,268,,,,,,196100,32.88926315307617,1.443679928779602,24.53081703186035,25.95075225830078,-0.8174375891685486,0.029059667140245438,14.293415069580078,14.482803344726562,0.06279384344816208,0.076828233897686,,,,
32.49424743652344,268,0.6458386778831482,24.539907455444336,25.506996154785156,-0.8156681656837463,0.0290305707603693,196100,,,,,,,,,,,14.383797645568848,14.46953010559082,0.06378385424613953,0.06504908204078674
,269,,,,,,196829,32.56871032714844,1.794686198234558,24.539424896240234,26.33451271057129,-0.817326545715332,0.02913515456020832,14.498724937438965,14.451546669006348,0.09396849572658539,0.08557987958192825,,,,
32.318763732910156,269,0.642221212387085,24.524354934692383,25.4831485748291,-0.8156446218490601,0.029009561985731125,196829,,,,,,,,,,,14.382770538330078,14.363730430603027,0.06336663663387299,0.06417454034090042
,270,,,,,,197558,32.64082717895508,1.3323702812194824,24.509920120239258,25.895389556884766,-0.817781925201416,0.0291732270270586,14.345887184143066,14.46090316772461,0.07096272706985474,0.07290151715278625,,,,
32.21683120727539,270,0.6503713726997375,24.51456069946289,25.479511260986328,-0.8152875900268555,0.028984129428863525,197558,,,,,,,,,,,14.38008975982666,14.344127655029297,0.06271056085824966,0.0652451440691948
,271,,,,,,198287,32.4880485534668,1.3398547172546387,24.517208099365234,25.982444763183594,-0.8174168467521667,0.029024889692664146,14.395954132080078,14.39893913269043,0.08145341277122498,0.07760830223560333,,,,
32.374000549316406,271,0.644627571105957,24.51057243347168,25.469932556152344,-0.8157445192337036,0.02898622304201126,198287,,,,,,,,,,,14.348496437072754,14.346824645996094,0.06259264051914215,0.06481608003377914
,272,,,,,,199016,32.52492904663086,1.4090875387191772,24.503171920776367,25.985456466674805,-0.8179987668991089,0.029143577441573143,14.323936462402344,14.38530445098877,0.07505828142166138,0.0804876834154129,,,,
32.23934555053711,272,0.643284797668457,24.50611686706543,25.46039581298828,-0.8156638145446777,0.029007963836193085,199016,,,,,,,,,,,14.353127479553223,14.340217590332031,0.06206315755844116,0.06446666270494461
,273,,,,,,199745,32.87276840209961,1.803589105606079,24.533512115478516,26.28414535522461,-0.8174936771392822,0.029203686863183975,14.428627014160156,14.410974502563477,0.0792466476559639,0.09052511304616928,,,,
32.39658737182617,273,0.6012232303619385,24.516714096069336,25.445993423461914,-0.8157739043235779,0.02907629869878292,199745,,,,,,,,,,,14.35107135772705,14.323406219482422,0.061584994196891785,0.0641462430357933
,274,,,,,,200474,32.29869842529297,0.8688710331916809,24.464712142944336,25.46772003173828,-0.8176521062850952,0.02893991954624653,14.254633903503418,14.3251314163208,0.05445227026939392,0.059262506663799286,,,,
32.203819274902344,274,0.6433961987495422,24.50435447692871,25.457002639770508,-0.8160523176193237,0.029117880389094353,200474,,,,,,,,,,,14.331249237060547,14.380718231201172,0.062229007482528687,0.06395795196294785
,275,,,,,,201203,32.64087677001953,1.2016173601150513,24.477699279785156,25.76842498779297,-0.8191176652908325,0.029328033328056335,14.360115051269531,14.303186416625977,0.06361859291791916,0.07436303049325943,,,,
32.46408462524414,275,0.6479331254959106,24.49673080444336,25.452421188354492,-0.8159315586090088,0.029032932594418526,201203,,,,,,,,,,,14.321919441223145,14.367827415466309,0.06281348317861557,0.06353014707565308
,276,,,,,,201932,32.26712417602539,0.8678819537162781,24.45405387878418,25.439340591430664,-0.8182503581047058,0.029079455882310867,14.140167236328125,14.310868263244629,0.050688114017248154,0.05958390235900879,,,,
32.2705078125,276,0.5902557373046875,24.50250244140625,25.429311752319336,-0.816236674785614,0.02916017547249794,201932,,,,,,,,,,,14.392597198486328,14.3128023147583,0.061920952051877975,0.06441450864076614
,277,,,,,,202661,32.35591506958008,1.0211445093154907,24.460275650024414,25.56873321533203,-0.8190590739250183,0.029364794492721558,14.278366088867188,14.231595993041992,0.05683331936597824,0.06274528056383133,,,,
32.16170883178711,277,0.6103768944740295,24.478534698486328,25.410606384277344,-0.8161493539810181,0.02904277853667736,202661,,,,,,,,,,,14.342304229736328,14.296041488647461,0.06162642315030098,0.06374644488096237
,278,,,,,,203390,31.681011199951172,0.5632639527320862,24.37676429748535,25.062265396118164,-0.8186362385749817,0.02900291420519352,14.17367935180664,14.107711791992188,0.04120640084147453,0.03957062214612961,,,,
32.401554107666016,278,0.6331787705421448,24.485225677490234,25.428665161132812,-0.8162299990653992,0.029089905321598053,203390,,,,,,,,,,,14.357620239257812,14.298483848571777,0.06215604022145271,0.06321629881858826
,279,,,,,,204119,33.080596923828125,2.2035977840423584,24.525062561035156,26.75461769104004,-0.8184331059455872,0.02931249886751175,14.490927696228027,14.483115196228027,0.11550826579332352,0.11004285514354706,,,,
32.32952117919922,279,0.639468789100647,24.47066307067871,25.41649055480957,-0.8166350722312927,0.029153671115636826,204119,,,,,,,,,,,14.337898254394531,14.282865524291992,0.06145976856350899,0.06375367939472198
,280,,,,,,204848,32.07914352416992,0.6836421489715576,24.42449378967285,25.29110336303711,-0.8185274600982666,0.02911464311182499,14.166742324829102,14.228089332580566,0.0527946762740612,0.0521603487432003,,,,
32.279541015625,280,0.6712880730628967,24.46765899658203,25.43341064453125,-0.8163168430328369,0.02907484397292137,204848,,,,,,,,,,,14.312125205993652,14.30298900604248,0.061855874955654144,0.06416428834199905
,281,,,,,,205577,32.7515754699707,1.7973352670669556,24.488521575927734,26.287633895874023,-0.8188982009887695,0.029349498450756073,14.480137825012207,14.406498908996582,0.09270130842924118,0.08738800138235092,,,,
32.210147857666016,281,0.5966551303863525,24.461837768554688,25.385082244873047,-0.8165407180786133,0.02918911725282669,205577,,,,,,,,,,,14.30801773071289,14.270929336547852,0.06140928342938423,0.06358159333467484
,282,,,,,,206306,32.22754669189453,1.1005600690841675,24.44087028503418,25.6280574798584,-0.8189521431922913,0.029268618673086166,14.384186744689941,14.209139823913574,0.07418328523635864,0.0531981885433197,,,,
32.2014045715332,282,0.6383171677589417,24.46725845336914,25.41339111328125,-0.8164576888084412,0.029116518795490265,206306,,,,,,,,,,,14.369412422180176,14.291067123413086,0.0615997277200222,0.0637921541929245
,283,,,,,,207035,32.461524963378906,1.1025781631469727,24.44697380065918,25.589540481567383,-0.8186655044555664,0.029148787260055542,14.255112648010254,14.20534610748291,0.06838628649711609,0.049871012568473816,,,,
32.283607482910156,283,0.6392202973365784,24.458885192871094,25.403226852416992,-0.8166093230247498,0.029088042676448822,207035,,,,,,,,,,,14.326066970825195,14.256383895874023,0.06178415194153786,0.0631614699959755
,284,,,,,,207764,32.25468826293945,1.1116734743118286,24.443378448486328,25.657756805419922,-0.8191279172897339,0.0293214563280344,14.20573616027832,14.382307052612305,0.05620811879634857,0.07549534738063812,,,,
32.18291473388672,284,0.6014822721481323,24.449161529541016,25.36417007446289,-0.817226231098175,0.029185546562075615,207764,,,,,,,,,,,14.279873847961426,14.268448829650879,0.060755833983421326,0.062097225338220596
,285,,,,,,208493,32.33046340942383,1.3224284648895264,24.45475959777832,25.77417755126953,-0.8188290596008301,0.02930513769388199,14.269428253173828,14.250811576843262,0.06860852241516113,0.06303483247756958,,,,
32.13152313232422,285,0.6000663042068481,24.454166412353516,25.3669376373291,-0.8170506358146667,0.02917025238275528,208493,,,,,,,,,,,14.317696571350098,14.271235466003418,0.06038682535290718,0.062165021896362305
,286,,,,,,209222,32.23981857299805,1.2622641324996948,24.444793701171875,25.774818420410156,-0.8185785412788391,0.029108736664056778,14.370855331420898,14.22642993927002,0.06989555060863495,0.06987978518009186,,,,
32.02650451660156,286,0.641217052936554,24.436853408813477,25.37973403930664,-0.8167912364006042,0.029219957068562508,209222,,,,,,,,,,,14.312301635742188,14.214099884033203,0.06101851537823677,0.06344030797481537
,287,,,,,,209951,32.495182037353516,1.7588627338409424,24.46879005432129,26.17152976989746,-0.8182684183120728,0.02913839928805828,14.431037902832031,14.239767074584961,0.09301377832889557,0.07164737582206726,,,,
31.932329177856445,287,0.6472386121749878,24.432880401611328,25.36810302734375,-0.8169355392456055,0.029156917706131935,209951,,,,,,,,,,,14.264568328857422,14.271427154541016,0.05998838320374489,0.062328893691301346
,288,,,,,,210680,32.194332122802734,0.8801028728485107,24.40517234802246,25.489707946777344,-0.8182515501976013,0.02902815490961075,14.234436988830566,14.19604206085205,0.07565825432538986,0.05324134603142738,,,,
32.034427642822266,288,0.633543074131012,24.423864364624023,25.3597354888916,-0.8170055150985718,0.02910308539867401,210680,,,,,,,,,,,14.27389144897461,14.214486122131348,0.06062040850520134,0.0631941705942154
,289,,,,,,211409,32.34834289550781,0.9416351914405823,24.40304946899414,25.426958084106445,-0.8200215697288513,0.029348043724894524,14.178092002868652,14.217510223388672,0.05531131476163864,0.055306803435087204,,,,
32.135799407958984,289,0.6378226280212402,24.421899795532227,25.353342056274414,-0.8175196051597595,0.02914568781852722,211409,,,,,,,,,,,14.272439002990723,14.239253997802734,0.060245245695114136,0.06225923076272011
,290,,,,,,212138,32.597984313964844,1.4711512327194214,24.44660186767578,25.949514389038086,-0.8198460936546326,0.029463153332471848,14.275739669799805,14.291427612304688,0.06526138633489609,0.08820675313472748,,,,
32.29271697998047,290,0.6204870939254761,24.425352096557617,25.346759796142578,-0.8174936771392822,0.029189426451921463,212138,,,,,,,,,,,14.300867080688477,14.2278413772583,0.060328852385282516,0.061903271824121475
,291,,,,,,212867,32.412498474121094,1.1676607131958008,24.412885665893555,25.625659942626953,-0.8194389939308167,0.029225576668977737,14.171219825744629,14.192384719848633,0.07288413494825363,0.05290434509515762,,,,
32.143821716308594,291,0.6381620764732361,24.420204162597656,25.347240447998047,-0.8177537322044373,0.029232174158096313,212867,,,,,,,,,,,14.262696266174316,14.232550621032715,0.060180097818374634,0.06141107901930809
,292,,,,,,213596,32.102848052978516,1.0621070861816406,24.40628433227539,25.605255126953125,-0.8192094564437866,0.029194630682468414,14.215261459350586,14.337960243225098,0.06062355637550354,0.072959303855896,,,,
32.22446823120117,292,0.6310165524482727,24.418872833251953,25.341943740844727,-0.8175930380821228,0.029246434569358826,213596,,,,,,,,,,,14.276997566223145,14.238504409790039,0.06004112586379051,0.061469536274671555
,293,,,,,,214325,32.42740249633789,1.4921115636825562,24.439664840698242,25.961782455444336,-0.8198065757751465,0.02945851720869541,14.207776069641113,14.42164421081543,0.07851702719926834,0.07670105993747711,,,,
32.05801010131836,293,0.6402832865715027,24.4095401763916,25.342342376708984,-0.8176721930503845,0.029244448989629745,214325,,,,,,,,,,,14.259580612182617,14.22569465637207,0.06027999520301819,0.06225833296775818
,294,,,,,,215054,32.562652587890625,1.34689199924469,24.41575050354004,25.705259323120117,-0.8200468420982361,0.02936752326786518,14.195053100585938,14.204310417175293,0.0619032196700573,0.061312176287174225,,,,
32.14853286743164,294,0.6440355777740479,24.418031692504883,25.350112915039062,-0.8178530335426331,0.029249196872115135,215054,,,,,,,,,,,14.296135902404785,14.234246253967285,0.05991851165890694,0.06209329515695572
,295,,,,,,215783,32.141151428222656,0.9890531301498413,24.403892517089844,25.52185821533203,-0.8193532228469849,0.02919667400419712,14.12365436553955,14.286168098449707,0.06402499973773956,0.06066080182790756,,,,
32.149391174316406,295,0.620441734790802,24.397567749023438,25.318052291870117,-0.8175784945487976,0.02920745685696602,215783,,,,,,,,,,,14.225495338439941,14.229454040527344,0.060016974806785583,0.062042705714702606
,296,,,,,,216512,32.7978630065918,2.061885356903076,24.48542594909668,26.536724090576172,-0.8192634582519531,0.029398085549473763,14.358257293701172,14.468587875366211,0.11724789440631866,0.08682475984096527,,,,
32.2335090637207,296,0.6002283096313477,24.41643714904785,25.318729400634766,-0.8176537752151489,0.02921321988105774,216512,,,,,,,,,,,14.272192001342773,14.251873016357422,0.0599181093275547,0.060515087097883224
,297,,,,,,217241,32.10074234008789,1.2430436611175537,24.406383514404297,25.685815811157227,-0.8195899128913879,0.029304349794983864,14.282708168029785,14.262855529785156,0.06407536566257477,0.0675065889954567,,,,
31.949434280395508,297,0.5974828600883484,24.417375564575195,25.31848907470703,-0.817539632320404,0.02934047393500805,217241,,,,,,,,,,,14.287888526916504,14.296050071716309,0.059623315930366516,0.06085439398884773
,298,,,,,,217970,32.393733978271484,1.3731120824813843,24.4178409576416,25.83118438720703,-0.8195579648017883,0.029239116236567497,14.331177711486816,14.238472938537598,0.07560724765062332,0.06975331902503967,,,,
31.851760864257812,298,0.6220791339874268,24.39845848083496,25.31239891052246,-0.8176695704460144,0.029233817011117935,217970,,,,,,,,,,,14.309953689575195,14.277937889099121,0.059433091431856155,0.06114479899406433
,299,,,,,,218699,32.10740661621094,0.988470733165741,24.373292922973633,25.473793029785156,-0.8205000758171082,0.02942419797182083,14.11927604675293,14.144454956054688,0.06489972770214081,0.05635040998458862,,,,
32.01944351196289,299,0.6283041834831238,24.38709259033203,25.30369758605957,-0.8178693652153015,0.029279639944434166,218699,,,,,,,,,,,14.237549781799316,14.222513198852539,0.059232890605926514,0.06125633418560028
,300,,,,,,219428,32.21072006225586,1.2976579666137695,24.3887939453125,25.755800247192383,-0.8203641772270203,0.029469627887010574,14.216452598571777,14.268001556396484,0.060223858803510666,0.08341304212808609,,,,
32.094085693359375,300,0.6106668710708618,24.375455856323242,25.289081573486328,-0.8180662393569946,0.029194088652729988,219428,,,,,,,,,,,14.230813026428223,14.194900512695312,0.06018783897161484,0.06147482246160507
,301,,,,,,220157,32.377716064453125,1.5741163492202759,24.409164428710938,25.969228744506836,-0.820041835308075,0.02935146540403366,14.280648231506348,14.248801231384277,0.07864730805158615,0.07595156878232956,,,,
32.054927825927734,301,0.6118703484535217,24.3698787689209,25.282316207885742,-0.8186845779418945,0.029370982199907303,220157,,,,,,,,,,,14.196443557739258,14.164194107055664,0.060357436537742615,0.060946401208639145
,302,,,,,,220886,31.928438186645508,0.6206318736076355,24.342235565185547,25.139019012451172,-0.8197036385536194,0.029086027294397354,14.105484008789062,14.163963317871094,0.0446978434920311,0.052596867084503174,,,,
32.084259033203125,302,0.6069338321685791,24.372800827026367,25.27986717224121,-0.8182125091552734,0.029197055846452713,220886,,,,,,,,,,,14.206107139587402,14.216412544250488,0.059997621923685074,0.06072133034467697
,303,,,,,,221615,32.17635726928711,1.2865676879882812,24.38591194152832,25.733919143676758,-0.8203129768371582,0.029405515640974045,14.237133026123047,14.171889305114746,0.07062835991382599,0.07031021267175674,,,,
32.00248718261719,303,0.6008447408676147,24.36805534362793,25.27128791809082,-0.818601667881012,0.029312778264284134,221615,,,,,,,,,,,14.203542709350586,14.162751197814941,0.05965219810605049,0.060912810266017914
,304,,,,,,222344,32.36643600463867,1.4578156471252441,24.414669036865234,25.94240379333496,-0.8198023438453674,0.029370281845331192,14.225438117980957,14.336584091186523,0.06791917979717255,0.0918465107679367,,,,
31.962322235107422,304,0.5975106358528137,24.366661071777344,25.262727737426758,-0.8180702328681946,0.029305174946784973,222344,,,,,,,,,,,14.198995590209961,14.214943885803223,0.05929570272564888,0.06016570329666138
,305,,,,,,223073,31.947509765625,1.1829991340637207,24.38496208190918,25.639142990112305,-0.820520281791687,0.029503758996725082,14.175800323486328,14.365952491760254,0.057853344827890396,0.07468580454587936,,,,
32.03669357299805,305,0.604902446269989,24.37720489501953,25.278562545776367,-0.8182798027992249,0.029277293011546135,223073,,,,,,,,,,,14.269357681274414,14.236343383789062,0.05901043489575386,0.060771647840738297
,306,,,,,,223802,32.11042785644531,1.3552669286727905,24.40932273864746,25.817296981811523,-0.8203256130218506,0.029392840340733528,14.267263412475586,14.371563911437988,0.07462798804044724,0.07143554836511612,,,,
31.929445266723633,306,0.58931565284729,24.372224807739258,25.25679588317871,-0.8186407089233398,0.029323820024728775,223802,,,,,,,,,,,14.275766372680664,14.210572242736816,0.05812406167387962,0.059857308864593506
,307,,,,,,224531,32.22166061401367,0.9356935024261475,24.358631134033203,25.324256896972656,-0.8202788233757019,0.02926049381494522,14.118448257446289,14.167672157287598,0.05123017355799675,0.04833065718412399,,,,
32.03516387939453,307,0.5703852772712708,24.36372184753418,25.243532180786133,-0.8185136914253235,0.029250508174300194,224531,,,,,,,,,,,14.250507354736328,14.198426246643066,0.05886135622859001,0.060059305280447006
,308,,,,,,225260,32.129032135009766,1.1895052194595337,24.378562927246094,25.563901901245117,-0.8204431533813477,0.029325833544135094,14.139639854431152,14.24434757232666,0.058953262865543365,0.05916295573115349,,,,
32.01835632324219,308,0.6386500000953674,24.350378036499023,25.26980972290039,-0.8184381723403931,0.029253752902150154,225260,,,,,,,,,,,14.248907089233398,14.140453338623047,0.05963310971856117,0.060385577380657196
,309,,,,,,225989,32.13427734375,0.6752983331680298,24.34449577331543,25.16054916381836,-0.8206539750099182,0.02929518185555935,14.117429733276367,14.120772361755371,0.04436948895454407,0.051307886838912964,,,,
32.07109451293945,309,0.6166837215423584,24.352937698364258,25.256546020507812,-0.8190851807594299,0.029341360554099083,225989,,,,,,,,,,,14.231823921203613,14.174151420593262,0.05912083014845848,0.05993354693055153
,310,,,,,,226718,31.736679077148438,0.899316668510437,24.344837188720703,25.41952133178711,-0.8206791281700134,0.029453100636601448,14.263298988342285,14.26701831817627,0.0683298408985138,0.056675516068935394,,,,
31.931509017944336,310,0.5838581919670105,24.35525894165039,25.247339248657227,-0.8186754584312439,0.02931384928524494,226718,,,,,,,,,,,14.249947547912598,14.193256378173828,0.05946910008788109,0.060558952391147614
,311,,,,,,227447,32.370052337646484,1.6387451887130737,24.390357971191406,26.02123260498047,-0.8199543952941895,0.02930186688899994,14.230794906616211,14.329712867736816,0.0768364667892456,0.08546499162912369,,,,
31.670854568481445,311,0.6392008066177368,24.340871810913086,25.260055541992188,-0.818650484085083,0.02932366356253624,227447,,,,,,,,,,,14.239044189453125,14.235907554626465,0.05966683477163315,0.060249894857406616
,312,,,,,,228176,32.401214599609375,1.5432485342025757,24.395668029785156,25.868043899536133,-0.8206499814987183,0.02951892279088497,14.26452350616455,14.245335578918457,0.06495358794927597,0.07519745081663132,,,,
31.780960083007812,312,0.5869190692901611,24.350004196166992,25.23173713684082,-0.8184524774551392,0.029274730011820793,228176,,,,,,,,,,,14.242426872253418,14.181921005249023,0.05834358558058739,0.059313684701919556
,313,,,,,,228905,31.259601593017578,0.481067031621933,24.287487030029297,24.956003189086914,-0.8210417032241821,0.02932887338101864,14.07424545288086,14.097989082336426,0.03793266788125038,0.04766678810119629,,,,
31.77988624572754,313,0.6112609505653381,24.346994400024414,25.248435974121094,-0.8185110688209534,0.029337165877223015,228905,,,,,,,,,,,14.238539695739746,14.182869911193848,0.05914699286222458,0.060013096779584885
,314,,,,,,229634,31.962005615234375,1.4839051961898804,24.370342254638672,25.89081382751465,-0.8200840353965759,0.029253816232085228,14.337337493896484,14.240508079528809,0.07669209688901901,0.07900932431221008,,,,
31.55243682861328,314,0.6228111386299133,24.322175979614258,25.22490692138672,-0.8192033171653748,0.029373425990343094,229634,,,,,,,,,,,14.25727367401123,14.184473991394043,0.058768823742866516,0.059495020657777786
,315,,,,,,230363,31.801925659179688,0.8142077922821045,24.320087432861328,25.243669509887695,-0.8209230303764343,0.02932257018983364,14.053192138671875,14.260729789733887,0.04563956335186958,0.0576547272503376,,,,
31.811565399169922,315,0.6089062094688416,24.33243179321289,25.226913452148438,-0.8191503286361694,0.029399152845144272,230363,,,,,,,,,,,14.230542182922363,14.168511390686035,0.058938343077898026,0.0590682253241539
,316,,,,,,231092,31.446243286132812,0.686173677444458,24.309133529663086,25.1055850982666,-0.8210426568984985,0.029343916103243828,14.052881240844727,14.15909481048584,0.04036220163106918,0.05031131953001022,,,,
31.750852584838867,316,0.6030915379524231,24.323759078979492,25.21547508239746,-0.8190582990646362,0.029339756816625595,231092,,,,,,,,,,,14.172722816467285,14.1580171585083,0.05822685360908508,0.059806860983371735
,317,,,,,,231821,31.95101547241211,1.5213252305984497,24.372268676757812,25.79354476928711,-0.8205229043960571,0.029520321637392044,14.168195724487305,14.23552417755127,0.06084572896361351,0.0712784081697464,,,,
31.690046310424805,317,0.6244279146194458,24.327722549438477,25.227121353149414,-0.8191179633140564,0.029334967955946922,231821,,,,,,,,,,,14.205114364624023,14.140595436096191,0.057693298906087875,0.05974866449832916
,318,,,,,,232550,32.19945526123047,1.5372309684753418,24.372997283935547,25.894197463989258,-0.8215827345848083,0.029812544584274292,14.245546340942383,14.229491233825684,0.07159089297056198,0.07892590016126633,,,,
31.76759910583496,318,0.6301310062408447,24.329193115234375,25.224815368652344,-0.8191543817520142,0.029403310269117355,232550,,,,,,,,,,,14.206317901611328,14.174599647521973,0.057242557406425476,0.05886988714337349
,319,,,,,,233279,32.08331298828125,1.324860692024231,24.341447830200195,25.666969299316406,-0.8212158679962158,0.029475541785359383,14.103219985961914,14.230827331542969,0.06417572498321533,0.06843879073858261,,,,
31.753986358642578,319,0.5939140915870667,24.310346603393555,25.19312858581543,-0.8193985819816589,0.02946794219315052,233279,,,,,,,,,,,14.167657852172852,14.141575813293457,0.058657899498939514,0.058504849672317505
,320,,,,,,234008,31.46121597290039,0.7148184180259705,24.294506072998047,25.182479858398438,-0.8213438987731934,0.029384871944785118,14.036552429199219,14.184038162231445,0.04196630418300629,0.06414695829153061,,,,
31.80780792236328,320,0.589689314365387,24.31475830078125,25.198598861694336,-0.8194211721420288,0.029344625771045685,234008,,,,,,,,,,,14.181327819824219,14.167119026184082,0.0587124228477478,0.059081900864839554
,321,,,,,,234737,32.0704345703125,1.521579384803772,24.363845825195312,25.925962448120117,-0.8215991854667664,0.029626287519931793,14.111078262329102,14.374302864074707,0.07187632471323013,0.08839136362075806,,,,
31.489608764648438,321,0.5956011414527893,24.308979034423828,25.191913604736328,-0.8196590542793274,0.029430026188492775,234737,,,,,,,,,,,14.205327033996582,14.210150718688965,0.058699917048215866,0.05831824243068695
,322,,,,,,235466,31.880443572998047,1.2439625263214111,24.342382431030273,25.660419464111328,-0.8219361901283264,0.02968635968863964,14.190470695495605,14.149576187133789,0.07097002118825912,0.06823868304491043,,,,
31.584609985351562,322,0.6049308180809021,24.30138397216797,25.19078826904297,-0.8197234272956848,0.02943580597639084,235466,,,,,,,,,,,14.184094429016113,14.161419868469238,0.05841737613081932,0.05897185951471329
,323,,,,,,236195,31.467836380004883,0.5795111656188965,24.29718017578125,25.054611206054688,-0.8209350109100342,0.02935865707695484,14.015678405761719,14.13913345336914,0.04470280185341835,0.048829805105924606,,,,
31.79750633239746,323,0.6033523082733154,24.297758102416992,25.187978744506836,-0.8198766708374023,0.02941129170358181,236195,,,,,,,,,,,14.18755054473877,14.097648620605469,0.058286402374506,0.05942021310329437
,324,,,,,,236924,31.908050537109375,1.246698260307312,24.32685089111328,25.61380386352539,-0.8214892148971558,0.029530340805649757,14.14413070678711,14.191875457763672,0.060038719326257706,0.07267796993255615,,,,
31.755996704101562,324,0.6124407649040222,24.299671173095703,25.190292358398438,-0.81959468126297,0.02939695492386818,236924,,,,,,,,,,,14.193384170532227,14.101536750793457,0.057945746928453445,0.05893327295780182
,325,,,,,,237653,31.878080368041992,1.1737613677978516,24.32310676574707,25.511320114135742,-0.8214594125747681,0.029607903212308884,14.22078800201416,14.153633117675781,0.06701154261827469,0.05325327813625336,,,,
31.789735794067383,325,0.5896125435829163,24.303813934326172,25.173065185546875,-0.8198180794715881,0.029393987730145454,237653,,,,,,,,,,,14.170428276062012,14.121703147888184,0.05691162869334221,0.05797622725367546
,326,,,,,,238382,31.83303451538086,1.3179320096969604,24.337312698364258,25.654796600341797,-0.8214910626411438,0.029650166630744934,14.162768363952637,14.199925422668457,0.05312015861272812,0.07858205586671829,,,,
31.60724639892578,326,0.6165792346000671,24.2912540435791,25.179874420166016,-0.8197667598724365,0.029475007206201553,238382,,,,,,,,,,,14.20287036895752,14.143197059631348,0.05841250345110893,0.05765463039278984
,327,,,,,,239111,31.945138931274414,1.3761615753173828,24.334213256835938,25.78197479248047,-0.8218348622322083,0.029602888971567154,14.260663032531738,14.2040433883667,0.08208603411912918,0.0698501393198967,,,,
31.61277198791504,327,0.5986816883087158,24.291048049926758,25.173202514648438,-0.8195018172264099,0.02942068874835968,239111,,,,,,,,,,,14.160393714904785,14.136488914489746,0.05806269124150276,0.05849860608577728
,328,,,,,,239840,31.345230102539062,0.7065123915672302,24.280485153198242,25.129812240600586,-0.821674108505249,0.029403023421764374,14.174964904785156,14.083902359008789,0.04714648425579071,0.05206965655088425,,,,
31.58225440979004,328,0.5829283595085144,24.290327072143555,25.161041259765625,-0.8200334310531616,0.029418163001537323,239840,,,,,,,,,,,14.185376167297363,14.179784774780273,0.05725564435124397,0.05859680473804474
,329,,,,,,240569,31.58437156677246,1.2487835884094238,24.32280158996582,25.638351440429688,-0.8220503330230713,0.02975969947874546,14.187384605407715,14.200600624084473,0.07940283417701721,0.05882692709565163,,,,
31.424047470092773,329,0.6163111925125122,24.27010154724121,25.158382415771484,-0.8201920986175537,0.029503297060728073,240569,,,,,,,,,,,14.180584907531738,14.14663314819336,0.0576753243803978,0.05834624543786049
,330,,,,,,241298,31.59052085876465,1.1266956329345703,24.314403533935547,25.492443084716797,-0.8214378952980042,0.029471367597579956,14.129594802856445,14.248908996582031,0.06666522473096848,0.056271493434906006,,,,
31.441314697265625,330,0.6165927648544312,24.27549934387207,25.164093017578125,-0.8198162913322449,0.029451478272676468,241298,,,,,,,,,,,14.172725677490234,14.128235816955566,0.05762603133916855,0.05843517929315567
,331,,,,,,242027,31.918760299682617,1.4733997583389282,24.3288516998291,25.830121994018555,-0.822247326374054,0.02971242368221283,14.243705749511719,14.146841049194336,0.08565492182970047,0.06725902110338211,,,,
31.518360137939453,331,0.6062415838241577,24.275331497192383,25.151721954345703,-0.8200196027755737,0.029505519196391106,242027,,,,,,,,,,,14.178096771240234,14.121922492980957,0.056625839322805405,0.05802877992391586
,332,,,,,,242756,31.457448959350586,0.9958973526954651,24.2978458404541,25.368255615234375,-0.8219554424285889,0.029574481770396233,14.025861740112305,14.143901824951172,0.05275888741016388,0.061731401830911636,,,,
31.559507369995117,332,0.5869088768959045,24.271730422973633,25.140256881713867,-0.820235550403595,0.029530541971325874,242756,,,,,,,,,,,14.160066604614258,14.097206115722656,0.05708056315779686,0.0579359270632267
,333,,,,,,243485,31.953327178955078,1.6676615476608276,24.333120346069336,25.908191680908203,-0.8216236233711243,0.0296636950224638,14.11584758758545,14.247421264648438,0.06583363562822342,0.0824173167347908,,,,
31.51160430908203,333,0.589831531047821,24.268449783325195,25.138376235961914,-0.8200951218605042,0.02953016385436058,243485,,,,,,,,,,,14.143182754516602,14.1295747756958,0.05671401694417,0.05828702449798584
,334,,,,,,244214,31.460309982299805,0.7957486510276794,24.28327178955078,25.17277717590332,-0.8223026990890503,0.029616286978125572,14.034032821655273,14.173995018005371,0.04633104428648949,0.05199439823627472,,,,
31.367340087890625,334,0.6000292897224426,24.26551055908203,25.140119552612305,-0.8198078274726868,0.029465023428201675,244214,,,,,,,,,,,14.138036727905273,14.151573181152344,0.056460827589035034,0.05845470353960991
,335,,,,,,244943,31.6854190826416,1.0759414434432983,24.299453735351562,25.44365692138672,-0.8217593431472778,0.029490822926163673,14.11679458618164,14.15869426727295,0.055881112813949585,0.06536734104156494,,,,
31.50135040283203,335,0.6270580291748047,24.269189834594727,25.158964157104492,-0.8200933933258057,0.02944689430296421,244943,,,,,,,,,,,14.150824546813965,14.094151496887207,0.05679130181670189,0.05845906212925911
,336,,,,,,245672,32.07514190673828,1.6474529504776,24.332380294799805,25.972379684448242,-0.8218511939048767,0.029602091759443283,14.261232376098633,14.19531536102295,0.09064820408821106,0.07260697335004807,,,,
31.52518653869629,336,0.6051853895187378,24.259889602661133,25.13170623779297,-0.819928765296936,0.029424306005239487,245672,,,,,,,,,,,14.119879722595215,14.113313674926758,0.05660030245780945,0.057243965566158295
,337,,,,,,246401,31.624126434326172,1.2400486469268799,24.297481536865234,25.52330207824707,-0.8225952386856079,0.029726438224315643,14.097289085388184,14.157451629638672,0.04823889583349228,0.0729193389415741,,,,
31.336503982543945,337,0.5658684968948364,24.257722854614258,25.114532470703125,-0.8202286958694458,0.029429519549012184,246401,,,,,,,,,,,14.138785362243652,14.095538139343262,0.057132747024297714,0.057642217725515366
,338,,,,,,247130,31.544342041015625,1.4115910530090332,24.312440872192383,25.752901077270508,-0.8213112950325012,0.02944101393222809,14.264131546020508,14.271105766296387,0.0666988417506218,0.08023092895746231,,,,
31.47648048400879,338,0.5839399099349976,24.247880935668945,25.114992141723633,-0.8202676177024841,0.029487013816833496,247130,,,,,,,,,,,14.127684593200684,14.09847354888916,0.057072948664426804,0.05795444920659065
,339,,,,,,247859,31.6749324798584,1.1014349460601807,24.28940773010254,25.391138076782227,-0.8218119144439697,0.029497884213924408,14.018279075622559,14.220808982849121,0.048342879861593246,0.06186075881123543,,,,
31.378414154052734,339,0.594449520111084,24.246551513671875,25.11233901977539,-0.8208428621292114,0.029560234397649765,247859,,,,,,,,,,,14.083211898803711,14.105836868286133,0.05644986405968666,0.05725989490747452
,340,,,,,,248588,31.53814697265625,1.1615009307861328,24.288585662841797,25.554981231689453,-0.8217970132827759,0.02953518182039261,14.141533851623535,14.169831275939941,0.05999366194009781,0.07713036239147186,,,,
31.428909301757812,340,0.6038883924484253,24.253040313720703,25.133432388305664,-0.820242166519165,0.029503215104341507,248588,,,,,,,,,,,14.1454496383667,14.101831436157227,0.05716298148036003,0.05852656066417694
,341,,,,,,249317,32.018829345703125,1.7457984685897827,24.33197784423828,26.053424835205078,-0.8229065537452698,0.029907304793596268,14.227582931518555,14.264852523803711,0.08438287675380707,0.08532679826021194,,,,
31.441890716552734,341,0.5884599089622498,24.249507904052734,25.112167358398438,-0.8207262754440308,0.029433153569698334,249317,,,,,,,,,,,14.144182205200195,14.10195541381836,0.05642789602279663,0.05725984647870064
,342,,,,,,250046,31.495920181274414,0.9390414953231812,24.283172607421875,25.358367919921875,-0.8215426802635193,0.02936631441116333,14.166155815124512,14.09497356414795,0.06099523976445198,0.06014200299978256,,,,
31.470367431640625,342,0.5847333073616028,24.23613166809082,25.101062774658203,-0.8209533095359802,0.029511185362935066,250046,,,,,,,,,,,14.094412803649902,14.045524597167969,0.0569675974547863,0.0575486496090889
,343,,,,,,250775,31.249937057495117,0.6447156667709351,24.26485824584961,25.07242774963379,-0.8220999836921692,0.029467958956956863,14.089422225952148,14.181695938110352,0.0445832684636116,0.05245693773031235,,,,
31.4514217376709,343,0.5768334269523621,24.240514755249023,25.101032257080078,-0.8202899098396301,0.029366590082645416,250775,,,,,,,,,,,14.103382110595703,14.09301471710205,0.05650052800774574,0.057925235480070114
,344,,,,,,251504,31.674591064453125,1.168055534362793,24.277938842773438,25.48927879333496,-0.8223273158073425,0.029597675427794456,14.074148178100586,14.1433744430542,0.05997335538268089,0.06549293547868729,,,,
31.478435516357422,344,0.5851646661758423,24.225446701049805,25.089296340942383,-0.82099848985672,0.029531346634030342,251504,,,,,,,,,,,14.105413436889648,14.07762622833252,0.05686766281723976,0.0573870874941349
,345,,,,,,252233,31.304819107055664,0.5402535200119019,24.249223709106445,24.999813079833984,-0.8224925994873047,0.02950943075120449,14.027841567993164,14.084085464477539,0.04820878431200981,0.047885265201330185,,,,
31.47500991821289,345,0.5745334029197693,24.22545051574707,25.08658218383789,-0.8210528492927551,0.0295783132314682,252233,,,,,,,,,,,14.10368824005127,14.028949737548828,0.05628069490194321,0.05848897993564606
,346,,,,,,252962,31.920381546020508,1.2528373003005981,24.287303924560547,25.655961990356445,-0.8221396803855896,0.029438134282827377,14.053378105163574,14.175378799438477,0.07752080261707306,0.07093062251806259,,,,
31.473569869995117,346,0.6001765727996826,24.226884841918945,25.094728469848633,-0.821134090423584,0.029606711119413376,252962,,,,,,,,,,,14.098814010620117,14.049837112426758,0.05593620240688324,0.05761438608169556
,347,,,,,,253691,31.564496994018555,0.78062903881073,24.24738883972168,25.12809181213379,-0.822798490524292,0.029530243948101997,13.97500228881836,14.050399780273438,0.04588407650589943,0.052191585302352905,,,,
31.668563842773438,347,0.5782660245895386,24.225284576416016,25.08126449584961,-0.8209034204483032,0.029533712193369865,253691,,,,,,,,,,,14.0769624710083,14.042919158935547,0.05629655718803406,0.05707452818751335
,348,,,,,,254420,31.686542510986328,0.9233006834983826,24.250743865966797,25.25852394104004,-0.8226680159568787,0.029590358957648277,13.971857070922852,14.04874324798584,0.04859341308474541,0.06063328683376312,,,,
31.587520599365234,348,0.5534073114395142,24.22644805908203,25.06740379333496,-0.8211833238601685,0.029554491862654686,254420,,,,,,,,,,,14.06054401397705,14.046127319335938,0.05544806271791458,0.057401854544878006
,349,,,,,,255149,31.76870346069336,1.0198314189910889,24.25918197631836,25.31947135925293,-0.8231334686279297,0.02975398674607277,14.060132026672363,14.00482177734375,0.05276120454072952,0.05731070786714554,,,,
31.664958953857422,349,0.5949406623840332,24.20578956604004,25.071382522583008,-0.821450412273407,0.02956962399184704,255149,,,,,,,,,,,14.062470436096191,13.999258041381836,0.05672642961144447,0.056897785514593124
,350,,,,,,255878,31.61945915222168,1.1653611660003662,24.264089584350586,25.48597526550293,-0.8218016624450684,0.02940833568572998,14.183377265930176,14.076704025268555,0.06553133577108383,0.0623057559132576,,,,
31.54754066467285,350,0.5988380908966064,24.221839904785156,25.087574005126953,-0.8214766383171082,0.029682012274861336,255878,,,,,,,,,,,14.066702842712402,14.022180557250977,0.05660342797636986,0.05665723606944084
,351,,,,,,256607,31.64655876159668,1.087653636932373,24.26791000366211,25.405242919921875,-0.8225985765457153,0.029571302235126495,14.146828651428223,14.11216926574707,0.059592876583337784,0.05910728871822357,,,,
31.34992027282715,351,0.5996314287185669,24.20571517944336,25.07909393310547,-0.8208942413330078,0.02952551655471325,256607,,,,,,,,,,,14.129838943481445,14.027350425720215,0.05682874470949173,0.05788687616586685
,352,,,,,,257336,31.624732971191406,0.8844268918037415,24.252586364746094,25.215938568115234,-0.8226659297943115,0.02949349582195282,13.992178916931152,14.129522323608398,0.04945953190326691,0.05477086082100868,,,,
31.42759132385254,352,0.5844769477844238,24.213214874267578,25.07050132751465,-0.8212183713912964,0.02955789305269718,257336,,,,,,,,,,,14.11989974975586,14.086488723754883,0.055590901523828506,0.05741530656814575
,353,,,,,,258065,31.217926025390625,0.4736376404762268,24.24260139465332,24.918581008911133,-0.82233065366745,0.029389867559075356,14.092796325683594,14.086182594299316,0.04846150800585747,0.039368703961372375,,,,
31.457822799682617,353,0.58562833070755,24.221128463745117,25.0689754486084,-0.8209473490715027,0.029527077451348305,258065,,,,,,,,,,,14.103625297546387,14.06024169921875,0.054891109466552734,0.05611537769436836
,354,,,,,,258794,32.245445251464844,2.001218557357788,24.312089920043945,26.244617462158203,-0.8232418894767761,0.02986142784357071,14.193998336791992,14.257028579711914,0.07998143136501312,0.10640348494052887,,,,
31.446596145629883,354,0.5933060646057129,24.204954147338867,25.059429168701172,-0.8217546939849854,0.02965603768825531,258794,,,,,,,,,,,14.071526527404785,14.063496589660645,0.05494540557265282,0.05662061274051666
,355,,,,,,259523,31.155439376831055,0.6938822865486145,24.212732315063477,25.068510055541992,-0.8228549957275391,0.029579119756817818,14.006715774536133,14.05552864074707,0.041617002338171005,0.060151100158691406,,,,
31.3848876953125,355,0.5819768309593201,24.182342529296875,25.03876495361328,-0.8217865228652954,0.029630372300744057,259523,,,,,,,,,,,14.083593368530273,14.003521919250488,0.05649985745549202,0.056587398052215576
,356,,,,,,260252,31.884035110473633,0.9757852554321289,24.245708465576172,25.29693603515625,-0.8232541084289551,0.02963154949247837,14.059700012207031,14.055824279785156,0.050647005438804626,0.06202419102191925,,,,
31.499292373657227,356,0.6274784803390503,24.191390991210938,25.0743465423584,-0.8212832808494568,0.02956954948604107,260252,,,,,,,,,,,14.05859375,14.048162460327148,0.057003628462553024,0.056841302663087845
,357,,,,,,260981,31.75126075744629,0.9653754830360413,24.242101669311523,25.310617446899414,-0.8221962451934814,0.02941303513944149,14.106744766235352,14.07444953918457,0.05340106412768364,0.06376321613788605,,,,
31.67946434020996,357,0.6077138185501099,24.19125747680664,25.0592098236084,-0.821421205997467,0.029603060334920883,260981,,,,,,,,,,,14.07674789428711,14.01220703125,0.05588841810822487,0.05693041533231735
,358,,,,,,261710,31.291719436645508,0.5584174990653992,24.21051788330078,24.986482620239258,-0.8224255442619324,0.029302025213837624,14.0360746383667,14.102344512939453,0.04880380630493164,0.0505526140332222,,,,
31.58066177368164,358,0.5823330283164978,24.18582534790039,25.032737731933594,-0.8216663599014282,0.029598787426948547,261710,,,,,,,,,,,14.05810832977295,14.029533386230469,0.05521203577518463,0.05593917518854141
,359,,,,,,262439,31.890317916870117,1.5753313302993774,24.26920509338379,25.800151824951172,-0.8232094049453735,0.02982655167579651,14.159372329711914,14.143780708312988,0.06768137216567993,0.08097431808710098,,,,
31.44802474975586,359,0.5711942911148071,24.18959617614746,25.03295135498047,-0.821811318397522,0.029621144756674767,262439,,,,,,,,,,,14.088913917541504,14.05030632019043,0.05571059137582779,0.055843111127614975
,360,,,,,,263168,31.620159149169922,1.1401989459991455,24.266260147094727,25.46798324584961,-0.8236516714096069,0.029955169185996056,14.129261016845703,14.071964263916016,0.05380120500922203,0.07252644747495651,,,,
31.389297485351562,360,0.5716034173965454,24.182613372802734,25.027297973632812,-0.8220064043998718,0.029655618593096733,263168,,,,,,,,,,,14.036478996276855,14.019315719604492,0.05557883903384209,0.056194890290498734
,361,,,,,,263897,31.449548721313477,1.057018518447876,24.23050308227539,25.41292953491211,-0.8232390880584717,0.02971167303621769,14.121837615966797,14.102314949035645,0.06510604918003082,0.06567586958408356,,,,
31.271751403808594,361,0.6072342991828918,24.166889190673828,25.032224655151367,-0.8222317695617676,0.029692942276597023,263897,,,,,,,,,,,14.051787376403809,14.023237228393555,0.054986223578453064,0.05735655874013901
,362,,,,,,264626,31.733976364135742,1.4876585006713867,24.2590274810791,25.775535583496094,-0.8236238956451416,0.029797090217471123,14.094804763793945,14.13843822479248,0.0755857527256012,0.07895148545503616,,,,
31.42780113220215,362,0.5750030875205994,24.17496109008789,25.01764678955078,-0.8221032619476318,0.02964138612151146,264626,,,,,,,,,,,14.084025382995605,14.024101257324219,0.055007003247737885,0.05602935701608658
,363,,,,,,265355,31.723798751831055,1.4616769552230835,24.243785858154297,25.74360466003418,-0.8236973285675049,0.029847754165530205,14.10169506072998,14.102209091186523,0.07898693531751633,0.07480628043413162,,,,
31.367164611816406,363,0.6014197468757629,24.163551330566406,25.022512435913086,-0.8220407962799072,0.029627278447151184,265355,,,,,,,,,,,14.059477806091309,13.999618530273438,0.05566678196191788,0.05598524212837219
,364,,,,,,266084,31.402999877929688,1.192135214805603,24.232616424560547,25.503740310668945,-0.8241443634033203,0.02995883673429489,14.107739448547363,14.095317840576172,0.0639086440205574,0.07110565155744553,,,,
31.28012466430664,364,0.5678827166557312,24.151344299316406,24.995771408081055,-0.822208046913147,0.029700519517064095,266084,,,,,,,,,,,14.06747817993164,13.98354721069336,0.05539117753505707,0.056706685572862625
,365,,,,,,266813,31.516569137573242,1.4422940015792847,24.250638961791992,25.78238296508789,-0.8234869837760925,0.02980128489434719,14.107237815856934,14.230300903320312,0.08116159588098526,0.08095580339431763,,,,
31.171707153320312,365,0.5479503870010376,24.16557502746582,24.999502182006836,-0.8221943974494934,0.029709506779909134,266813,,,,,,,,,,,14.068036079406738,14.03293514251709,0.055411871522665024,0.05657961592078209
,366,,,,,,267542,31.371822357177734,1.2117120027542114,24.232633590698242,25.56192398071289,-0.8239058256149292,0.02993530035018921,14.182659149169922,14.107298851013184,0.07798183709383011,0.06670789420604706,,,,
31.223331451416016,366,0.5872863531112671,24.15407371520996,25.004600524902344,-0.8222588300704956,0.02974330075085163,267542,,,,,,,,,,,14.05876636505127,14.04101276397705,0.055098701268434525,0.056277163326740265
,367,,,,,,268271,31.588823318481445,1.1401116847991943,24.23904037475586,25.459491729736328,-0.8233959674835205,0.02971818298101425,14.053986549377441,14.14693546295166,0.06470832228660583,0.06537140160799026,,,,
31.34592056274414,367,0.5865303874015808,24.15993881225586,25.006542205810547,-0.8221771121025085,0.029681462794542313,268271,,,,,,,,,,,14.058451652526855,14.05216121673584,0.054587941616773605,0.056080348789691925
,368,,,,,,269000,31.314786911010742,0.7496386170387268,24.205808639526367,25.141796112060547,-0.8228451013565063,0.029560333117842674,14.04631233215332,14.003876686096191,0.054482780396938324,0.05775059387087822,,,,
31.45794677734375,368,0.5750578045845032,24.16819953918457,25.01138687133789,-0.8221282958984375,0.0296332985162735,269000,,,,,,,,,,,14.052035331726074,13.99814224243164,0.05465831980109215,0.05647287890315056
,369,,,,,,269729,31.291196823120117,1.2120894193649292,24.221939086914062,25.543176651000977,-0.8227366805076599,0.02952379174530506,14.13675308227539,14.068446159362793,0.08083966374397278,0.06219896301627159,,,,
31.30534553527832,369,0.5683507323265076,24.160419464111328,24.998165130615234,-0.8221673965454102,0.029650963842868805,269729,,,,,,,,,,,14.066935539245605,14.011451721191406,0.054632775485515594,0.056080788373947144
,370,,,,,,270458,31.49950408935547,0.8557590842247009,24.215391159057617,25.1486759185791,-0.825096070766449,0.030102061107754707,13.978658676147461,14.078886032104492,0.046857498586177826,0.05422409623861313,,,,
31.212810516357422,370,0.5765694975852966,24.147798538208008,24.99297523498535,-0.8222567439079285,0.029652277007699013,270458,,,,,,,,,,,14.067590713500977,14.0246000289917,0.05470115318894386,0.05667387694120407
,371,,,,,,271187,31.55502700805664,1.4064722061157227,24.24066162109375,25.69329833984375,-0.8242099285125732,0.029953034594655037,14.136261940002441,14.140921592712402,0.0666627362370491,0.08321869373321533,,,,
31.17949104309082,371,0.6159752011299133,24.160228729248047,25.032733917236328,-0.8224749565124512,0.029706789180636406,271187,,,,,,,,,,,14.094958305358887,14.077347755432129,0.05596631392836571,0.056936170905828476
,372,,,,,,271916,31.314117431640625,1.1615439653396606,24.23687744140625,25.444887161254883,-0.8242833614349365,0.029959701001644135,14.160761833190918,14.09395980834961,0.05633942410349846,0.06911275535821915,,,,
31.2850284576416,372,0.5507259964942932,24.134477615356445,24.962434768676758,-0.8226133584976196,0.029673300683498383,271916,,,,,,,,,,,14.056131362915039,14.003019332885742,0.05500056594610214,0.055520325899124146
,373,,,,,,272645,31.437564849853516,1.285605788230896,24.222084045410156,25.56407928466797,-0.8238459825515747,0.029742278158664703,14.171958923339844,14.146082878112793,0.07631639391183853,0.06352183222770691,,,,
31.07154655456543,373,0.5739149451255798,24.149776458740234,24.988527297973633,-0.8227769136428833,0.02978462167084217,272645,,,,,,,,,,,14.155938148498535,14.101313591003418,0.05443583428859711,0.055924102663993835
,374,,,,,,273374,31.40167808532715,1.259866714477539,24.222917556762695,25.515913009643555,-0.8243807554244995,0.02999034710228443,14.074424743652344,14.117813110351562,0.07455185055732727,0.05806278437376022,,,,
31.2834529876709,374,0.5702183246612549,24.13780975341797,24.980100631713867,-0.822528064250946,0.029695117846131325,273374,,,,,,,,,,,14.047297477722168,14.006543159484863,0.054673101752996445,0.05676424875855446
,375,,,,,,274103,31.54265594482422,1.3716750144958496,24.211851119995117,25.600811004638672,-0.8241406083106995,0.02990030124783516,14.11713695526123,14.082781791687012,0.0683051198720932,0.07231522351503372,,,,
31.114946365356445,375,0.5864830613136292,24.12685775756836,24.97565269470215,-0.822575032711029,0.02962757647037506,274103,,,,,,,,,,,14.04885482788086,14.042665481567383,0.0548572912812233,0.0562514029443264
,376,,,,,,274832,31.389352798461914,1.1829286813735962,24.22519302368164,25.525178909301758,-0.8235074877738953,0.02969147264957428,14.017598152160645,14.17856502532959,0.06943085044622421,0.07227468490600586,,,,
31.179946899414062,376,0.5850828289985657,24.133073806762695,24.973812103271484,-0.8226311802864075,0.029632827267050743,274832,,,,,,,,,,,14.035863876342773,14.005207061767578,0.054337434470653534,0.055299192667007446
,377,,,,,,275561,31.763208389282227,1.5923789739608765,24.247648239135742,25.80987548828125,-0.8237308263778687,0.029847456142306328,14.096489906311035,14.264806747436523,0.07215804606676102,0.08105144649744034,,,,
31.19852066040039,377,0.577205240726471,24.133743286132812,24.970521926879883,-0.8226261734962463,0.029659871011972427,275561,,,,,,,,,,,14.045782089233398,14.054900169372559,0.055454760789871216,0.05418498069047928
,378,,,,,,276290,30.9162540435791,0.9233256578445435,24.185359954833984,25.258602142333984,-0.824214518070221,0.029819028452038765,14.025008201599121,14.129023551940918,0.05295184999704361,0.06936986744403839,,,,
31.239871978759766,378,0.5574265718460083,24.132625579833984,24.955007553100586,-0.8226425647735596,0.029714064672589302,276290,,,,,,,,,,,14.054702758789062,13.999903678894043,0.05421724542975426,0.05451479181647301
,379,,,,,,277019,31.454017639160156,1.1648027896881104,24.204370498657227,25.449722290039062,-0.8244413733482361,0.029912343248724937,13.976831436157227,14.15147876739502,0.05067649483680725,0.08191482722759247,,,,
31.0533447265625,379,0.5831118822097778,24.118560791015625,24.962108612060547,-0.8228289484977722,0.02972245216369629,277019,,,,,,,,,,,14.047759056091309,14.008779525756836,0.05486668646335602,0.05553918331861496
,380,,,,,,277748,31.298236846923828,0.8015388250350952,24.179222106933594,25.103532791137695,-0.823573887348175,0.02950599603354931,13.98869514465332,14.008366584777832,0.05683529004454613,0.04787396267056465,,,,
31.169368743896484,380,0.5770960450172424,24.120691299438477,24.961288452148438,-0.822785496711731,0.029684120789170265,277748,,,,,,,,,,,14.021185874938965,14.00816822052002,0.05480089783668518,0.055612850934267044
,381,,,,,,278477,31.345718383789062,1.0869593620300293,24.184247970581055,25.320880889892578,-0.823478639125824,0.02963068149983883,14.073291778564453,14.042001724243164,0.05473044514656067,0.06390315294265747,,,,
31.213838577270508,381,0.5793511271476746,24.117990493774414,24.96211814880371,-0.8228961229324341,0.029737038537859917,278477,,,,,,,,,,,14.035392761230469,13.979000091552734,0.0555386021733284,0.055356428027153015
,382,,,,,,279206,31.138599395751953,0.6631737947463989,24.17143440246582,24.987884521484375,-0.8240431547164917,0.02960691601037979,14.018424034118652,13.916851043701172,0.051469314843416214,0.045507289469242096,,,,
31.161235809326172,382,0.5762637853622437,24.112031936645508,24.94602394104004,-0.8230537176132202,0.029739608988165855,279206,,,,,,,,,,,13.996888160705566,13.985623359680176,0.05484391748905182,0.05432584881782532
,383,,,,,,279935,31.189823150634766,1.1575608253479004,24.183921813964844,25.410261154174805,-0.8240723013877869,0.029721658676862717,14.118318557739258,13.950068473815918,0.07135415077209473,0.05815645307302475,,,,
31.25270652770996,383,0.5889831185340881,24.110416412353516,24.95500373840332,-0.8229701519012451,0.029730752110481262,279935,,,,,,,,,,,14.001436233520508,13.988529205322266,0.054872289299964905,0.055148933082818985
,384,,,,,,280664,31.252107620239258,1.0859719514846802,24.18659210205078,25.378673553466797,-0.8241861462593079,0.029848745092749596,14.033136367797852,14.084999084472656,0.06393241882324219,0.06588767468929291,,,,
31.108610153198242,384,0.5671036243438721,24.106271743774414,24.9388484954834,-0.8232406973838806,0.029711809009313583,280664,,,,,,,,,,,14.022442817687988,13.973946571350098,0.05485697463154793,0.05494619905948639
,385,,,,,,281393,31.428123474121094,1.451986312866211,24.208492279052734,25.75094985961914,-0.8238680362701416,0.0298207625746727,14.148427963256836,14.142980575561523,0.08528738468885422,0.07800919562578201,,,,
31.220046997070312,385,0.5617703795433044,24.110034942626953,24.936500549316406,-0.8230963945388794,0.029721591621637344,281393,,,,,,,,,,,14.026884078979492,13.988249778747559,0.05405239015817642,0.05506346747279167
,386,,,,,,282122,31.1633243560791,0.7969598174095154,24.162174224853516,25.058103561401367,-0.8248164057731628,0.029809415340423584,13.951804161071777,14.03330135345459,0.04484480991959572,0.05464378744363785,,,,
31.138656616210938,386,0.573423445224762,24.105772018432617,24.944686889648438,-0.8228665590286255,0.029698096215724945,282122,,,,,,,,,,,14.046765327453613,13.98898983001709,0.05475451797246933,0.05568869039416313
,387,,,,,,282851,31.404170989990234,1.3986488580703735,24.204147338867188,25.5969181060791,-0.824773371219635,0.03006645478308201,14.100118637084961,14.078001976013184,0.06922396272420883,0.06946323812007904,,,,
31.158191680908203,387,0.5760364532470703,24.102333068847656,24.939788818359375,-0.8233038187026978,0.0298012588173151,282851,,,,,,,,,,,14.03223991394043,13.97286319732666,0.05456758663058281,0.05531918257474899
,388,,,,,,283580,31.13319206237793,0.6577284336090088,24.151348114013672,25.00091552734375,-0.824270486831665,0.029669122770428658,14.065475463867188,13.961923599243164,0.049797043204307556,0.054343707859516144,,,,
31.142295837402344,388,0.5811958312988281,24.09393310546875,24.931554794311523,-0.8231676816940308,0.02971489727497101,283580,,,,,,,,,,,14.040504455566406,14.002313613891602,0.05414552241563797,0.05525742098689079
,389,,,,,,284309,31.60076332092285,1.487442135810852,24.199796676635742,25.649309158325195,-0.8242162466049194,0.029827717691659927,14.157003402709961,14.050164222717285,0.0744662955403328,0.06669547408819199,,,,
31.126827239990234,389,0.577520489692688,24.090795516967773,24.93138313293457,-0.8231526017189026,0.029639961197972298,284309,,,,,,,,,,,14.064607620239258,13.966796875,0.054211124777793884,0.056159596890211105
,390,,,,,,285038,31.304420471191406,0.7552669048309326,24.166494369506836,25.05644416809082,-0.8249115347862244,0.029888032004237175,13.98834228515625,13.995501518249512,0.044481486082077026,0.05797652527689934,,,,
31.213838577270508,390,0.5570030808448792,24.097766876220703,24.92284393310547,-0.8233879804611206,0.029755400493741035,285038,,,,,,,,,,,14.073720932006836,13.948453903198242,0.05515151470899582,0.054163385182619095
,391,,,,,,285767,31.38050079345703,1.649077296257019,24.211870193481445,25.98561668395996,-0.8244198560714722,0.02997751533985138,14.18954849243164,14.236719131469727,0.0918390229344368,0.09800518304109573,,,,
31.113224029541016,391,0.5617194771766663,24.085037231445312,24.907896041870117,-0.8234890103340149,0.029700422659516335,285767,,,,,,,,,,,14.033811569213867,13.98745346069336,0.05386922135949135,0.054529666900634766
,392,,,,,,286496,31.465614318847656,1.380200743675232,24.18619155883789,25.57439422607422,-0.8235477209091187,0.02961604855954647,14.147583961486816,14.089953422546387,0.06515460461378098,0.07446509599685669,,,,
30.889490127563477,392,0.5622586607933044,24.08964729309082,24.91155433654785,-0.8231969475746155,0.02975979819893837,286496,,,,,,,,,,,14.06737232208252,14.011186599731445,0.05427076667547226,0.053885914385318756
,393,,,,,,287225,30.906484603881836,0.8752102255821228,24.146886825561523,25.13507843017578,-0.8241899013519287,0.029661769047379494,14.067438125610352,13.965265274047852,0.060497500002384186,0.04961532726883888,,,,
31.05929183959961,393,0.5608290433883667,24.07465171813965,24.899261474609375,-0.8238508105278015,0.029753753915429115,287225,,,,,,,,,,,14.022429466247559,13.972192764282227,0.05460609123110771,0.05423177406191826
,394,,,,,,287954,30.866422653198242,1.0264164209365845,24.15631866455078,25.29058837890625,-0.8241181373596191,0.02975054830312729,14.104730606079102,14.11977481842041,0.0634106695652008,0.06080283969640732,,,,
30.83438491821289,394,0.6009802222251892,24.070411682128906,24.919095993041992,-0.8231439590454102,0.029689162969589233,287954,,,,,,,,,,,14.034211158752441,13.980982780456543,0.05492834746837616,0.05470873787999153
,395,,,,,,288683,31.042510986328125,1.0724866390228271,24.167680740356445,25.405820846557617,-0.824267566204071,0.02971707098186016,14.116026878356934,14.08596420288086,0.0768774077296257,0.06350432336330414,,,,
30.828083038330078,395,0.5955719947814941,24.08108139038086,24.922618865966797,-0.8231685757637024,0.02975081279873848,288683,,,,,,,,,,,14.099238395690918,14.01341724395752,0.05390575900673866,0.0548403263092041
,396,,,,,,289412,31.212308883666992,1.4422080516815186,24.19321632385254,25.618165969848633,-0.8245348334312439,0.029899880290031433,14.119203567504883,14.093876838684082,0.07067809253931046,0.07008608430624008,,,,
30.92148780822754,396,0.5721578001976013,24.073333740234375,24.904468536376953,-0.8236018419265747,0.029782284051179886,289412,,,,,,,,,,,14.054679870605469,13.96240234375,0.054206475615501404,0.05480888485908508
,397,,,,,,290141,31.12430191040039,1.0374789237976074,24.161598205566406,25.210756301879883,-0.8246102333068848,0.029760606586933136,14.035015106201172,14.005049705505371,0.05203208699822426,0.05405125021934509,,,,
30.95579719543457,397,0.5470442771911621,24.0823917388916,24.901538848876953,-0.8236927390098572,0.02984853833913803,290141,,,,,,,,,,,14.0464506149292,13.990540504455566,0.05418246611952782,0.054947543889284134
,398,,,,,,290870,31.142942428588867,0.9907708168029785,24.153831481933594,25.191265106201172,-0.8246918320655823,0.029931480064988136,13.996528625488281,13.985870361328125,0.04794560372829437,0.06046197563409805,,,,
30.92537498474121,398,0.5733453035354614,24.074342727661133,24.901397705078125,-0.8235680460929871,0.02982591837644577,290870,,,,,,,,,,,14.047950744628906,13.966780662536621,0.053158022463321686,0.05491560697555542
,399,,,,,,291599,31.13932991027832,0.7785449624061584,24.14676284790039,25.01883316040039,-0.8256833553314209,0.030099663883447647,13.945022583007812,13.987399101257324,0.049753520637750626,0.04680825397372246,,,,
30.999040603637695,399,0.5968087315559387,24.062786102294922,24.90536117553711,-0.8239521384239197,0.029820675030350685,291599,,,,,,,,,,,14.052988052368164,13.915487289428711,0.05375741794705391,0.05507567897439003
,400,,,,,,292328,31.684518814086914,1.5584129095077515,24.197778701782227,25.790699005126953,-0.825192928314209,0.030085241422057152,14.124237060546875,14.158474922180176,0.08979687839746475,0.07294401526451111,,,,
31.253767013549805,400,0.5799088478088379,24.078460693359375,24.913042068481445,-0.8237220644950867,0.02981949970126152,292328,,,,,,,,,,,14.031153678894043,13.958916664123535,0.054731518030166626,0.05419518053531647
,401,,,,,,293057,31.190471649169922,1.1005034446716309,24.14783477783203,25.39615821838379,-0.8248782157897949,0.029812008142471313,14.076485633850098,14.10810661315918,0.07111085951328278,0.06849980354309082,,,,
31.14620018005371,401,0.5890799760818481,24.06277847290039,24.903125762939453,-0.8237671852111816,0.0298126433044672,293057,,,,,,,,,,,13.990239143371582,14.002893447875977,0.05408863723278046,0.05506948381662369
,402,,,,,,293786,31.072195053100586,0.6274504065513611,24.117691040039062,24.91420555114746,-0.825764000415802,0.029982423409819603,13.914628982543945,13.952301979064941,0.045402009040117264,0.051157839596271515,,,,
31.11118507385254,402,0.5834037661552429,24.062273025512695,24.898597717285156,-0.8241221904754639,0.029812021180987358,293786,,,,,,,,,,,14.035164833068848,13.946287155151367,0.05464499443769455,0.05428125336766243
,403,,,,,,294515,31.393232345581055,0.815609872341156,24.140413284301758,25.04451560974121,-0.8252931237220764,0.029953284189105034,13.962316513061523,13.944808959960938,0.04653169959783554,0.0527288019657135,,,,
31.233186721801758,403,0.572055459022522,24.05002212524414,24.877071380615234,-0.8243240118026733,0.02981203980743885,294515,,,,,,,,,,,13.96355152130127,13.926180839538574,0.053908687084913254,0.0542958602309227
,404,,,,,,295244,31.607118606567383,1.2708842754364014,24.155942916870117,25.52010154724121,-0.8248265981674194,0.02980826050043106,14.071244239807129,14.006603240966797,0.07032455503940582,0.07542102783918381,,,,
31.175586700439453,404,0.5836191177368164,24.03849220275879,24.86893653869629,-0.823876678943634,0.029802003875374794,295244,,,,,,,,,,,13.97761058807373,13.923789024353027,0.053447674959897995,0.054275162518024445
,405,,,,,,295973,30.852190017700195,0.6773385405540466,24.11492156982422,24.93003273010254,-0.824856162071228,0.029813604429364204,14.030858039855957,13.90006160736084,0.05011691898107529,0.04517161473631859,,,,
31.034286499023438,405,0.5731084942817688,24.055578231811523,24.884796142578125,-0.8237606287002563,0.02978936955332756,295973,,,,,,,,,,,14.025979995727539,13.973523139953613,0.054290544241666794,0.0542430579662323
,406,,,,,,296702,31.265132904052734,1.554132342338562,24.16178321838379,25.77222442626953,-0.8248392939567566,0.029945416375994682,14.163711547851562,14.081571578979492,0.0859176516532898,0.08076270669698715,,,,
31.02680206298828,406,0.5684950947761536,24.039398193359375,24.864364624023438,-0.8241947889328003,0.02980051375925541,296702,,,,,,,,,,,13.993158340454102,13.936924934387207,0.05415040999650955,0.053993191570043564
,407,,,,,,297431,30.755571365356445,0.5034459829330444,24.095779418945312,24.757530212402344,-0.8245164155960083,0.029640203341841698,13.940403938293457,13.865043640136719,0.043311234563589096,0.03869606554508209,,,,
30.97980308532715,407,0.5652269124984741,24.04200553894043,24.86254119873047,-0.8242725133895874,0.02993069961667061,297431,,,,,,,,,,,14.009431838989258,13.919135093688965,0.05348829925060272,0.05409334972500801
,408,,,,,,298160,31.27587890625,1.6154818534851074,24.183815002441406,25.742456436157227,-0.8245067000389099,0.029899129644036293,14.122115135192871,14.151155471801758,0.06886645406484604,0.08131976425647736,,,,
30.920846939086914,408,0.6067132949829102,24.039499282836914,24.887483596801758,-0.8240402340888977,0.029842067509889603,298160,,,,,,,,,,,14.055825233459473,13.918241500854492,0.05391440540552139,0.05501538887619972
,409,,,,,,298889,31.368879318237305,1.3325092792510986,24.153118133544922,25.504566192626953,-0.8252970576286316,0.029936829581856728,14.054583549499512,14.043038368225098,0.05557288974523544,0.08146115392446518,,,,
31.046045303344727,409,0.5734162926673889,24.048612594604492,24.872941970825195,-0.8239968419075012,0.029800962656736374,298889,,,,,,,,,,,14.027355194091797,13.94122314453125,0.05339699238538742,0.05412815511226654
,410,,,,,,299618,30.650272369384766,0.44687068462371826,24.095027923583984,24.711498260498047,-0.8247480988502502,0.029634568840265274,13.976981163024902,13.910670280456543,0.04056283086538315,0.038043197244405746,,,,
30.894990921020508,410,0.5657923221588135,24.035917282104492,24.854217529296875,-0.8242973685264587,0.029849886894226074,299618,,,,,,,,,,,14.032502174377441,13.901824951171875,0.05375077202916145,0.05332949385046959
,411,,,,,,300347,31.312946319580078,1.536248803138733,24.16564178466797,25.757844924926758,-0.8249893188476562,0.029981838539242744,14.090641021728516,14.112000465393066,0.0711837187409401,0.09363310784101486,,,,
31.01486587524414,411,0.5656588077545166,24.028806686401367,24.847774505615234,-0.8246109485626221,0.029882272705435753,300347,,,,,,,,,,,14.023362159729004,13.910215377807617,0.05309136584401131,0.054139040410518646
,412,,,,,,301076,31.002328872680664,0.7390111088752747,24.109569549560547,24.941768646240234,-0.8258759379386902,0.02994149923324585,13.920012474060059,13.986695289611816,0.04065105319023132,0.051887936890125275,,,,
30.97612953186035,412,0.5934106707572937,24.033191680908203,24.872325897216797,-0.824880838394165,0.029912224039435387,301076,,,,,,,,,,,14.030184745788574,13.920300483703613,0.05392365902662277,0.05455908179283142
,413,,,,,,301805,30.953134536743164,0.6775554418563843,24.095312118530273,24.903079986572266,-0.8258431553840637,0.02993324212729931,13.858294486999512,13.964738845825195,0.037837304174900055,0.05596495419740677,,,,
31.178930282592773,413,0.5228179693222046,24.02666473388672,24.823463439941406,-0.8246866464614868,0.029811374843120575,301805,,,,,,,,,,,13.961885452270508,13.916647911071777,0.05289507657289505,0.05418045073747635
,414,,,,,,302534,31.49828338623047,1.6488715410232544,24.169462203979492,25.941307067871094,-0.8252737522125244,0.029967384412884712,14.131356239318848,14.131425857543945,0.09897113591432571,0.09050966799259186,,,,
31.150161743164062,414,0.5652186274528503,24.020723342895508,24.837440490722656,-0.8244810104370117,0.029905954375863075,302534,,,,,,,,,,,13.99040412902832,13.864498138427734,0.05321119725704193,0.053613368421792984
,415,,,,,,303263,30.892723083496094,0.6991474032402039,24.12720489501953,24.96485137939453,-0.82526695728302,0.02988804504275322,13.977795600891113,14.036309242248535,0.05004758760333061,0.0475701168179512,,,,
31.04836654663086,415,0.587959349155426,24.016550064086914,24.84369659423828,-0.8245580196380615,0.029882771894335747,303263,,,,,,,,,,,14.013338088989258,13.927050590515137,0.052955228835344315,0.05367303267121315
,416,,,,,,303992,31.0152530670166,1.1806412935256958,24.13519859313965,25.38868522644043,-0.825433075428009,0.02995920367538929,14.141563415527344,14.04751205444336,0.07777576148509979,0.05485925450921059,,,,
30.921836853027344,416,0.5699551105499268,24.017343521118164,24.838529586791992,-0.8241686224937439,0.029807690531015396,303992,,,,,,,,,,,14.003090858459473,13.945599555969238,0.0531792938709259,0.05406142398715019
,417,,,,,,304721,31.30921173095703,1.2633090019226074,24.1386661529541,25.4428768157959,-0.8257569074630737,0.03010670654475689,14.054232597351074,14.05756664276123,0.07370558381080627,0.060807082802057266,,,,
30.93886375427246,417,0.5689482092857361,24.019237518310547,24.84003448486328,-0.8247172236442566,0.02988431043922901,304721,,,,,,,,,,,14.054874420166016,13.932047843933105,0.053561292588710785,0.05370686203241348
,418,,,,,,305450,30.95131492614746,0.6912464499473572,24.089969635009766,24.879152297973633,-0.825778603553772,0.029943283647298813,13.911775588989258,13.950482368469238,0.04547717422246933,0.04323437437415123,,,,
31.06113624572754,418,0.5603001713752747,24.005123138427734,24.823701858520508,-0.8248373866081238,0.02991178259253502,305450,,,,,,,,,,,13.977428436279297,13.905526161193848,0.05328825116157532,0.05439813807606697
,419,,,,,,306179,31.10894775390625,1.099898338317871,24.112422943115234,25.324068069458008,-0.8253472447395325,0.02976967953145504,14.124604225158691,13.971136093139648,0.07485334575176239,0.05748531594872475,,,,
31.031700134277344,419,0.5537611246109009,24.000123977661133,24.81785011291504,-0.8253384232521057,0.029951559379696846,306179,,,,,,,,,,,13.985136032104492,13.913229942321777,0.05384954437613487,0.054324887692928314
,420,,,,,,306908,31.042613983154297,0.947959303855896,24.109336853027344,25.237445831298828,-0.825471043586731,0.029943237081170082,14.03551959991455,14.004044532775879,0.06664448231458664,0.06417756527662277,,,,
31.09588050842285,420,0.5416712164878845,24.001005172729492,24.80809783935547,-0.8252615332603455,0.029982807114720345,306908,,,,,,,,,,,13.9774808883667,13.939380645751953,0.05328594148159027,0.05396834388375282
,421,,,,,,307637,31.19532012939453,1.472564697265625,24.136425018310547,25.641679763793945,-0.825748085975647,0.03010537661612034,14.078174591064453,14.044963836669922,0.07679122686386108,0.0770048052072525,,,,
31.004283905029297,421,0.5788388848304749,24.010610580444336,24.8304443359375,-0.8243563771247864,0.02980700321495533,307637,,,,,,,,,,,13.990288734436035,13.934014320373535,0.052958305925130844,0.05312548950314522
,422,,,,,,308366,31.202688217163086,1.5300991535186768,24.139806747436523,25.6866512298584,-0.8254880905151367,0.029924457892775536,14.128817558288574,14.048611640930176,0.09419555962085724,0.06216496229171753,,,,
30.902246475219727,422,0.5580387711524963,23.99205207824707,24.800512313842773,-0.8249765038490295,0.029896344989538193,308366,,,,,,,,,,,13.963367462158203,13.92858600616455,0.05270292982459068,0.05318411439657211
,423,,,,,,309095,30.791196823120117,0.5915935635566711,24.06928253173828,24.858320236206055,-0.8260537385940552,0.029880469664931297,13.875383377075195,13.94156265258789,0.04119151458144188,0.05745115131139755,,,,
30.961261749267578,423,0.5397837162017822,23.9910831451416,24.798036575317383,-0.8245670795440674,0.029820779338479042,309095,,,,,,,,,,,13.950148582458496,13.91953182220459,0.05371030792593956,0.05369817465543747
,424,,,,,,309824,31.25616455078125,1.523992657661438,24.14973258972168,25.708518981933594,-0.826823890209198,0.030379796400666237,14.166960716247559,14.04676628112793,0.08595322072505951,0.07340637594461441,,,,
30.856870651245117,424,0.543708324432373,23.9902286529541,24.793310165405273,-0.8253178000450134,0.02990579791367054,309824,,,,,,,,,,,13.996088027954102,13.892704010009766,0.0526815764605999,0.053562093526124954
,425,,,,,,310553,30.97043800354004,1.0736314058303833,24.100929260253906,25.333955764770508,-0.825253963470459,0.029881227761507034,14.003838539123535,14.082908630371094,0.05853543430566788,0.08070574700832367,,,,
30.837108612060547,425,0.5407181978225708,23.985929489135742,24.783737182617188,-0.8252961039543152,0.029974712058901787,310553,,,,,,,,,,,13.977921485900879,13.919679641723633,0.05192572996020317,0.05356745794415474
,426,,,,,,311282,30.715978622436523,1.0025091171264648,24.09952735900879,25.200515747070312,-0.8249734044075012,0.02981017343699932,14.039374351501465,14.031026840209961,0.06135124713182449,0.05859200656414032,,,,
30.89691162109375,426,0.5386428236961365,23.984413146972656,24.783857345581055,-0.8249022364616394,0.02980726957321167,311282,,,,,,,,,,,13.95495891571045,13.908987998962402,0.0524311400949955,0.0535941980779171
,427,,,,,,312011,31.118736267089844,1.615675449371338,24.146284103393555,25.846832275390625,-0.8261475563049316,0.030189137905836105,14.123682022094727,14.195938110351562,0.09019516408443451,0.08834701031446457,,,,
30.876575469970703,427,0.5411314368247986,23.992624282836914,24.791709899902344,-0.8248874545097351,0.029912998899817467,312011,,,,,,,,,,,13.993745803833008,13.9241943359375,0.05238712579011917,0.05331899970769882
,428,,,,,,312740,30.720823287963867,0.8784062266349792,24.090354919433594,25.115699768066406,-0.8255169987678528,0.029943080618977547,13.99845027923584,14.09592056274414,0.059327252209186554,0.05790123715996742,,,,
30.74268341064453,428,0.5985571146011353,23.98783302307129,24.824771881103516,-0.8249965310096741,0.029918020591139793,312740,,,,,,,,,,,13.9915771484375,13.967231750488281,0.05377970635890961,0.05375117436051369
,429,,,,,,313469,31.249717712402344,0.9919199347496033,24.099456787109375,25.19611358642578,-0.8259156346321106,0.029923947528004646,14.030492782592773,13.940511703491211,0.060657743364572525,0.059483565390110016,,,,
30.96817398071289,429,0.5332677364349365,23.98044204711914,24.772132873535156,-0.8252517580986023,0.029947664588689804,313469,,,,,,,,,,,13.966811180114746,13.899382591247559,0.052192673087120056,0.05281849578022957
,430,,,,,,314198,31.1346492767334,0.9760932922363281,24.085844039916992,25.158275604248047,-0.8258134722709656,0.029889460653066635,13.994279861450195,13.939811706542969,0.05546120926737785,0.06141200661659241,,,,
31.130084991455078,430,0.5900202393531799,23.97730255126953,24.80811309814453,-0.8252997994422913,0.029822757467627525,314198,,,,,,,,,,,13.955411911010742,13.855826377868652,0.05321432650089264,0.053946223109960556
,431,,,,,,314927,31.196022033691406,1.367260456085205,24.122421264648438,25.471677780151367,-0.8271092176437378,0.030327020213007927,13.98319149017334,14.02135944366455,0.06436174362897873,0.06876321882009506,,,,
30.906627655029297,431,0.5764809250831604,23.964393615722656,24.78374481201172,-0.8255744576454163,0.029881594702601433,314927,,,,,,,,,,,13.979302406311035,13.85394287109375,0.052927616983652115,0.05329575389623642
,432,,,,,,315656,30.832927703857422,0.9438152313232422,24.10753631591797,25.16963768005371,-0.8262056112289429,0.02997646853327751,14.04088020324707,13.969719886779785,0.04845479875802994,0.06959059089422226,,,,
30.94806671142578,432,0.5995796322822571,23.97808837890625,24.809999465942383,-0.8256983757019043,0.030010679736733437,315656,,,,,,,,,,,13.964540481567383,13.879263877868652,0.052513763308525085,0.053911175578832626
,433,,,,,,316385,31.046405792236328,1.5983238220214844,24.129047393798828,25.786951065063477,-0.8250067234039307,0.02995397336781025,14.24152660369873,14.092302322387695,0.09549758583307266,0.07625122368335724,,,,
30.731496810913086,433,0.559758186340332,23.971174240112305,24.779308319091797,-0.8256369233131409,0.03001031093299389,316385,,,,,,,,,,,13.974132537841797,13.909573554992676,0.05160243809223175,0.05404616892337799
,434,,,,,,317114,31.34329605102539,1.842589020729065,24.149364471435547,26.060514450073242,-0.8261151909828186,0.03016965091228485,14.213252067565918,14.154752731323242,0.095791295170784,0.10218062996864319,,,,
30.878252029418945,434,0.587896466255188,23.97324562072754,24.7917537689209,-0.8253893852233887,0.029946692287921906,317114,,,,,,,,,,,13.943886756896973,13.914937973022461,0.05200234428048134,0.05290690436959267
,435,,,,,,317843,31.295867919921875,1.6556645631790161,24.126771926879883,25.869056701660156,-0.8261080384254456,0.03012445755302906,14.147801399230957,14.127965927124023,0.09335993230342865,0.08952897042036057,,,,
31.00743293762207,435,0.5958419442176819,23.96000099182129,24.78340721130371,-0.8258745670318604,0.029936466366052628,317843,,,,,,,,,,,13.918621063232422,13.874044418334961,0.0522095151245594,0.05288921669125557
,436,,,,,,318572,31.32948112487793,1.2700196504592896,24.101587295532227,25.377365112304688,-0.8266071081161499,0.03015751764178276,14.021435737609863,13.96198844909668,0.06715002655982971,0.061006367206573486,,,,
30.956357955932617,436,0.5651927590370178,23.962343215942383,24.776691436767578,-0.8254795074462891,0.0299439188092947,318572,,,,,,,,,,,13.986189842224121,13.843294143676758,0.05225003510713577,0.05410365015268326
,437,,,,,,319301,31.044586181640625,1.048864722251892,24.075698852539062,25.245365142822266,-0.8263707160949707,0.03007233887910843,13.971343994140625,13.968452453613281,0.05894830450415611,0.07009784877300262,,,,
31.017654418945312,437,0.5534393787384033,23.953590393066406,24.76162338256836,-0.8253729343414307,0.02987084724009037,319301,,,,,,,,,,,13.940436363220215,13.871253967285156,0.053363457322120667,0.05289945378899574
,438,,,,,,320030,30.804744720458984,0.614822268486023,24.055065155029297,24.872974395751953,-0.8261048793792725,0.02994253672659397,13.905357360839844,13.977385520935059,0.04761873930692673,0.05447879806160927,,,,
30.906320571899414,438,0.6059677004814148,23.941238403320312,24.779245376586914,-0.8260398507118225,0.029862916097044945,320030,,,,,,,,,,,13.9290771484375,13.879045486450195,0.05388423055410385,0.05312022566795349
,439,,,,,,320759,30.972986221313477,0.7921645045280457,24.06409454345703,25.01473617553711,-0.8263847827911377,0.029915103688836098,14.043871879577637,13.9256591796875,0.05966061353683472,0.05125027894973755,,,,
31.066638946533203,439,0.5700930953025818,23.943592071533203,24.763935089111328,-0.825914740562439,0.029987910762429237,320759,,,,,,,,,,,13.897476196289062,13.88171100616455,0.05330539494752884,0.053757261484861374
,440,,,,,,321488,30.757986068725586,1.0912331342697144,24.0853214263916,25.168792724609375,-0.8260979056358337,0.030001990497112274,14.086894035339355,13.984081268310547,0.05453520268201828,0.05303593724966049,,,,
30.672210693359375,440,0.5807458758354187,23.93979263305664,24.758533477783203,-0.8253527283668518,0.029921097680926323,321488,,,,,,,,,,,13.950464248657227,13.888615608215332,0.0524747334420681,0.053198982030153275
,441,,,,,,322217,30.958938598632812,1.0231014490127563,24.075977325439453,25.202707290649414,-0.8255861401557922,0.029881037771701813,14.01953125,13.96708869934082,0.06037554517388344,0.0626595988869667,,,,
30.606159210205078,441,0.5588632225990295,23.943384170532227,24.750938415527344,-0.8253316879272461,0.029964355751872063,322217,,,,,,,,,,,13.979390144348145,13.87264633178711,0.0525527261197567,0.05307621508836746
,442,,,,,,322946,30.805349349975586,0.973139226436615,24.067384719848633,25.182889938354492,-0.826409637928009,0.030010519549250603,14.045769691467285,13.971001625061035,0.06848637759685516,0.057299356907606125,,,,
30.82250213623047,442,0.5302516222000122,23.942882537841797,24.736284255981445,-0.8258150815963745,0.029980463907122612,322946,,,,,,,,,,,13.994359970092773,13.863170623779297,0.052289873361587524,0.053366947919130325
,443,,,,,,323675,30.883872985839844,0.6812293529510498,24.05666732788086,24.839435577392578,-0.8272758722305298,0.03017868846654892,13.90645694732666,13.866952896118164,0.03889092057943344,0.04954236373305321,,,,
30.91263771057129,443,0.5674659013748169,23.943132400512695,24.754077911376953,-0.826563835144043,0.03009161166846752,323675,,,,,,,,,,,13.962822914123535,13.881746292114258,0.05238989368081093,0.0530475415289402
,444,,,,,,324404,31.064056396484375,0.9205856323242188,24.058950424194336,25.097000122070312,-0.8261973857879639,0.029815925285220146,13.969348907470703,13.937752723693848,0.052576545625925064,0.0629730299115181,,,,
30.945463180541992,444,0.5618542432785034,23.94681167602539,24.753971099853516,-0.8259077072143555,0.029881324619054794,324404,,,,,,,,,,,13.955982208251953,13.882522583007812,0.05210469663143158,0.05314340814948082
,445,,,,,,325133,30.872879028320312,0.4947199821472168,24.02619743347168,24.701141357421875,-0.8265486359596252,0.02985968627035618,13.897024154663086,13.88206672668457,0.043981779366731644,0.04153241589665413,,,,
30.950740814208984,445,0.5577505826950073,23.93301773071289,24.73894691467285,-0.8264590501785278,0.029959673061966896,325133,,,,,,,,,,,13.93879508972168,13.873662948608398,0.05243103206157684,0.05298157036304474
,446,,,,,,325862,31.00477409362793,0.8754023909568787,24.06572723388672,25.095998764038086,-0.8268334269523621,0.03008769080042839,13.978339195251465,14.004734992980957,0.06460779905319214,0.05390770360827446,,,,
31.01648712158203,446,0.5457380414009094,23.939861297607422,24.73638916015625,-0.8260913491249084,0.03000091388821602,325862,,,,,,,,,,,13.919766426086426,13.890563011169434,0.052360642701387405,0.05236995220184326
,447,,,,,,326591,30.930816650390625,1.1708669662475586,24.080244064331055,25.365232467651367,-0.8273143172264099,0.03020346909761429,14.001717567443848,14.140748977661133,0.06714595854282379,0.07276419550180435,,,,
30.745616912841797,447,0.5618128776550293,23.92780876159668,24.7294979095459,-0.826257050037384,0.030075715854763985,326591,,,,,,,,,,,13.931824684143066,13.907772064208984,0.0522158183157444,0.0519392155110836
,448,,,,,,327320,31.316740036010742,1.075286865234375,24.072235107421875,25.16812515258789,-0.8278049826622009,0.03044157475233078,13.958304405212402,13.940217018127441,0.050667647272348404,0.060983750969171524,,,,
30.968463897705078,448,0.5671108961105347,23.92957878112793,24.736629486083984,-0.826343297958374,0.030018623918294907,327320,,,,,,,,,,,13.951858520507812,13.900693893432617,0.05214822664856911,0.052553754299879074
,449,,,,,,328049,31.341388702392578,1.337174892425537,24.099342346191406,25.554845809936523,-0.8265953660011292,0.03015429712831974,14.089332580566406,14.056227684020996,0.08375471830368042,0.07362238317728043,,,,
31.066194534301758,449,0.5406033396720886,23.92969512939453,24.71919822692871,-0.8264836072921753,0.030095478519797325,328049,,,,,,,,,,,13.936844825744629,13.881229400634766,0.051655273884534836,0.0521874763071537
,450,,,,,,328778,31.42448616027832,1.5273356437683105,24.110109329223633,25.774389266967773,-0.8266239166259766,0.030131692066788673,13.984339714050293,14.238637924194336,0.0723014548420906,0.10781993716955185,,,,
30.92450523376465,450,0.5706058144569397,23.923965454101562,24.73761749267578,-0.8262022733688354,0.02999500371515751,328778,,,,,,,,,,,13.918174743652344,13.873891830444336,0.052534446120262146,0.053138043731451035
,451,,,,,,329507,31.495756149291992,1.8233674764633179,24.11241340637207,25.947553634643555,-0.8271574974060059,0.030244847759604454,14.07862377166748,14.18392562866211,0.08395086973905563,0.10073742270469666,,,,
30.896240234375,451,0.5604979395866394,23.93065071105957,24.73760986328125,-0.8263526558876038,0.030046995729207993,329507,,,,,,,,,,,13.94967269897461,13.926593780517578,0.05303042382001877,0.05231073871254921
,452,,,,,,330236,31.186002731323242,1.3831332921981812,24.09270477294922,25.57124137878418,-0.8271171450614929,0.03023918904364109,14.078322410583496,14.053168296813965,0.07900189608335495,0.07839032262563705,,,,
30.9051456451416,452,0.5797503590583801,23.912796020507812,24.73171615600586,-0.8265691995620728,0.029966354370117188,330236,,,,,,,,,,,13.916695594787598,13.894474983215332,0.05284395441412926,0.05296750366687775
,453,,,,,,330965,31.003284454345703,1.066530704498291,24.06000518798828,25.23317527770996,-0.8264148831367493,0.029915157705545425,14.009756088256836,14.04807186126709,0.06291503459215164,0.06506841629743576,,,,
30.876785278320312,453,0.5562776327133179,23.912954330444336,24.721881866455078,-0.8267346620559692,0.03017677366733551,330965,,,,,,,,,,,13.922060012817383,13.888284683227539,0.05320103093981743,0.052951354533433914
,454,,,,,,331694,30.902992248535156,0.9345034956932068,24.05362319946289,25.141122817993164,-0.827206552028656,0.030109385028481483,13.917008399963379,14.016448020935059,0.05723908543586731,0.06681431084871292,,,,
30.742155075073242,454,0.5354055166244507,23.907882690429688,24.69449234008789,-0.8266124129295349,0.030058348551392555,331694,,,,,,,,,,,13.921403884887695,13.87125301361084,0.05182314291596413,0.05195581540465355
,455,,,,,,332423,31.16492462158203,1.5033339262008667,24.074703216552734,25.602766036987305,-0.8266426920890808,0.03010137565433979,13.996658325195312,14.074747085571289,0.07189638912677765,0.08338401466608047,,,,
30.843801498413086,455,0.5276641249656677,23.922441482543945,24.708391189575195,-0.8263437747955322,0.030082115903496742,332423,,,,,,,,,,,13.920746803283691,13.892638206481934,0.05203881114721298,0.0523856058716774
,456,,,,,,333152,31.295400619506836,1.320900559425354,24.074485778808594,25.419754028320312,-0.8284010887145996,0.030558887869119644,13.946919441223145,13.99448299407959,0.07117998600006104,0.06578590720891953,,,,
31.05034828186035,456,0.5432271361351013,23.91122055053711,24.705595016479492,-0.8265671133995056,0.030040193349123,333152,,,,,,,,,,,13.88829231262207,13.886836051940918,0.0517827644944191,0.05276821181178093
,457,,,,,,333881,30.755146026611328,0.49825409054756165,24.007177352905273,24.664091110229492,-0.8275609016418457,0.030045587569475174,13.811844825744629,13.926583290100098,0.037891171872615814,0.043661296367645264,,,,
30.98033332824707,457,0.5083001255989075,23.901729583740234,24.67638397216797,-0.8265456557273865,0.03002067469060421,333881,,,,,,,,,,,13.890819549560547,13.87375259399414,0.05205106735229492,0.052047956734895706
,458,,,,,,334610,31.072521209716797,1.3292021751403809,24.081396102905273,25.534414291381836,-0.8270028233528137,0.03021736815571785,14.018547058105469,14.086160659790039,0.0702192485332489,0.08745932579040527,,,,
30.778772354125977,458,0.5442591309547424,23.898134231567383,24.695898056030273,-0.8265084624290466,0.029978128150105476,334610,,,,,,,,,,,13.913861274719238,13.87146282196045,0.05224049463868141,0.05288541689515114
,459,,,,,,335339,30.964170455932617,1.2227225303649902,24.06404685974121,25.366727828979492,-0.8269032835960388,0.030137110501527786,14.070884704589844,14.04150390625,0.07549438625574112,0.06276509910821915,,,,
30.73570442199707,459,0.5562235116958618,23.895950317382812,24.697328567504883,-0.8267367482185364,0.030134908854961395,335339,,,,,,,,,,,13.934229850769043,13.866127014160156,0.05234609544277191,0.05230626463890076
,460,,,,,,336068,30.8673095703125,0.9755843877792358,24.040067672729492,25.052339553833008,-0.8265171051025391,0.029955634847283363,13.942625045776367,14.040913581848145,0.05351750925183296,0.05137643963098526,,,,
30.68252944946289,460,0.5385581254959106,23.893619537353516,24.68254852294922,-0.8268822431564331,0.030095214024186134,336068,,,,,,,,,,,13.907134056091309,13.922929763793945,0.05206598713994026,0.05186282843351364
,461,,,,,,336797,30.933866500854492,1.1180884838104248,24.05651092529297,25.309247970581055,-0.8274179100990295,0.03022293746471405,14.060517311096191,14.050004959106445,0.06893554329872131,0.06980594992637634,,,,
30.671918869018555,461,0.5549226403236389,23.893592834472656,24.692033767700195,-0.826346218585968,0.02999701537191868,336797,,,,,,,,,,,13.941596984863281,13.925114631652832,0.051581524312496185,0.05261518433690071
,462,,,,,,337526,30.91019630432129,1.152120590209961,24.05617904663086,25.369909286499023,-0.827127993106842,0.030076075345277786,14.0567626953125,14.071643829345703,0.07745398581027985,0.07008104026317596,,,,
30.758054733276367,462,0.5405873656272888,23.887643814086914,24.678239822387695,-0.8266699314117432,0.030054520815610886,337526,,,,,,,,,,,13.93069839477539,13.902237892150879,0.05185893923044205,0.052202895283699036
,463,,,,,,338255,30.933210372924805,1.3787299394607544,24.075382232666016,25.604597091674805,-0.8274441957473755,0.030244696885347366,14.049286842346191,14.139273643493652,0.08488332480192184,0.08308763802051544,,,,
30.746816635131836,463,0.5313191413879395,23.893434524536133,24.67865562438965,-0.8268758058547974,0.03005058504641056,338255,,,,,,,,,,,13.945172309875488,13.89005184173584,0.05176161229610443,0.05215141549706459
,464,,,,,,338984,31.065731048583984,0.8655965328216553,24.028554916381836,24.956844329833984,-0.8267126083374023,0.02984694205224514,13.901647567749023,13.946922302246094,0.04918794706463814,0.049912985414266586,,,,
30.73593521118164,464,0.5599257349967957,23.894250869750977,24.696556091308594,-0.8267892003059387,0.03007747046649456,338984,,,,,,,,,,,13.930302619934082,13.902480125427246,0.05155188590288162,0.05291738733649254
,465,,,,,,339713,31.173145294189453,1.2843172550201416,24.050691604614258,25.43387794494629,-0.82753586769104,0.03013419359922409,13.990213394165039,14.10983657836914,0.07509186863899231,0.07311306148767471,,,,
30.906234741210938,465,0.5305669903755188,23.88683319091797,24.671876907348633,-0.8267343044281006,0.030045274645090103,339713,,,,,,,,,,,13.88884449005127,13.862641334533691,0.05188989266753197,0.05206501483917236
,466,,,,,,340442,31.014381408691406,1.281944990158081,24.05772590637207,25.487098693847656,-0.827955961227417,0.03035624511539936,14.051114082336426,14.142692565917969,0.07675961405038834,0.08091721683740616,,,,
30.85145378112793,466,0.5605363845825195,23.878067016601562,24.682703018188477,-0.827179491519928,0.030038857832551003,340442,,,,,,,,,,,13.912372589111328,13.892386436462402,0.05188427492976189,0.05298697203397751
,467,,,,,,341171,30.78380584716797,1.087361454963684,24.032129287719727,25.301761627197266,-0.8276166915893555,0.030238213017582893,13.96297836303711,14.038492202758789,0.07233735918998718,0.07284913957118988,,,,
30.75409507751465,467,0.5518286824226379,23.880300521850586,24.675884246826172,-0.8269551992416382,0.03006419911980629,341171,,,,,,,,,,,13.887507438659668,13.897638320922852,0.05157246068120003,0.05236467719078064
,468,,,,,,341900,30.965322494506836,0.8969940543174744,24.027498245239258,25.097909927368164,-0.827277660369873,0.02998501993715763,14.002572059631348,13.96438217163086,0.07451321184635162,0.04987112805247307,,,,
30.821866989135742,468,0.5246729850769043,23.869962692260742,24.650903701782227,-0.8273584246635437,0.03013228438794613,341900,,,,,,,,,,,13.871620178222656,13.84964370727539,0.05148583650588989,0.05223604664206505
,469,,,,,,342629,31.006229400634766,1.2017347812652588,24.03621482849121,25.2973690032959,-0.8286030292510986,0.03043401427567005,13.976115226745605,14.016763687133789,0.06528525054454803,0.06677136570215225,,,,
30.86237907409668,469,0.5695443749427795,23.861465454101562,24.667699813842773,-0.827168881893158,0.030071955174207687,342629,,,,,,,,,,,13.885744094848633,13.855571746826172,0.051615964621305466,0.0526752695441246
,470,,,,,,343358,30.888240814208984,1.3595147132873535,24.053682327270508,25.45964241027832,-0.8273019194602966,0.03022584691643715,14.070796966552734,14.174928665161133,0.06332768499851227,0.08191356807947159,,,,
30.80311393737793,470,0.5446581244468689,23.8645076751709,24.662450790405273,-0.8272139430046082,0.030068587511777878,343358,,,,,,,,,,,13.899638175964355,13.861141204833984,0.05247226357460022,0.05265539139509201
,471,,,,,,344087,30.552125930786133,1.018579125404358,24.014381408691406,25.102203369140625,-0.8273234963417053,0.030108196660876274,13.956494331359863,14.047317504882812,0.05636671185493469,0.05934031680226326,,,,
30.568422317504883,471,0.5659847259521484,23.854249954223633,24.658340454101562,-0.8274940848350525,0.030147967860102654,344087,,,,,,,,,,,13.896988868713379,13.917399406433105,0.051764532923698425,0.052454277873039246
,472,,,,,,344816,30.806928634643555,1.1798402070999146,24.033803939819336,25.296775817871094,-0.8271487951278687,0.03011948987841606,14.00835132598877,14.037620544433594,0.07133693993091583,0.06327610462903976,,,,
30.50623321533203,472,0.5403236746788025,23.85877799987793,24.65151596069336,-0.827118992805481,0.030094416812062263,344816,,,,,,,,,,,13.878914833068848,13.89530086517334,0.052060000598430634,0.05245344340801239
,473,,,,,,345545,30.865150451660156,1.1223232746124268,24.027822494506836,25.190166473388672,-0.8280935883522034,0.030374960973858833,14.01228141784668,13.929990768432617,0.06675273180007935,0.05348394066095352,,,,
30.488096237182617,473,0.544858455657959,23.848127365112305,24.64064598083496,-0.826815128326416,0.030105844140052795,345545,,,,,,,,,,,13.905328750610352,13.86011028289795,0.051759250462055206,0.052259329706430435
,474,,,,,,346274,30.7147274017334,1.1100558042526245,24.039867401123047,25.28749656677246,-0.8289137482643127,0.030636942014098167,14.010369300842285,14.0923490524292,0.0722375139594078,0.06628233194351196,,,,
30.736160278320312,474,0.5924474000930786,23.85811996459961,24.676252365112305,-0.8273575901985168,0.030091624706983566,346274,,,,,,,,,,,13.887311935424805,13.858561515808105,0.052398715168237686,0.05198172107338905
,475,,,,,,347003,30.98210334777832,1.1253076791763306,24.020627975463867,25.238771438598633,-0.8277344107627869,0.03012760728597641,13.970160484313965,14.023518562316895,0.06618203967809677,0.06491389870643616,,,,
30.701763153076172,475,0.554774820804596,23.844036102294922,24.6417293548584,-0.8278906345367432,0.03019440546631813,347003,,,,,,,,,,,13.879167556762695,13.853517532348633,0.051707275211811066,0.05235449597239494
,476,,,,,,347732,30.636093139648438,0.98671555519104,23.999998092651367,25.11113739013672,-0.8280119895935059,0.03020155429840088,14.050413131713867,13.938593864440918,0.06729291379451752,0.05625831335783005,,,,
30.68939781188965,476,0.5358861684799194,23.845304489135742,24.633447647094727,-0.8277978897094727,0.03008677251636982,347732,,,,,,,,,,,13.906786918640137,13.862923622131348,0.05157788470387459,0.05246233195066452
,477,,,,,,348461,30.69959259033203,0.9109724164009094,23.99724769592285,25.010404586791992,-0.828397810459137,0.030355513095855713,13.94524097442627,13.941072463989258,0.057353802025318146,0.05418337881565094,,,,
30.643598556518555,477,0.5553969144821167,23.85403060913086,24.648300170898438,-0.8273112773895264,0.03012978285551071,348461,,,,,,,,,,,13.934199333190918,13.864097595214844,0.051231056451797485,0.05208127200603485
,478,,,,,,349190,30.636072158813477,0.8993578553199768,23.98847007751465,25.0187931060791,-0.8280103802680969,0.030128465965390205,14.013537406921387,13.88083267211914,0.06797470897436142,0.048155687749385834,,,,
30.585205078125,478,0.5506636500358582,23.838964462280273,24.633216857910156,-0.8277637958526611,0.0302209984511137,349190,,,,,,,,,,,13.874651908874512,13.82343864440918,0.0511566698551178,0.05263098329305649
,479,,,,,,349919,30.134601593017578,0.41919395327568054,23.95408058166504,24.55940818786621,-0.828368604183197,0.030162595212459564,13.858720779418945,13.91302490234375,0.04182448610663414,0.037321142852306366,,,,
30.54543685913086,479,0.5584796667098999,23.84345245361328,24.642337799072266,-0.8276556134223938,0.03014262206852436,349919,,,,,,,,,,,13.923367500305176,13.8518648147583,0.05143669992685318,0.052490703761577606
,480,,,,,,350648,30.782621383666992,1.060354232788086,24.01168441772461,25.14725685119629,-0.8281295895576477,0.0303383506834507,13.988658905029297,13.974740028381348,0.060681622475385666,0.06039673835039139,,,,
30.584074020385742,480,0.5395825505256653,23.842496871948242,24.627784729003906,-0.8277842402458191,0.03018776699900627,350648,,,,,,,,,,,13.916397094726562,13.846875190734863,0.05054119601845741,0.052558112889528275
,481,,,,,,351377,31.039621353149414,2.116781711578369,24.072214126586914,26.171619415283203,-0.828112006187439,0.030421458184719086,14.224668502807617,14.167410850524902,0.11888366937637329,0.08932080119848251,,,,
30.628156661987305,481,0.5407331585884094,23.822608947753906,24.611703872680664,-0.827825665473938,0.03019036538898945,351377,,,,,,,,,,,13.857621192932129,13.807426452636719,0.051756080240011215,0.05199065059423447
,482,,,,,,352106,31.034236907958984,1.1628096103668213,24.03731346130371,25.32704734802246,-0.8282575607299805,0.030274635180830956,14.017729759216309,14.094096183776855,0.07543670386075974,0.06623293459415436,,,,
30.657400131225586,482,0.5151873230934143,23.8363094329834,24.61237907409668,-0.8277244567871094,0.030025165528059006,352106,,,,,,,,,,,13.89160442352295,13.853618621826172,0.05182047560811043,0.05187372490763664
,483,,,,,,352835,30.982297897338867,1.4248656034469604,24.046117782592773,25.489601135253906,-0.8280221819877625,0.03043985180556774,14.092744827270508,14.01295280456543,0.068900927901268,0.07730688154697418,,,,
30.688865661621094,483,0.524634063243866,23.831003189086914,24.604751586914062,-0.8277810215950012,0.03012714348733425,352835,,,,,,,,,,,13.91826343536377,13.81010627746582,0.05071006342768669,0.051572222262620926
,484,,,,,,353564,31.287803649902344,1.2383532524108887,24.028913497924805,25.296615600585938,-0.828446090221405,0.030384156852960587,13.955527305603027,14.049101829528809,0.06400319933891296,0.0657033771276474,,,,
30.692306518554688,484,0.5352314114570618,23.825376510620117,24.611961364746094,-0.8282669186592102,0.030207263305783272,353564,,,,,,,,,,,13.894493103027344,13.835260391235352,0.05202890560030937,0.0517643578350544
,485,,,,,,354293,31.40290641784668,1.8319228887557983,24.058250427246094,25.938568115234375,-0.8286188244819641,0.03057214431464672,14.162972450256348,14.078369140625,0.0816197469830513,0.1112513393163681,,,,
30.86967658996582,485,0.5413015484809875,23.8265380859375,24.616519927978516,-0.8275859355926514,0.030082693323493004,354293,,,,,,,,,,,13.879768371582031,13.822996139526367,0.05162522941827774,0.05224215239286423
,486,,,,,,355022,30.884679794311523,1.2910646200180054,24.019025802612305,25.359779357910156,-0.827791690826416,0.030175523832440376,14.041248321533203,14.037324905395508,0.07213707268238068,0.06691011041402817,,,,
30.737560272216797,486,0.5343329310417175,23.82433319091797,24.61237907409668,-0.828396737575531,0.030279092490673065,355022,,,,,,,,,,,13.914502143859863,13.838561058044434,0.05178515240550041,0.052390750497579575
,487,,,,,,355751,30.785396575927734,1.1194297075271606,24.024972915649414,25.17900276184082,-0.8272570371627808,0.030118616297841072,14.079809188842773,14.008153915405273,0.06268930435180664,0.056175362318754196,,,,
30.660236358642578,487,0.584942638874054,23.816591262817383,24.631879806518555,-0.8277066946029663,0.03011750802397728,355751,,,,,,,,,,,13.879203796386719,13.840874671936035,0.05221647024154663,0.052348580211400986
,488,,,,,,356480,30.752023696899414,0.830837607383728,23.98398208618164,24.89528465270996,-0.8283694982528687,0.030327511951327324,13.85558032989502,13.94497013092041,0.04859372228384018,0.05058128759264946,,,,
30.64277458190918,488,0.557001531124115,23.83009910583496,24.62307357788086,-0.8279591202735901,0.030105510726571083,356480,,,,,,,,,,,13.907588005065918,13.850404739379883,0.05198880657553673,0.050910137593746185
,489,,,,,,357209,30.83546257019043,0.9480346441268921,23.981775283813477,25.094411849975586,-0.8278053402900696,0.03006875514984131,13.998027801513672,13.947405815124512,0.0657321885228157,0.06199052184820175,,,,
30.801387786865234,489,0.5278941988945007,23.821269989013672,24.597787857055664,-0.827827513217926,0.030082905665040016,357209,,,,,,,,,,,13.898771286010742,13.813373565673828,0.05134037882089615,0.05117383226752281
,490,,,,,,357938,31.070228576660156,1.291486144065857,24.012327194213867,25.50835418701172,-0.8282327055931091,0.030260639265179634,14.142735481262207,14.035998344421387,0.08883343636989594,0.0812205970287323,,,,
30.65741729736328,490,0.5743066072463989,23.808151245117188,24.61221694946289,-0.8281905651092529,0.030192092061042786,357938,,,,,,,,,,,13.919666290283203,13.860408782958984,0.05110561475157738,0.05227510258555412
,491,,,,,,358667,30.524171829223633,0.7919265031814575,23.956533432006836,24.877620697021484,-0.8286707401275635,0.030312711372971535,13.997891426086426,13.882461547851562,0.05359454080462456,0.05143149197101593,,,,
30.59154510498047,491,0.5484286546707153,23.802976608276367,24.600244522094727,-0.8282884359359741,0.030187364667654037,358667,,,,,,,,,,,13.916586875915527,13.800006866455078,0.051819223910570145,0.05279224365949631
,492,,,,,,359396,31.025373458862305,1.6936733722686768,24.027156829833984,25.8653507232666,-0.8276318907737732,0.030205972492694855,14.145247459411621,14.10959243774414,0.09880787134170532,0.09946472942829132,,,,
30.49781608581543,492,0.5575646162033081,23.803422927856445,24.60087013244629,-0.8279829621315002,0.03009517304599285,359396,,,,,,,,,,,13.901289939880371,13.847638130187988,0.05155796930193901,0.052175093442201614
,493,,,,,,360125,30.37863540649414,0.42747312784194946,23.937793731689453,24.582231521606445,-0.8278279900550842,0.029862428084015846,13.902591705322266,13.850813865661621,0.04296331852674484,0.04317585006356239,,,,
30.59537124633789,493,0.5440422892570496,23.79425048828125,24.58885955810547,-0.8286563754081726,0.03023846074938774,360125,,,,,,,,,,,13.852461814880371,13.832157135009766,0.0516086146235466,0.052912451326847076
,494,,,,,,360854,30.76034164428711,1.7586944103240967,24.032184600830078,25.86573600769043,-0.8282418251037598,0.030381835997104645,14.061161994934082,14.239740371704102,0.0875827744603157,0.10325508564710617,,,,
30.481645584106445,494,0.5420538187026978,23.793275833129883,24.582141876220703,-0.8282176852226257,0.030169479548931122,360854,,,,,,,,,,,13.873289108276367,13.837800025939941,0.05156908556818962,0.05199597030878067
,495,,,,,,361583,30.90656280517578,1.0222305059432983,23.99627113342285,25.147165298461914,-0.8289116024971008,0.030420398339629173,13.987112045288086,13.995332717895508,0.0736883357167244,0.054266300052404404,,,,
30.498199462890625,495,0.5600261688232422,23.788360595703125,24.586475372314453,-0.8283453583717346,0.030269494280219078,361583,,,,,,,,,,,13.871376037597656,13.836338996887207,0.051650211215019226,0.051971182227134705
,496,,,,,,362312,31.06632423400879,1.1433025598526,23.99201011657715,25.187868118286133,-0.8294674158096313,0.030469747260212898,13.97965145111084,13.989825248718262,0.06414832174777985,0.0606904961168766,,,,
30.583038330078125,496,0.5529752969741821,23.7994384765625,24.594684600830078,-0.8284978866577148,0.030174678191542625,362312,,,,,,,,,,,13.87703800201416,13.87861156463623,0.05160477012395859,0.052147846668958664
,497,,,,,,363041,30.818958282470703,1.499464988708496,24.01131248474121,25.62807846069336,-0.8284720778465271,0.030293019488453865,14.117009162902832,14.1331205368042,0.10094022750854492,0.072469562292099,,,,
30.57879638671875,497,0.5231595635414124,23.794382095336914,24.57293128967285,-0.8284941911697388,0.030189402401447296,363041,,,,,,,,,,,13.895685195922852,13.849181175231934,0.05094202980399132,0.052452556788921356
,498,,,,,,363770,30.893321990966797,1.3773823976516724,23.994749069213867,25.447105407714844,-0.8280832767486572,0.03017278015613556,14.0444917678833,14.073434829711914,0.07049763947725296,0.08223652094602585,,,,
30.562583923339844,498,0.5283339023590088,23.79313850402832,24.57127571105957,-0.8286294937133789,0.030233372002840042,363770,,,,,,,,,,,13.893454551696777,13.866249084472656,0.051046088337898254,0.05174566060304642
,499,,,,,,364499,30.517826080322266,0.8568739295005798,23.94830894470215,24.950315475463867,-0.8293797969818115,0.030336590483784676,13.926512718200684,13.995869636535645,0.05537661910057068,0.05932777747511864,,,,
30.4316349029541,499,0.571677565574646,23.79036521911621,24.597808837890625,-0.8290225863456726,0.03020402044057846,364499,,,,,,,,,,,13.894420623779297,13.856258392333984,0.051524918526411057,0.05279244855046272
,500,,,,,,365228,30.019277572631836,0.5454604625701904,23.942440032958984,24.71349334716797,-0.8286820650100708,0.030298318713903427,14.009976387023926,13.960644721984863,0.05280594155192375,0.04685883969068527,,,,
30.366436004638672,500,0.5678982138633728,23.778051376342773,24.578683853149414,-0.8285728096961975,0.03025387041270733,365228,,,,,,,,,,,13.898173332214355,13.838786125183105,0.05126853659749031,0.052066780626773834
,501,,,,,,365957,30.773117065429688,0.8308205008506775,23.955215454101562,24.890300750732422,-0.8284270167350769,0.030105331912636757,13.970507621765137,13.88997745513916,0.05699324607849121,0.046942368149757385,,,,
30.421728134155273,501,0.5507094860076904,23.784229278564453,24.57794952392578,-0.8286231160163879,0.03032224252820015,365957,,,,,,,,,,,13.869165420532227,13.843184471130371,0.05154528096318245,0.052126333117485046
,502,,,,,,366686,30.760528564453125,1.4045730829238892,24.002199172973633,25.586427688598633,-0.8289588689804077,0.030399417504668236,14.042081832885742,14.174163818359375,0.08191931247711182,0.0944632813334465,,,,
30.50469207763672,502,0.5482311844825745,23.76568603515625,24.557720184326172,-0.829048216342926,0.03017747402191162,366686,,,,,,,,,,,13.868069648742676,13.833992958068848,0.05121365189552307,0.05237091705203056
,503,,,,,,367415,30.368064880371094,0.7395597100257874,23.95217514038086,24.850576400756836,-0.8284953236579895,0.030150294303894043,13.966959953308105,14.024702072143555,0.05336656793951988,0.052358321845531464,,,,
30.441967010498047,503,0.5234852433204651,23.77825927734375,24.556154251098633,-0.8288438320159912,0.03022024966776371,367415,,,,,,,,,,,13.896581649780273,13.831541061401367,0.05110986530780792,0.052122049033641815
,504,,,,,,368144,30.454586029052734,1.46039617061615,23.981115341186523,25.498544692993164,-0.8281253576278687,0.03020551986992359,14.169919967651367,14.056683540344238,0.07940050959587097,0.07804635912179947,,,,
30.192211151123047,504,0.5526139736175537,23.768409729003906,24.56668472290039,-0.8283275365829468,0.030175156891345978,368144,,,,,,,,,,,13.902331352233887,13.882181167602539,0.05180918052792549,0.052585210651159286
,505,,,,,,368873,30.211044311523438,0.9378861784934998,23.947568893432617,25.02911949157715,-0.8294256329536438,0.03048386238515377,13.973969459533691,14.016206741333008,0.0699400007724762,0.052577659487724304,,,,
30.11955451965332,505,0.5446362495422363,23.7722225189209,24.561372756958008,-0.8285991549491882,0.030180366709828377,368873,,,,,,,,,,,13.878744125366211,13.850359916687012,0.05109856277704239,0.05226490646600723
,506,,,,,,369602,30.256311416625977,0.4762309193611145,23.90692138671875,24.589139938354492,-0.8279966115951538,0.029850898310542107,13.829792022705078,13.89859676361084,0.04063280671834946,0.048186421394348145,,,,
30.20160675048828,506,0.5427442789077759,23.761783599853516,24.55368995666504,-0.8288297057151794,0.030252007767558098,369602,,,,,,,,,,,13.866812705993652,13.850866317749023,0.05159672349691391,0.052512794733047485
,507,,,,,,370331,30.80083465576172,1.5899330377578735,23.97821044921875,25.606464385986328,-0.8283835649490356,0.030273444950580597,14.003726959228516,14.106830596923828,0.06799659878015518,0.09866075217723846,,,,
30.4228515625,507,0.5309844613075256,23.75462532043457,24.537477493286133,-0.8290080428123474,0.030227476730942726,370331,,,,,,,,,,,13.830804824829102,13.845229148864746,0.0515703409910202,0.051897455006837845
,508,,,,,,371060,30.102252960205078,0.4586920142173767,23.90639877319336,24.580020904541016,-0.8290677666664124,0.030165810137987137,13.91845989227295,13.919684410095215,0.04956698790192604,0.03928438574075699,,,,
30.24302864074707,508,0.5146785974502563,23.752939224243164,24.525087356567383,-0.8289235234260559,0.030289843678474426,371060,,,,,,,,,,,13.884605407714844,13.830138206481934,0.05123127996921539,0.051727019250392914
,509,,,,,,371789,30.604854583740234,1.3489329814910889,23.961755752563477,25.40242576599121,-0.8287465572357178,0.030341407284140587,14.088932991027832,14.055280685424805,0.08385912328958511,0.06938298791646957,,,,
30.30823516845703,509,0.570222795009613,23.748106002807617,24.55112075805664,-0.8294747471809387,0.030212443321943283,371789,,,,,,,,,,,13.91518497467041,13.82742977142334,0.05164610967040062,0.051932837814092636
,510,,,,,,372518,30.56740379333496,0.9731448292732239,23.93316078186035,25.039941787719727,-0.8290129899978638,0.030188025906682014,13.958236694335938,14.097078323364258,0.05921517685055733,0.06482358276844025,,,,
30.36195945739746,510,0.5547577738761902,23.747684478759766,24.543249130249023,-0.8294703364372253,0.030330048874020576,372518,,,,,,,,,,,13.886214256286621,13.853105545043945,0.051907144486904144,0.051725126802921295
,511,,,,,,373247,30.205284118652344,0.8277698755264282,23.930828094482422,24.91657066345215,-0.8289135694503784,0.03026067093014717,13.978860855102539,14.000422477722168,0.06355095654726028,0.0508197620511055,,,,
30.346704483032227,511,0.5107512474060059,23.751060485839844,24.525175094604492,-0.82930588722229,0.0302665326744318,373247,,,,,,,,,,,13.874549865722656,13.898602485656738,0.051866475492715836,0.05188537389039993
,512,,,,,,373976,30.348365783691406,0.6989306211471558,23.918779373168945,24.76775550842285,-0.8294486403465271,0.030243558809161186,13.897887229919434,13.95989990234375,0.05253635346889496,0.047369495034217834,,,,
30.27914047241211,512,0.5605952143669128,23.74337387084961,24.542875289916992,-0.8297747373580933,0.030383046716451645,373976,,,,,,,,,,,13.863733291625977,13.87114143371582,0.051386766135692596,0.052450068295001984
,513,,,,,,374705,30.894636154174805,1.3649365901947021,23.959701538085938,25.3319091796875,-0.8303250074386597,0.030671287328004837,14.008286476135254,13.935399055480957,0.08094034343957901,0.0570107102394104,,,,
30.443254470825195,513,0.5520753860473633,23.728740692138672,24.52162742614746,-0.8300233483314514,0.03029322624206543,374705,,,,,,,,,,,13.833831787109375,13.789814949035645,0.05167743191123009,0.05169424042105675
,514,,,,,,375434,30.4248046875,0.7687351703643799,23.927047729492188,24.875558853149414,-0.8302786946296692,0.03057112917304039,13.915691375732422,13.96969985961914,0.05208466574549675,0.06074567139148712,,,,
30.399730682373047,514,0.5405189394950867,23.74506187438965,24.53371238708496,-0.8297415375709534,0.030261173844337463,375434,,,,,,,,,,,13.810620307922363,13.826257705688477,0.05169418081641197,0.05198226124048233
,515,,,,,,376163,30.510896682739258,1.349238634109497,23.955360412597656,25.42061996459961,-0.8295193910598755,0.03046252578496933,13.999262809753418,14.067325592041016,0.07916683703660965,0.07896151393651962,,,,
30.238840103149414,515,0.5438514351844788,23.74007797241211,24.52850341796875,-0.8295405507087708,0.03036712296307087,376163,,,,,,,,,,,13.892062187194824,13.844061851501465,0.05121764540672302,0.052085455507040024
,516,,,,,,376892,30.610044479370117,1.2190090417861938,23.94709014892578,25.300798416137695,-0.8295036554336548,0.030432745814323425,13.982931137084961,14.067517280578613,0.07295221090316772,0.07589422166347504,,,,
30.285186767578125,516,0.5143353939056396,23.73059844970703,24.500205993652344,-0.8294887542724609,0.03021341934800148,376892,,,,,,,,,,,13.871766090393066,13.831060409545898,0.05075624957680702,0.051726166158914566
,517,,,,,,377621,30.54874610900879,1.228905200958252,23.935489654541016,25.277606964111328,-0.8302897214889526,0.030576257035136223,14.020709037780762,14.019509315490723,0.07177862524986267,0.07375623285770416,,,,
30.327022552490234,517,0.537073016166687,23.73503875732422,24.51915740966797,-0.829559326171875,0.030256852507591248,377621,,,,,,,,,,,13.856983184814453,13.845044136047363,0.05127003788948059,0.051840849220752716
,518,,,,,,378350,30.492679595947266,0.969398021697998,23.924964904785156,24.993572235107422,-0.8301495313644409,0.030463840812444687,13.980876922607422,13.937304496765137,0.06950508058071136,0.04727589339017868,,,,
30.416799545288086,518,0.5432761907577515,23.726587295532227,24.519203186035156,-0.8299639225006104,0.030408715829253197,378350,,,,,,,,,,,13.861689567565918,13.793538093566895,0.05222411826252937,0.05197497084736824
,519,,,,,,379079,30.385135650634766,0.8516212105751038,23.92173957824707,24.91244125366211,-0.8299285769462585,0.03046782873570919,13.930587768554688,13.945377349853516,0.05007670074701309,0.06289752572774887,,,,
30.363693237304688,519,0.558742105960846,23.728618621826172,24.52332878112793,-0.8300065994262695,0.030361022800207138,379079,,,,,,,,,,,13.868324279785156,13.830514907836914,0.05125265568494797,0.05181882157921791
,520,,,,,,379808,30.314468383789062,1.5454561710357666,23.952434539794922,25.498310089111328,-0.8295918107032776,0.030455609783530235,14.049018859863281,14.108929634094238,0.07943817973136902,0.07518783211708069,,,,
30.19764518737793,520,0.506841778755188,23.713579177856445,24.476303100585938,-0.8294139504432678,0.030234619975090027,379808,,,,,,,,,,,13.854371070861816,13.804428100585938,0.05098952353000641,0.050869591534137726
,521,,,,,,380537,30.532917022705078,1.2607885599136353,23.929168701171875,25.319868087768555,-0.8297634720802307,0.03042243793606758,14.008466720581055,14.018494606018066,0.08414503186941147,0.06791531294584274,,,,
30.26992416381836,521,0.5347787737846375,23.71215057373047,24.50210952758789,-0.8300780653953552,0.03038155287504196,380537,,,,,,,,,,,13.829647064208984,13.854317665100098,0.05193570628762245,0.05257587507367134
,522,,,,,,381266,30.48351287841797,1.546142578125,23.949804306030273,25.61992073059082,-0.8297479748725891,0.03060596063733101,14.095621109008789,14.176548957824707,0.09385991096496582,0.08554471284151077,,,,
30.212045669555664,522,0.5328500866889954,23.714584350585938,24.504884719848633,-0.829945981502533,0.030362525954842567,381266,,,,,,,,,,,13.859759330749512,13.825596809387207,0.051242344081401825,0.05353809893131256
,523,,,,,,381995,30.528533935546875,1.431013822555542,23.943483352661133,25.54127311706543,-0.8301871418952942,0.030647262930870056,14.11389446258545,14.0770902633667,0.10040593892335892,0.07604791224002838,,,,
30.34322738647461,523,0.5064926147460938,23.712526321411133,24.478164672851562,-0.8299858570098877,0.030362384393811226,381995,,,,,,,,,,,13.864727020263672,13.863534927368164,0.05086107179522514,0.051619868725538254
,524,,,,,,382724,30.322608947753906,0.6946977376937866,23.895845413208008,24.710391998291016,-0.8296592831611633,0.03030463494360447,13.829203605651855,13.973112106323242,0.04268904775381088,0.05074818804860115,,,,
30.29282569885254,524,0.5172746777534485,23.706153869628906,24.47921371459961,-0.8301547169685364,0.030370213091373444,382724,,,,,,,,,,,13.840298652648926,13.859971046447754,0.051125433295965195,0.051757555454969406
,525,,,,,,383453,30.510225296020508,1.3873703479766846,23.936079025268555,25.44525146484375,-0.829343318939209,0.030386263504624367,13.977373123168945,14.167041778564453,0.07134312391281128,0.09175197035074234,,,,
30.22512435913086,525,0.5269293189048767,23.69222068786621,24.4663143157959,-0.8298476934432983,0.030364077538251877,383453,,,,,,,,,,,13.83699893951416,13.835138320922852,0.05089838057756424,0.05123094096779823
,526,,,,,,384182,30.73609733581543,1.5408416986465454,23.938692092895508,25.58612823486328,-0.8299116492271423,0.030471445992588997,14.09076976776123,14.077962875366211,0.0954422801733017,0.079960897564888,,,,
30.26609992980957,526,0.5166639685630798,23.698373794555664,24.47461700439453,-0.8301704525947571,0.0303177610039711,384182,,,,,,,,,,,13.815524101257324,13.864046096801758,0.051677387207746506,0.051908038556575775
,527,,,,,,384911,29.99779510498047,0.7054305672645569,23.88445472717285,24.817760467529297,-0.8289298415184021,0.030074328184127808,13.953115463256836,13.954493522644043,0.05191207304596901,0.06420334428548813,,,,
30.203649520874023,527,0.5210140347480774,23.68660545349121,24.462203979492188,-0.8301226496696472,0.03041907027363777,384911,,,,,,,,,,,13.840867042541504,13.816389083862305,0.050852514803409576,0.05216585099697113
,528,,,,,,385640,30.396560668945312,1.1157264709472656,23.911575317382812,25.23054313659668,-0.8296442627906799,0.03036842681467533,13.988324165344238,14.097664833068848,0.08609551191329956,0.0661247968673706,,,,
30.309852600097656,528,0.5477060675621033,23.69085121154785,24.48565101623535,-0.8302429914474487,0.03031253255903721,385640,,,,,,,,,,,13.825484275817871,13.827631950378418,0.051858484745025635,0.05233652517199516
,529,,,,,,386369,30.774324417114258,1.481916904449463,23.931140899658203,25.472362518310547,-0.8304040431976318,0.03051450476050377,14.020308494567871,14.13020133972168,0.07429458200931549,0.08575962483882904,,,,
30.18917465209961,529,0.5473014712333679,23.684236526489258,24.48194122314453,-0.8309147953987122,0.030385378748178482,386369,,,,,,,,,,,13.848981857299805,13.800459861755371,0.051934465765953064,0.05287691205739975
,530,,,,,,387098,30.312864303588867,1.070953369140625,23.90290069580078,25.101816177368164,-0.8290026187896729,0.03012377768754959,13.932217597961426,14.071292877197266,0.06663493067026138,0.06605857610702515,,,,
30.364063262939453,530,0.5104325413703918,23.67343521118164,24.4400634765625,-0.830578088760376,0.030389094725251198,387098,,,,,,,,,,,13.829643249511719,13.7813138961792,0.05122680217027664,0.051051534712314606
,531,,,,,,387827,30.834930419921875,1.5107269287109375,23.929136276245117,25.641353607177734,-0.8300989866256714,0.030464131385087967,14.094307899475098,14.078967094421387,0.1026654914021492,0.08870650082826614,,,,
30.28990936279297,531,0.5277274250984192,23.68062400817871,24.461938858032227,-0.8304188251495361,0.030420497059822083,387827,,,,,,,,,,,13.849568367004395,13.798300743103027,0.051580172032117844,0.05191279947757721
,532,,,,,,388556,30.368608474731445,1.2477569580078125,23.917695999145508,25.191665649414062,-0.8305687308311462,0.03068712167441845,14.007424354553223,14.029451370239258,0.06129755452275276,0.06871894747018814,,,,
30.240190505981445,532,0.5432314872741699,23.685598373413086,24.471155166625977,-0.8303136825561523,0.03037003055214882,388556,,,,,,,,,,,13.85714340209961,13.802836418151855,0.050777073949575424,0.05201105400919914
,533,,,,,,389285,29.947959899902344,0.6193239688873291,23.866212844848633,24.653873443603516,-0.8303062319755554,0.030438926070928574,13.860424995422363,13.972448348999023,0.04121239483356476,0.05438882112503052,,,,
30.034685134887695,533,0.5449609160423279,23.687164306640625,24.476598739624023,-0.8300579190254211,0.030361635610461235,389285,,,,,,,,,,,13.87898063659668,13.845222473144531,0.051331281661987305,0.05205654725432396
,534,,,,,,390014,30.497678756713867,1.6089115142822266,23.922971725463867,25.543685913085938,-0.8302316069602966,0.030611665919423103,14.083727836608887,14.041492462158203,0.0716715008020401,0.09157760441303253,,,,
30.171329498291016,534,0.5421125292778015,23.66641616821289,24.450580596923828,-0.8305495381355286,0.030388955026865005,390014,,,,,,,,,,,13.849822998046875,13.790966987609863,0.05058860033750534,0.05203097686171532
,535,,,,,,390743,30.51399803161621,1.358341932296753,23.914897918701172,25.30570411682129,-0.830104410648346,0.03047146461904049,13.97647476196289,14.106736183166504,0.06757623702287674,0.07474968582391739,,,,
30.118783950805664,535,0.5357917547225952,23.665687561035156,24.448627471923828,-0.8305090665817261,0.030399668961763382,390743,,,,,,,,,,,13.843484878540039,13.818679809570312,0.0514160618185997,0.051592547446489334
,536,,,,,,391472,30.36598777770996,1.6121338605880737,23.931964874267578,25.619705200195312,-0.8303335309028625,0.030502162873744965,14.097455978393555,14.193169593811035,0.08535780757665634,0.090977743268013,,,,
30.174692153930664,536,0.5363867282867432,23.675228118896484,24.457351684570312,-0.8307580351829529,0.0304756760597229,391472,,,,,,,,,,,13.879806518554688,13.792320251464844,0.050536878407001495,0.05225063115358353
,537,,,,,,392201,30.400785446166992,1.1241445541381836,23.90760612487793,25.115921020507812,-0.8307650685310364,0.03059173934161663,14.046920776367188,14.05467414855957,0.06870690733194351,0.060539934784173965,,,,
30.08592414855957,537,0.5326845049858093,23.671825408935547,24.455219268798828,-0.8307636380195618,0.03034307062625885,392201,,,,,,,,,,,13.8380708694458,13.840197563171387,0.051447637379169464,0.051958754658699036
,538,,,,,,392930,30.33963394165039,1.3218178749084473,23.908918380737305,25.364093780517578,-0.830930769443512,0.030662178993225098,14.061748504638672,14.034358024597168,0.07591189444065094,0.08294104039669037,,,,
30.2636775970459,538,0.5225852131843567,23.657011032104492,24.435598373413086,-0.8315486311912537,0.03048607148230076,392930,,,,,,,,,,,13.831527709960938,13.824858665466309,0.051261838525533676,0.052193641662597656
,539,,,,,,393659,30.245323181152344,1.168495535850525,23.897567749023438,25.215272903442383,-0.8309438228607178,0.030673090368509293,13.984760284423828,14.067138671875,0.0805092304944992,0.06618214398622513,,,,
30.095170974731445,539,0.5166283845901489,23.65785026550293,24.43328285217285,-0.8308337926864624,0.03043636865913868,393659,,,,,,,,,,,13.831199645996094,13.813655853271484,0.05160316452383995,0.051816754043102264
,540,,,,,,394388,30.28089714050293,1.3802502155303955,23.89910888671875,25.294523239135742,-0.8299093246459961,0.0304564256221056,14.039000511169434,14.10058307647705,0.06789564341306686,0.07316447794437408,,,,
30.050811767578125,540,0.5332741737365723,23.653226852416992,24.43781089782715,-0.8309467434883118,0.030437659472227097,394388,,,,,,,,,,,13.841760635375977,13.85084342956543,0.051159221678972244,0.05243587866425514
,541,,,,,,395117,30.30687713623047,1.2631832361221313,23.89228630065918,25.302505493164062,-0.8304891586303711,0.030457230284810066,13.967923164367676,14.129151344299316,0.07976052910089493,0.07596094906330109,,,,
30.073169708251953,541,0.5370568037033081,23.65789031982422,24.44554901123047,-0.8307739496231079,0.030350418761372566,395117,,,,,,,,,,,13.819572448730469,13.808674812316895,0.052134107798337936,0.051693618297576904
,542,,,,,,395846,30.468324661254883,1.1322304010391235,23.89053726196289,25.113012313842773,-0.8307452201843262,0.030552087351679802,14.024998664855957,13.964179039001465,0.0643393024802208,0.06693700700998306,,,,
30.20911407470703,542,0.5292107462882996,23.643796920776367,24.41543960571289,-0.8305190801620483,0.030390894040465355,395846,,,,,,,,,,,13.817829132080078,13.79372787475586,0.05057668313384056,0.05083202198147774
,543,,,,,,396575,29.667329788208008,0.7543284296989441,23.85021209716797,24.772693634033203,-0.8294084668159485,0.03013254515826702,13.939248085021973,13.97933578491211,0.057316362857818604,0.05175084248185158,,,,
29.93108558654785,543,0.4937489628791809,23.652875900268555,24.41323471069336,-0.830680251121521,0.030412772670388222,396575,,,,,,,,,,,13.842061042785645,13.812264442443848,0.05061377212405205,0.05207860469818115
,544,,,,,,397304,29.76803970336914,0.9615254998207092,23.873851776123047,25.01791000366211,-0.8303238153457642,0.030521761626005173,14.014573097229004,14.090836524963379,0.05934484302997589,0.07331918925046921,,,,
29.84983253479004,544,0.5369263887405396,23.627113342285156,24.405698776245117,-0.8307442665100098,0.030345715582370758,397304,,,,,,,,,,,13.809950828552246,13.824626922607422,0.05071084573864937,0.05131649598479271
,545,,,,,,398033,29.615346908569336,0.6500135660171509,23.845584869384766,24.692249298095703,-0.8301898241043091,0.030277956277132034,13.94906234741211,13.956229209899902,0.05189158022403717,0.05244136601686478,,,,
29.791555404663086,545,0.5375456809997559,23.648595809936523,24.427066802978516,-0.8309754133224487,0.030444588512182236,398033,,,,,,,,,,,13.870141983032227,13.840991973876953,0.05009181797504425,0.05185472592711449
,546,,,,,,398762,29.956300735473633,1.191007137298584,23.871931076049805,25.15801429748535,-0.8311592936515808,0.030701523646712303,14.003705978393555,14.016226768493652,0.07081889361143112,0.06729671359062195,,,,
29.82164192199707,546,0.5344914793968201,23.637531280517578,24.41947364807129,-0.8310298919677734,0.03043794445693493,398762,,,,,,,,,,,13.833476066589355,13.790761947631836,0.0510563962161541,0.051884766668081284
,547,,,,,,399491,29.885164260864258,1.1918063163757324,23.883705139160156,25.128631591796875,-0.8300763964653015,0.030392959713935852,13.990842819213867,14.167560577392578,0.058032236993312836,0.07177302986383438,,,,
29.856876373291016,547,0.49977874755859375,23.623449325561523,24.383724212646484,-0.8314682245254517,0.030462006106972694,399491,,,,,,,,,,,13.806178092956543,13.816093444824219,0.05130888894200325,0.05077240243554115
,548,,,,,,400220,29.934656143188477,1.187064290046692,23.867116928100586,25.135452270507812,-0.8312182426452637,0.030681531876325607,14.019454956054688,14.05516529083252,0.07522717118263245,0.05973300337791443,,,,
29.84264373779297,548,0.5452895164489746,23.613996505737305,24.400320053100586,-0.831569492816925,0.030465444549918175,400220,,,,,,,,,,,13.842663764953613,13.812395095825195,0.05079319328069687,0.05194040387868881
,549,,,,,,400949,29.829618453979492,1.3022308349609375,23.88665771484375,25.255075454711914,-0.8309025764465332,0.030620481818914413,13.94110107421875,14.224621772766113,0.06104555353522301,0.08241120725870132,,,,
29.680078506469727,549,0.5394499897956848,23.620485305786133,24.40732192993164,-0.8312629461288452,0.030410273000597954,400949,,,,,,,,,,,13.830945014953613,13.844371795654297,0.05107118561863899,0.05235355347394943
,550,,,,,,401678,29.674036026000977,1.0576462745666504,23.853225708007812,25.052677154541016,-0.8301496505737305,0.03029302880167961,14.062088966369629,14.050820350646973,0.06056910753250122,0.0735570564866066,,,,
29.77899932861328,550,0.5369085073471069,23.626617431640625,24.410951614379883,-0.8312163949012756,0.030458126217126846,401678,,,,,,,,,,,13.807491302490234,13.818901062011719,0.051768708974123,0.0514068566262722
,551,,,,,,402407,29.789167404174805,1.443552851676941,23.87387466430664,25.567882537841797,-0.8299544453620911,0.030261071398854256,14.117570877075195,14.237642288208008,0.09191892296075821,0.10252979397773743,,,,
29.725984573364258,551,0.526235044002533,23.61542320251465,24.39410400390625,-0.831114649772644,0.030395669862627983,402407,,,,,,,,,,,13.843489646911621,13.82766056060791,0.05132574215531349,0.05178321525454521
,552,,,,,,403136,29.431074142456055,1.1435891389846802,23.848234176635742,25.108623504638672,-0.8308878540992737,0.030565829947590828,14.007318496704102,14.079421043395996,0.07385679334402084,0.06386520713567734,,,,
29.499431610107422,552,0.5181052088737488,23.62163543701172,24.3959903717041,-0.830628514289856,0.03037223033607006,403136,,,,,,,,,,,13.85452651977539,13.875391006469727,0.05153195187449455,0.05152801051735878
,553,,,,,,403865,29.86605453491211,1.1780972480773926,23.84974479675293,25.1861515045166,-0.8315479755401611,0.030629105865955353,14.02293586730957,14.009817123413086,0.07872064411640167,0.07075164467096329,,,,
29.523454666137695,553,0.5400838851928711,23.600563049316406,24.388200759887695,-0.831444263458252,0.03046356327831745,403865,,,,,,,,,,,13.809041976928711,13.816732406616211,0.05119075998663902,0.05233068764209747
,554,,,,,,404594,29.63239860534668,1.452174425125122,23.886016845703125,25.364439010620117,-0.8305884599685669,0.030581548810005188,14.025398254394531,14.201583862304688,0.06683902442455292,0.08363297581672668,,,,
29.543516159057617,554,0.5176319479942322,23.611085891723633,24.384536743164062,-0.8313711285591125,0.030461113899946213,404594,,,,,,,,,,,13.84143352508545,13.80737590789795,0.051466066390275955,0.05146394670009613
,555,,,,,,405323,29.434118270874023,1.0159752368927002,23.843666076660156,24.93610954284668,-0.8313952684402466,0.030551519244909286,13.979315757751465,13.983128547668457,0.06508850306272507,0.05180241912603378,,,,
29.28144645690918,555,0.5218692421913147,23.592586517333984,24.362152099609375,-0.8314512372016907,0.030405081808567047,405323,,,,,,,,,,,13.86922550201416,13.81522274017334,0.05044053494930267,0.05128734931349754
,556,,,,,,406052,29.514123916625977,1.0349315404891968,23.822208404541016,25.06764793395996,-0.8311659693717957,0.030499648302793503,13.95731258392334,14.067458152770996,0.07127674669027328,0.07431619614362717,,,,
29.60809898376465,556,0.5339003801345825,23.60761260986328,24.387283325195312,-0.8315788507461548,0.030456310138106346,406052,,,,,,,,,,,13.815701484680176,13.828180313110352,0.051073286682367325,0.05147448182106018
,557,,,,,,406781,29.79075050354004,1.1297751665115356,23.831918716430664,25.09395408630371,-0.8309412598609924,0.030440961942076683,13.946813583374023,14.07376480102539,0.07335717976093292,0.06607028841972351,,,,
29.66114044189453,557,0.5378929972648621,23.58858871459961,24.37312126159668,-0.8316617608070374,0.030419938266277313,406781,,,,,,,,,,,13.783529281616211,13.78750228881836,0.05125480890274048,0.051859427243471146
,558,,,,,,407510,29.527311325073242,1.101682186126709,23.831567764282227,24.99432945251465,-0.8308502435684204,0.030453607439994812,14.015111923217773,14.02897834777832,0.05721888318657875,0.06516749411821365,,,,
29.589818954467773,558,0.5341389775276184,23.593738555908203,24.37599754333496,-0.8315867781639099,0.030502883717417717,407510,,,,,,,,,,,13.824153900146484,13.802292823791504,0.051205459982156754,0.051837991923093796
,559,,,,,,408239,30.126291275024414,1.6632776260375977,23.86903190612793,25.60297393798828,-0.8307700157165527,0.030478836968541145,14.049482345581055,14.04522705078125,0.08741527050733566,0.09304577112197876,,,,
29.508996963500977,559,0.5170944333076477,23.585554122924805,24.353897094726562,-0.8320204615592957,0.030451282858848572,408239,,,,,,,,,,,13.820234298706055,13.765753746032715,0.0511026531457901,0.05085998401045799
,560,,,,,,408968,29.126466751098633,0.5294373035430908,23.797468185424805,24.530820846557617,-0.8311263918876648,0.030425667762756348,13.848207473754883,13.973990440368652,0.04269201308488846,0.05103567615151405,,,,
29.544198989868164,560,0.5134905576705933,23.575515747070312,24.340578079223633,-0.8319414854049683,0.030525704845786095,408968,,,,,,,,,,,13.747031211853027,13.756047248840332,0.05061844363808632,0.051045626401901245
,561,,,,,,409697,29.506824493408203,0.9831779599189758,23.82281494140625,24.957199096679688,-0.8308349251747131,0.030376393347978592,13.91735553741455,14.024041175842285,0.06067941337823868,0.06787735968828201,,,,
29.414888381958008,561,0.5195172429084778,23.585613250732422,24.362409591674805,-0.8320391178131104,0.030522625893354416,409697,,,,,,,,,,,13.8250732421875,13.77972412109375,0.051366038620471954,0.052041348069906235
,562,,,,,,410426,29.278980255126953,1.4263393878936768,23.856853485107422,25.394073486328125,-0.830305814743042,0.03049538843333721,14.090554237365723,14.154348373413086,0.08198966085910797,0.08281637728214264,,,,
29.351408004760742,562,0.503128707408905,23.584259033203125,24.345212936401367,-0.8314675688743591,0.030460743233561516,410426,,,,,,,,,,,13.811732292175293,13.805929183959961,0.050469834357500076,0.05140816047787666
,563,,,,,,411155,29.389188766479492,1.4601495265960693,23.840309143066406,25.35511589050293,-0.8309814929962158,0.030588239431381226,14.018653869628906,14.087335586547852,0.0753188356757164,0.08162796497344971,,,,
29.27045249938965,563,0.5021536946296692,23.590709686279297,24.351364135742188,-0.8316730260848999,0.030479105189442635,411155,,,,,,,,,,,13.855446815490723,13.80807113647461,0.05073006823658943,0.051187269389629364
,564,,,,,,411884,29.81618881225586,2.0916762351989746,23.885269165039062,25.960432052612305,-0.8310790657997131,0.030756212770938873,14.136316299438477,14.156332969665527,0.10936126112937927,0.09650806337594986,,,,
29.273876190185547,564,0.554057240486145,23.58327293395996,24.375768661499023,-0.8319999575614929,0.030446350574493408,411884,,,,,,,,,,,13.824187278747559,13.762764930725098,0.051457539200782776,0.051636580377817154
,565,,,,,,412613,29.482463836669922,1.4022365808486938,23.833974838256836,25.32903289794922,-0.8309739828109741,0.03044738620519638,14.082226753234863,14.039892196655273,0.07795741409063339,0.08083273470401764,,,,
29.37080192565918,565,0.5368741750717163,23.57932472229004,24.35418701171875,-0.8317615389823914,0.030529599636793137,412613,,,,,,,,,,,13.80805778503418,13.761920928955078,0.05081119388341904,0.05047447979450226
,566,,,,,,413342,29.32769203186035,0.7511268854141235,23.802806854248047,24.70060157775879,-0.8312684893608093,0.03041815757751465,13.95862865447998,13.927332878112793,0.06140127405524254,0.04305153340101242,,,,
29.3551082611084,566,0.5128639340400696,23.56980323791504,24.334321975708008,-0.8320828080177307,0.030463965609669685,413342,,,,,,,,,,,13.820260047912598,13.790841102600098,0.050404977053403854,0.051208339631557465
,567,,,,,,414071,29.481035232543945,1.4238888025283813,23.849843978881836,25.250593185424805,-0.8316860198974609,0.03094586916267872,13.986761093139648,14.064491271972656,0.06703048944473267,0.070733442902565,,,,
29.354909896850586,567,0.5001531839370728,23.57718276977539,24.337976455688477,-0.8318378329277039,0.030468331649899483,414071,,,,,,,,,,,13.769564628601074,13.766555786132812,0.050796955823898315,0.0513429120182991
,568,,,,,,414800,29.325477600097656,0.9274110198020935,23.794612884521484,24.89877700805664,-0.8308247923851013,0.03045366331934929,13.98204231262207,13.974309921264648,0.0721973180770874,0.05588741973042488,,,,
29.312551498413086,568,0.5613547563552856,23.57137107849121,24.36133575439453,-0.8317850828170776,0.030556920915842056,414800,,,,,,,,,,,13.839553833007812,13.771881103515625,0.050317004323005676,0.051538314670324326
,569,,,,,,415529,29.640335083007812,2.090810775756836,23.864421844482422,25.89521026611328,-0.8307578563690186,0.03057621791958809,14.171719551086426,14.117865562438965,0.10807441920042038,0.08900144696235657,,,,
29.140417098999023,569,0.5262483954429626,23.557880401611328,24.336442947387695,-0.8319340944290161,0.03054938092827797,415529,,,,,,,,,,,13.823987007141113,13.773797035217285,0.05056915804743767,0.052521996200084686
,570,,,,,,416258,29.498563766479492,1.1869299411773682,23.810516357421875,25.155208587646484,-0.8310131430625916,0.030388804152607918,14.0079984664917,13.949015617370605,0.07564365118741989,0.07460002601146698,,,,
29.116249084472656,570,0.5260120630264282,23.54973602294922,24.323820114135742,-0.8322049975395203,0.030545776709914207,416258,,,,,,,,,,,13.824585914611816,13.79626178741455,0.05102374032139778,0.051192931830883026
,571,,,,,,416987,29.05311393737793,0.8082256317138672,23.77635383605957,24.792438507080078,-0.8311001658439636,0.03043454885482788,13.996962547302246,13.956025123596191,0.06312867254018784,0.0592648983001709,,,,
29.094383239746094,571,0.5224593281745911,23.561765670776367,24.336742401123047,-0.8317104578018188,0.030481798574328423,416987,,,,,,,,,,,13.81578540802002,13.769231796264648,0.05155269056558609,0.051195863634347916
,572,,,,,,417716,29.48569679260254,1.9448610544204712,23.862417221069336,25.746475219726562,-0.8316071629524231,0.030776940286159515,14.113100051879883,14.101308822631836,0.08458206802606583,0.09774221479892731,,,,
29.029237747192383,572,0.5441581010818481,23.54616928100586,24.328426361083984,-0.8321870565414429,0.03050447441637516,417716,,,,,,,,,,,13.816339492797852,13.798226356506348,0.05149034038186073,0.05053972080349922
,573,,,,,,418445,28.957870483398438,1.4557443857192993,23.808828353881836,25.318117141723633,-0.831405520439148,0.030627930536866188,13.965751647949219,14.081080436706543,0.07821711152791977,0.07806431502103806,,,,
28.944303512573242,573,0.49231892824172974,23.55696678161621,24.310516357421875,-0.8319842219352722,0.03054816648364067,418445,,,,,,,,,,,13.820996284484863,13.770106315612793,0.05018322169780731,0.05129585787653923
,574,,,,,,419174,29.176761627197266,1.3871210813522339,23.81747817993164,25.27938461303711,-0.831760048866272,0.03072281740605831,14.052389144897461,13.985837936401367,0.07529966533184052,0.07837110757827759,,,,
28.97981834411621,574,0.5323976874351501,23.528745651245117,24.305021286010742,-0.8325053453445435,0.03054731898009777,419174,,,,,,,,,,,13.81419849395752,13.716172218322754,0.05065681412816048,0.05135582014918327
,575,,,,,,419903,29.349815368652344,1.5147002935409546,23.825231552124023,25.36988067626953,-0.8312364220619202,0.03057796135544777,13.988967895507812,14.065889358520508,0.07291463017463684,0.08454516530036926,,,,
29.095046997070312,575,0.5020021796226501,23.552248001098633,24.3155460357666,-0.8321718573570251,0.030562667176127434,419903,,,,,,,,,,,13.829598426818848,13.771844863891602,0.050843194127082825,0.051617756485939026
,576,,,,,,420632,29.225053787231445,1.65251624584198,23.819360733032227,25.579078674316406,-0.8315878510475159,0.030737726017832756,14.163198471069336,14.000268936157227,0.10256829112768173,0.08412522822618484,,,,
28.97979164123535,576,0.5234311819076538,23.53932762145996,24.310943603515625,-0.8324118256568909,0.030572472140192986,420632,,,,,,,,,,,13.810589790344238,13.738250732421875,0.050184641033411026,0.05179383233189583
,577,,,,,,421361,28.976573944091797,1.2209922075271606,23.792757034301758,25.185537338256836,-0.8317504525184631,0.030721113085746765,13.925883293151855,14.021573066711426,0.06625256687402725,0.09020169079303741,,,,
29.054290771484375,577,0.5327555537223816,23.54420280456543,24.320119857788086,-0.8326037526130676,0.030607054010033607,421361,,,,,,,,,,,13.828191757202148,13.72790813446045,0.05061457306146622,0.051291048526763916
,578,,,,,,422090,29.050334930419922,1.4090735912322998,23.80752944946289,25.507421493530273,-0.8307625651359558,0.03049072064459324,14.15073299407959,14.06644344329834,0.10004987567663193,0.09902240335941315,,,,
29.00047492980957,578,0.5376016497612,23.54277992248535,24.317548751831055,-0.832442045211792,0.03049522638320923,422090,,,,,,,,,,,13.8108491897583,13.73481559753418,0.050448786467313766,0.0507470965385437
,579,,,,,,422819,28.763931274414062,1.119411587715149,23.783349990844727,25.039749145507812,-0.832034707069397,0.03082078881561756,13.902505874633789,14.050527572631836,0.06996221840381622,0.06938225030899048,,,,
28.89472770690918,579,0.5166762471199036,23.537851333618164,24.29905128479004,-0.8324849009513855,0.030533429235219955,422819,,,,,,,,,,,13.820900917053223,13.764894485473633,0.049998603761196136,0.05057307332754135
,580,,,,,,423548,28.816268920898438,1.0211644172668457,23.776626586914062,24.866436004638672,-0.8313796520233154,0.030537104234099388,13.87352466583252,14.004682540893555,0.05739390105009079,0.058449793606996536,,,,
28.94935417175293,580,0.5426573753356934,23.525651931762695,24.305192947387695,-0.8324716687202454,0.030562005937099457,423548,,,,,,,,,,,13.797904968261719,13.742956161499023,0.05056795850396156,0.0510745607316494
,581,,,,,,424277,28.91131019592285,1.5373691320419312,23.813814163208008,25.44640350341797,-0.8322667479515076,0.030979514122009277,13.998713493347168,14.1022310256958,0.07508862018585205,0.09769649058580399,,,,
28.94530487060547,581,0.5160925984382629,23.5317325592041,24.29650115966797,-0.8322358727455139,0.030525607988238335,424277,,,,,,,,,,,13.794143676757812,13.75578784942627,0.05091963708400726,0.050426095724105835
,582,,,,,,425006,28.92122459411621,1.5485895872116089,23.799497604370117,25.42697525024414,-0.8319904804229736,0.030885079875588417,14.090459823608398,14.024332046508789,0.10084141790866852,0.06979460269212723,,,,
28.918542861938477,582,0.5246158838272095,23.520414352416992,24.293073654174805,-0.8324174284934998,0.030541909858584404,425006,,,,,,,,,,,13.806267738342285,13.745121002197266,0.05106433108448982,0.05100913718342781
,583,,,,,,425735,29.04092788696289,1.333579659461975,23.781112670898438,25.200956344604492,-0.8324868679046631,0.030938610434532166,13.97646427154541,13.934490203857422,0.0879770964384079,0.06263509392738342,,,,
28.93604278564453,583,0.5051692128181458,23.525449752807617,24.284765243530273,-0.8326586484909058,0.030557796359062195,425735,,,,,,,,,,,13.760525703430176,13.737791061401367,0.05046023800969124,0.0508870929479599
,584,,,,,,426464,29.21824836730957,1.77922523021698,23.816486358642578,25.659442901611328,-0.8320374488830566,0.030783941969275475,14.088492393493652,14.037127494812012,0.10457057505846024,0.08609949797391891,,,,
28.867551803588867,584,0.5300368666648865,23.51353645324707,24.288490295410156,-0.8326075077056885,0.030575832352042198,426464,,,,,,,,,,,13.782958030700684,13.748311042785645,0.05116600915789604,0.05082451179623604
,585,,,,,,427193,29.080591201782227,1.651963233947754,23.806856155395508,25.475923538208008,-0.8322456479072571,0.030893253162503242,14.02966022491455,14.06740665435791,0.08116474002599716,0.08745135366916656,,,,
28.738496780395508,585,0.5239748954772949,23.5069637298584,24.271902084350586,-0.8324050903320312,0.030508605763316154,427193,,,,,,,,,,,13.782862663269043,13.732945442199707,0.05008455365896225,0.05050254240632057
,586,,,,,,427922,28.482900619506836,0.9696107506752014,23.755115509033203,24.829242706298828,-0.8309119939804077,0.030353164300322533,13.95549488067627,13.990374565124512,0.06445210427045822,0.05341433733701706,,,,
28.699932098388672,586,0.5123898983001709,23.50800132751465,24.270124435424805,-0.8323363065719604,0.030529050156474113,427922,,,,,,,,,,,13.799734115600586,13.752922058105469,0.05019203573465347,0.05099084600806236
,587,,,,,,428651,28.901208877563477,1.068110466003418,23.75454330444336,24.91812515258789,-0.8325789570808411,0.03077719174325466,13.917980194091797,13.923931121826172,0.06831724941730499,0.05758923292160034,,,,
28.669845581054688,587,0.5651217699050903,23.501787185668945,24.29709815979004,-0.8327792286872864,0.03059987537562847,428651,,,,,,,,,,,13.76967716217041,13.744245529174805,0.05071119964122772,0.051838114857673645
,588,,,,,,429380,28.972490310668945,1.6638137102127075,23.79085922241211,25.52023696899414,-0.8313411474227905,0.03051486425101757,14.071335792541504,13.980668067932129,0.10466025024652481,0.07483666390180588,,,,
28.797122955322266,588,0.5164468288421631,23.516395568847656,24.278064727783203,-0.832504391670227,0.030572935938835144,429380,,,,,,,,,,,13.756059646606445,13.782791137695312,0.05012510344386101,0.050567127764225006
,589,,,,,,430109,28.711275100708008,1.2860052585601807,23.767822265625,25.132312774658203,-0.8313173651695251,0.03052496537566185,13.949894905090332,14.07429027557373,0.06943332403898239,0.07486554235219955,,,,
28.7083797454834,589,0.5155752301216125,23.504823684692383,24.267759323120117,-0.833015501499176,0.0305620264261961,430109,,,,,,,,,,,13.750471115112305,13.749232292175293,0.0503605492413044,0.050670456141233444
,590,,,,,,430838,28.834569931030273,1.6728028059005737,23.788528442382812,25.505460739135742,-0.8313459157943726,0.03057217039167881,14.009211540222168,14.137922286987305,0.0872199609875679,0.08888599276542664,,,,
28.775836944580078,590,0.5081851482391357,23.50785255432129,24.271137237548828,-0.832525908946991,0.030557500198483467,430838,,,,,,,,,,,13.746594429016113,13.762365341186523,0.05045175179839134,0.05138694867491722
,591,,,,,,431567,28.78803062438965,1.377837896347046,23.796035766601562,25.279294967651367,-0.8325709104537964,0.030903315171599388,14.030895233154297,14.049548149108887,0.08129768073558807,0.077570840716362,,,,
28.655820846557617,591,0.490231990814209,23.495298385620117,24.241514205932617,-0.8330129981040955,0.030588753521442413,431567,,,,,,,,,,,13.772899627685547,13.745089530944824,0.04928725212812424,0.05093884468078613
,592,,,,,,432296,28.204303741455078,1.388376235961914,23.770339965820312,25.259563446044922,-0.8307379484176636,0.030459081754088402,14.071332931518555,14.082337379455566,0.09243344515562057,0.06657695770263672,,,,
28.589488983154297,592,0.5195832252502441,23.492341995239258,24.254648208618164,-0.832472026348114,0.03054020181298256,432296,,,,,,,,,,,13.783848762512207,13.777044296264648,0.05057311803102493,0.04992733895778656
,593,,,,,,433025,28.463224411010742,1.0474761724472046,23.751142501831055,24.878219604492188,-0.8311442136764526,0.030325738713145256,13.99640941619873,13.91312313079834,0.061868082731962204,0.0587998628616333,,,,
28.399776458740234,593,0.5052165389060974,23.498516082763672,24.25664710998535,-0.8328261375427246,0.030578646808862686,433025,,,,,,,,,,,13.797051429748535,13.778050422668457,0.05059809237718582,0.05051042139530182
,594,,,,,,433754,28.887924194335938,1.4802629947662354,23.780941009521484,25.32294273376465,-0.8316802382469177,0.030644545331597328,13.969865798950195,14.137248039245605,0.070594422519207,0.08978009223937988,,,,
28.602453231811523,594,0.5335345268249512,23.509567260742188,24.28312873840332,-0.8326782584190369,0.03047006018459797,433754,,,,,,,,,,,13.781306266784668,13.781140327453613,0.05050405114889145,0.050856295973062515
,595,,,,,,434483,28.745315551757812,1.2973659038543701,23.772476196289062,25.099515914916992,-0.8322173953056335,0.030726894736289978,14.030753135681152,13.981515884399414,0.0636877790093422,0.07198046147823334,,,,
28.607425689697266,595,0.5111395716667175,23.49302864074707,24.251232147216797,-0.8326472640037537,0.030486376956105232,434483,,,,,,,,,,,13.814796447753906,13.772323608398438,0.049922578036785126,0.050602007657289505
,596,,,,,,435212,28.26553726196289,0.942973792552948,23.738056182861328,24.819299697875977,-0.8316264152526855,0.030490227043628693,13.974523544311523,13.947781562805176,0.06768316775560379,0.054270680993795395,,,,
28.587602615356445,596,0.5309485197067261,23.48818016052246,24.256248474121094,-0.8330475687980652,0.030662598088383675,435212,,,,,,,,,,,13.786046028137207,13.805152893066406,0.05011166259646416,0.05040419474244118
,597,,,,,,435941,28.730531692504883,1.6981794834136963,23.790822982788086,25.531837463378906,-0.8318085670471191,0.03074108436703682,13.996859550476074,14.184518814086914,0.08948227763175964,0.08890337496995926,,,,
28.550199508666992,597,0.5462932586669922,23.487510681152344,24.268983840942383,-0.8325477242469788,0.030535608530044556,435941,,,,,,,,,,,13.765969276428223,13.78315258026123,0.05029321834445,0.0513734370470047
,598,,,,,,436670,28.35702896118164,1.3887499570846558,23.75428009033203,25.231706619262695,-0.8316521048545837,0.030601490288972855,14.024517059326172,14.049208641052246,0.07823283970355988,0.07837170362472534,,,,
28.772397994995117,598,0.5268538594245911,23.486980438232422,24.252639770507812,-0.8329058289527893,0.030525414273142815,436670,,,,,,,,,,,13.769599914550781,13.709822654724121,0.050318311899900436,0.050126343965530396
,599,,,,,,437399,28.806644439697266,1.5072357654571533,23.772884368896484,25.32257080078125,-0.8322585225105286,0.03074820339679718,14.087423324584961,14.032896995544434,0.08075301349163055,0.07845714688301086,,,,
28.628992080688477,599,0.5319007635116577,23.47989845275879,24.253307342529297,-0.8332066535949707,0.030617881566286087,437399,,,,,,,,,,,13.764230728149414,13.72388744354248,0.05160127952694893,0.049887433648109436
,600,,,,,,438128,28.52344512939453,1.2230041027069092,23.760236740112305,25.027841567993164,-0.8311586976051331,0.030519695952534676,14.008916854858398,14.057039260864258,0.05796130374073982,0.07326356321573257,,,,
28.66097640991211,600,0.5616210699081421,23.47309684753418,24.258493423461914,-0.8331966400146484,0.030622847378253937,438128,,,,,,,,,,,13.807855606079102,13.755620956420898,0.05037172883749008,0.05055289715528488
,601,,,,,,438857,28.62188148498535,1.703288197517395,23.788249969482422,25.724206924438477,-0.8316251635551453,0.03072402812540531,14.17237663269043,14.15456771850586,0.11166700720787048,0.10519278049468994,,,,
28.60065269470215,601,0.5034769177436829,23.468908309936523,24.222196578979492,-0.8329507112503052,0.030601419508457184,438857,,,,,,,,,,,13.799651145935059,13.718111038208008,0.049801480025053024,0.050507836043834686
,602,,,,,,439586,28.597476959228516,1.355678677558899,23.757490158081055,25.247390747070312,-0.8329346776008606,0.030927259474992752,13.981460571289062,14.101581573486328,0.08056578785181046,0.08184570074081421,,,,
28.524314880371094,602,0.5340690016746521,23.457006454467773,24.226913452148438,-0.8333753943443298,0.03062148205935955,439586,,,,,,,,,,,13.786564826965332,13.73851490020752,0.05026187375187874,0.050313178449869156
,603,,,,,,440315,28.67707061767578,1.850478172302246,23.78626251220703,25.689411163330078,-0.832578718662262,0.030918149277567863,14.088699340820312,14.076727867126465,0.09212420135736465,0.1034596711397171,,,,
28.442564010620117,603,0.5181847810745239,23.475847244262695,24.238502502441406,-0.8335013389587402,0.030697185546159744,440315,,,,,,,,,,,13.820781707763672,13.754657745361328,0.049949631094932556,0.05076559633016586
,604,,,,,,441044,28.453115463256836,1.687106966972351,23.761953353881836,25.4897518157959,-0.8320529460906982,0.030787333846092224,14.0562744140625,14.091805458068848,0.08726456761360168,0.08958927541971207,,,,
28.48844337463379,604,0.5362063050270081,23.464908599853516,24.241228103637695,-0.8334324955940247,0.030624715611338615,441044,,,,,,,,,,,13.781305313110352,13.7438383102417,0.05092157796025276,0.05071873962879181
,605,,,,,,441773,27.95635414123535,1.1212846040725708,23.74440574645996,25.06208038330078,-0.8310355544090271,0.030372707173228264,14.095285415649414,14.033198356628418,0.08749794960021973,0.06390813738107681,,,,
28.325220108032227,605,0.5159136056900024,23.45108985900879,24.209842681884766,-0.833244264125824,0.030561774969100952,441773,,,,,,,,,,,13.780320167541504,13.756974220275879,0.04981853812932968,0.050344452261924744
,606,,,,,,442502,28.475582122802734,1.3643404245376587,23.763154983520508,25.196914672851562,-0.8318654894828796,0.030639542266726494,13.979211807250977,14.157048225402832,0.07680182158946991,0.0735209509730339,,,,
28.278491973876953,606,0.49243873357772827,23.457246780395508,24.207124710083008,-0.833150327205658,0.03060544654726982,442502,,,,,,,,,,,13.829792976379395,13.771583557128906,0.050142209976911545,0.05058630183339119
,607,,,,,,443231,28.454830169677734,1.3389794826507568,23.760177612304688,25.173967361450195,-0.8331906199455261,0.03102703206241131,14.059576988220215,13.989148139953613,0.08152167499065399,0.06733971834182739,,,,
28.631399154663086,607,0.5498924255371094,23.461071014404297,24.238405227661133,-0.8334788680076599,0.030634600669145584,443231,,,,,,,,,,,13.769646644592285,13.721744537353516,0.05003460869193077,0.05044438689947128
,608,,,,,,443960,28.13359832763672,0.66605544090271,23.712034225463867,24.54456901550293,-0.8322122097015381,0.030548837035894394,13.911314010620117,13.935428619384766,0.04675824195146561,0.05314551666378975,,,,
28.46136474609375,608,0.47128891944885254,23.459508895874023,24.19603157043457,-0.8334631323814392,0.030714107677340508,443960,,,,,,,,,,,13.796076774597168,13.719560623168945,0.04965300112962723,0.050520725548267365
,609,,,,,,444689,28.434507369995117,1.115705966949463,23.734943389892578,24.899446487426758,-0.8321942090988159,0.03068462759256363,13.914102554321289,14.037775039672852,0.06185821071267128,0.05947592481970787,,,,
28.43559455871582,609,0.5365390777587891,23.438617706298828,24.20388412475586,-0.8336213827133179,0.030628828331828117,444689,,,,,,,,,,,13.75723934173584,13.722782135009766,0.048997096717357635,0.05040246248245239
,610,,,,,,445418,28.09429359436035,1.4310638904571533,23.75554847717285,25.30228042602539,-0.8328968286514282,0.03089328110218048,14.00939655303955,14.107966423034668,0.09390813857316971,0.0723336711525917,,,,
28.377779006958008,610,0.5426281094551086,23.451984405517578,24.22842788696289,-0.8336809277534485,0.030660010874271393,445418,,,,,,,,,,,13.760299682617188,13.744681358337402,0.0503326952457428,0.050695545971393585
,611,,,,,,446147,28.397850036621094,1.6327564716339111,23.75736427307129,25.51186180114746,-0.8311111330986023,0.03032555803656578,14.074393272399902,14.113272666931152,0.08353140205144882,0.1040949672460556,,,,
28.30521011352539,611,0.5705500245094299,23.446826934814453,24.238370895385742,-0.8333835005760193,0.03066321834921837,446147,,,,,,,,,,,13.754217147827148,13.748056411743164,0.04997618496417999,0.05127549543976784
,612,,,,,,446876,28.32139778137207,1.3687283992767334,23.747468948364258,25.095603942871094,-0.8315762877464294,0.030498536303639412,13.985206604003906,14.024480819702148,0.06755676865577698,0.06519734859466553,,,,
28.265270233154297,612,0.5185094475746155,23.452484130859375,24.21578598022461,-0.833421528339386,0.030637063086032867,446876,,,,,,,,,,,13.757991790771484,13.775394439697266,0.05019800737500191,0.05061417818069458
,613,,,,,,447605,27.933547973632812,0.761413037776947,23.713489532470703,24.589174270629883,-0.8318837285041809,0.03054381161928177,13.909911155700684,13.923110008239746,0.05349239706993103,0.045504484325647354,,,,
28.288761138916016,613,0.5096454620361328,23.444854736328125,24.19658851623535,-0.8333328366279602,0.03064057230949402,447605,,,,,,,,,,,13.755430221557617,13.752191543579102,0.04960116744041443,0.049783773720264435
,614,,,,,,448334,27.90323829650879,1.1115353107452393,23.725557327270508,24.94256019592285,-0.8307927846908569,0.030283022671937943,14.101497650146484,14.065239906311035,0.06565636396408081,0.06658891588449478,,,,
28.15302848815918,614,0.5154907703399658,23.444332122802734,24.197389602661133,-0.8334048390388489,0.03060361184179783,448334,,,,,,,,,,,13.822399139404297,13.745121955871582,0.0497269332408905,0.04933205991983414
,615,,,,,,449063,28.20461654663086,1.3173049688339233,23.74750328063965,25.154056549072266,-0.8318873643875122,0.030560355633497238,13.969844818115234,14.126058578491211,0.06850524991750717,0.08107518404722214,,,,
28.2134952545166,615,0.5035219192504883,23.434263229370117,24.18087387084961,-0.833380401134491,0.030577771365642548,449063,,,,,,,,,,,13.81814956665039,13.72903060913086,0.04939815029501915,0.049574702978134155
,616,,,,,,449792,27.832862854003906,0.5788794159889221,23.697696685791016,24.478559494018555,-0.8328536152839661,0.030671104788780212,13.922094345092773,13.95115852355957,0.05114595219492912,0.0471416674554348,,,,
28.277284622192383,616,0.5174873471260071,23.441604614257812,24.1990909576416,-0.8335188031196594,0.030628414824604988,449792,,,,,,,,,,,13.821258544921875,13.755592346191406,0.049756281077861786,0.04999125748872757
,617,,,,,,450521,28.32649040222168,1.4109224081039429,23.741352081298828,25.19576644897461,-0.8332856893539429,0.03092001937329769,13.960305213928223,14.089238166809082,0.07845867425203323,0.07133651524782181,,,,
28.380943298339844,617,0.534673810005188,23.44548797607422,24.214096069335938,-0.8338495492935181,0.030759548768401146,450521,,,,,,,,,,,13.79781436920166,13.737382888793945,0.04950081929564476,0.050754841417074203
,618,,,,,,451250,28.127948760986328,1.850048542022705,23.771562576293945,25.5527286529541,-0.8316933512687683,0.03074698895215988,14.149969100952148,14.159421920776367,0.09164499491453171,0.07958252727985382,,,,
28.24380874633789,618,0.5141287446022034,23.422639846801758,24.179935455322266,-0.833938479423523,0.030679628252983093,451250,,,,,,,,,,,13.775378227233887,13.731026649475098,0.04975711926817894,0.05028961971402168
,619,,,,,,451979,28.359481811523438,1.0364060401916504,23.717788696289062,24.841754913330078,-0.8318764567375183,0.030424484983086586,13.992996215820312,13.94789981842041,0.06406863033771515,0.05708834528923035,,,,
28.22125244140625,619,0.5007158517837524,23.424962997436523,24.17555809020996,-0.8338912725448608,0.030673759058117867,451979,,,,,,,,,,,13.778667449951172,13.768336296081543,0.04982911795377731,0.0502166673541069
,620,,,,,,452708,28.24898910522461,1.1091415882110596,23.721885681152344,24.924686431884766,-0.8332524299621582,0.03085804171860218,13.909384727478027,14.061854362487793,0.06132020801305771,0.06832762807607651,,,,
28.171472549438477,620,0.5167398452758789,23.431358337402344,24.19331169128418,-0.8339318037033081,0.030653605237603188,452708,,,,,,,,,,,13.807619094848633,13.734832763671875,0.05039389804005623,0.05032384395599365
,621,,,,,,453437,28.50357437133789,1.7339122295379639,23.779695510864258,25.47867774963379,-0.832842230796814,0.03101321868598461,14.064476013183594,14.134953498840332,0.0814860612154007,0.08491167426109314,,,,
28.301212310791016,621,0.5280986428260803,23.429773330688477,24.193084716796875,-0.8339835405349731,0.030673876404762268,453437,,,,,,,,,,,13.785737991333008,13.73425579071045,0.04974069446325302,0.050112370401620865
,622,,,,,,454166,27.98676109313965,1.4083118438720703,23.734018325805664,25.268842697143555,-0.8315783739089966,0.030491964891552925,14.035426139831543,14.07194709777832,0.09263376891613007,0.07349823415279388,,,,
28.294912338256836,622,0.4934394061565399,23.432842254638672,24.176639556884766,-0.8337715268135071,0.030651232227683067,454166,,,,,,,,,,,13.768402099609375,13.698962211608887,0.049417853355407715,0.05000266432762146
,623,,,,,,454895,27.76913070678711,1.0102877616882324,23.703937530517578,24.914304733276367,-0.8327966928482056,0.03076958656311035,13.937411308288574,14.052762985229492,0.06960166990756989,0.07144700735807419,,,,
28.0552921295166,623,0.5573104023933411,23.426069259643555,24.205835342407227,-0.8332709074020386,0.030571019276976585,454895,,,,,,,,,,,13.758204460144043,13.7813720703125,0.04981846734881401,0.05040265619754791
,624,,,,,,455624,27.825878143310547,0.8473738431930542,23.70534324645996,24.68829917907715,-0.8330670595169067,0.030782559886574745,13.888123512268066,14.009191513061523,0.06228519603610039,0.04956937953829765,,,,
28.158435821533203,624,0.5195444822311401,23.414085388183594,24.174333572387695,-0.8341988325119019,0.030702337622642517,455624,,,,,,,,,,,13.76152515411377,13.751936912536621,0.04910709336400032,0.05099043622612953
,625,,,,,,456353,27.73143768310547,0.7105017304420471,23.6948299407959,24.610702514648438,-0.8322489857673645,0.030525805428624153,14.004894256591797,13.925215721130371,0.0540662445127964,0.0580594539642334,,,,
28.08649444580078,625,0.530655026435852,23.412933349609375,24.178226470947266,-0.834141731262207,0.030704809352755547,456353,,,,,,,,,,,13.791072845458984,13.758360862731934,0.05014226585626602,0.04985083267092705
,626,,,,,,457082,27.989850997924805,1.2092491388320923,23.718727111816406,24.997440338134766,-0.8321888446807861,0.030605584383010864,14.031888961791992,14.02836799621582,0.07533292472362518,0.059488169848918915,,,,
28.012813568115234,626,0.5333473682403564,23.41599464416504,24.18280601501465,-0.8339609503746033,0.030622730031609535,457082,,,,,,,,,,,13.792210578918457,13.756817817687988,0.05011313781142235,0.049916114658117294
,627,,,,,,457811,28.155994415283203,1.1301937103271484,23.718217849731445,24.941890716552734,-0.8329511284828186,0.03080913983285427,13.950453758239746,13.959443092346191,0.06648974120616913,0.06522224843502045,,,,
28.16532325744629,627,0.5032104253768921,23.411540985107422,24.157733917236328,-0.8341127634048462,0.03064924106001854,457811,,,,,,,,,,,13.759123802185059,13.75377368927002,0.04908271133899689,0.049835484474897385
,628,,,,,,458540,28.07193374633789,1.3939223289489746,23.7280330657959,25.22421646118164,-0.8317679166793823,0.030488472431898117,14.019163131713867,14.07771110534668,0.08177302777767181,0.07806919515132904,,,,
28.301292419433594,628,0.4860873222351074,23.415124893188477,24.15309715270996,-0.83420729637146,0.030662240460515022,458540,,,,,,,,,,,13.730295181274414,13.723374366760254,0.0493190661072731,0.049664001911878586
,629,,,,,,459269,28.181129455566406,1.4593689441680908,23.727006912231445,25.315824508666992,-0.8325082659721375,0.03079865500330925,14.004478454589844,14.019929885864258,0.08530417084693909,0.08652336150407791,,,,
28.163545608520508,629,0.5362075567245483,23.408021926879883,24.17198371887207,-0.8341066837310791,0.030706210061907768,459269,,,,,,,,,,,13.731860160827637,13.744641304016113,0.049372024834156036,0.04980017989873886
,630,,,,,,459998,28.640390396118164,1.69554603099823,23.73959732055664,25.41176414489746,-0.8334255218505859,0.031036287546157837,13.925217628479004,14.133371353149414,0.06882380694150925,0.0960543155670166,,,,
28.25771713256836,630,0.5022512674331665,23.408388137817383,24.152721405029297,-0.8342063426971436,0.030685756355524063,459998,,,,,,,,,,,13.75479507446289,13.72303581237793,0.04937021806836128,0.04927084967494011
,631,,,,,,460727,28.029613494873047,1.3707646131515503,23.723247528076172,25.135147094726562,-0.8329845070838928,0.030840400606393814,13.963907241821289,14.078401565551758,0.07852251827716827,0.06678178161382675,,,,
28.379621505737305,631,0.5118473768234253,23.40304183959961,24.158811569213867,-0.8341410160064697,0.030636556446552277,460727,,,,,,,,,,,13.747485160827637,13.724717140197754,0.049983296543359756,0.04998617619276047
,632,,,,,,461456,27.772991180419922,1.105394721031189,23.702157974243164,24.836801528930664,-0.8329194784164429,0.0308869406580925,13.964587211608887,14.021568298339844,0.059835247695446014,0.056547861546278,,,,
28.01767921447754,632,0.5218863487243652,23.401628494262695,24.15407371520996,-0.8339965343475342,0.030654896050691605,461456,,,,,,,,,,,13.774378776550293,13.733086585998535,0.048991549760103226,0.04930611699819565
,633,,,,,,462185,27.67962646484375,1.1291425228118896,23.7070255279541,24.92317771911621,-0.8320727944374084,0.030575266107916832,13.973207473754883,14.034823417663574,0.05879615247249603,0.07152072340250015,,,,
27.950838088989258,633,0.5197601318359375,23.412525177001953,24.168569564819336,-0.8339345455169678,0.030655601993203163,462185,,,,,,,,,,,13.808487892150879,13.769968032836914,0.049459315836429596,0.049772363156080246
,634,,,,,,462914,28.032625198364258,1.575697660446167,23.728212356567383,25.390872955322266,-0.8324455618858337,0.03077884018421173,14.118176460266113,13.995343208312988,0.09719758480787277,0.07776203006505966,,,,
27.98117446899414,634,0.5087944865226746,23.392892837524414,24.141040802001953,-0.8342175483703613,0.03064568154513836,462914,,,,,,,,,,,13.787425994873047,13.718636512756348,0.04863577336072922,0.050111740827560425
,635,,,,,,463643,27.658416748046875,1.4705941677093506,23.722082138061523,25.236906051635742,-0.8332757949829102,0.030964111909270287,13.943914413452148,14.10335636138916,0.07550999522209167,0.0803956389427185,,,,
27.885087966918945,635,0.49882370233535767,23.40287971496582,24.149370193481445,-0.8340497016906738,0.030724497511982918,463643,,,,,,,,,,,13.776728630065918,13.779091835021973,0.04965578019618988,0.04975784569978714
,636,,,,,,464372,27.736103057861328,1.1308846473693848,23.70476531982422,25.021263122558594,-0.8327353000640869,0.03076082095503807,14.029016494750977,14.00472354888916,0.08010800182819366,0.07010403275489807,,,,
27.975303649902344,636,0.49690183997154236,23.379796981811523,24.12251853942871,-0.8344755172729492,0.030658459290862083,464372,,,,,,,,,,,13.723215103149414,13.753961563110352,0.049336858093738556,0.049522656947374344
,637,,,,,,465101,28.079364776611328,1.308227300643921,23.705678939819336,25.101638793945312,-0.8334714770317078,0.0309675931930542,13.945891380310059,13.977740287780762,0.07474418729543686,0.0736246109008789,,,,
28.1138858795166,637,0.5012161731719971,23.384891510009766,24.124656677246094,-0.8344358801841736,0.03070269525051117,465101,,,,,,,,,,,13.72059440612793,13.705587387084961,0.04856973886489868,0.04926018416881561
,638,,,,,,465830,27.96446990966797,1.5599048137664795,23.734786987304688,25.408985137939453,-0.832421064376831,0.030792230740189552,14.113890647888184,14.116632461547852,0.09448163956403732,0.08437031507492065,,,,
28.095094680786133,638,0.5304242968559265,23.395084381103516,24.151538848876953,-0.834128201007843,0.030601320788264275,465830,,,,,,,,,,,13.73009204864502,13.73741626739502,0.04917242377996445,0.04907592013478279
,639,,,,,,466559,27.76105308532715,1.1195930242538452,23.70427894592285,24.91563606262207,-0.8330863118171692,0.030848659574985504,13.950973510742188,14.047758102416992,0.07144717127084732,0.058868709951639175,,,,
27.97589683532715,639,0.475742906332016,23.391996383666992,24.11998176574707,-0.8340955972671509,0.030708782374858856,466559,,,,,,,,,,,13.764724731445312,13.78051471710205,0.04848296567797661,0.049543432891368866
,640,,,,,,467288,27.976625442504883,0.9860864877700806,23.69623565673828,24.81226348876953,-0.8330631852149963,0.03075425885617733,13.899667739868164,14.010669708251953,0.057704608887434006,0.06689769774675369,,,,
27.94357681274414,640,0.5073031187057495,23.380481719970703,24.127979278564453,-0.8340615034103394,0.030740097165107727,467288,,,,,,,,,,,13.741352081298828,13.763251304626465,0.04931267350912094,0.04945652559399605
,641,,,,,,468017,28.03128433227539,1.52095365524292,23.727310180664062,25.447391510009766,-0.8322867155075073,0.03055662475526333,14.063719749450684,14.180541038513184,0.09792286157608032,0.09400367736816406,,,,
28.155031204223633,641,0.5285290479660034,23.398372650146484,24.163963317871094,-0.8339955806732178,0.030634624883532524,468017,,,,,,,,,,,13.735130310058594,13.766517639160156,0.04978042468428612,0.05048782750964165
,642,,,,,,468746,27.78795623779297,0.8690026998519897,23.68726348876953,24.675134658813477,-0.8333290219306946,0.030898915603756905,13.902952194213867,14.006993293762207,0.05615241080522537,0.05452394112944603,,,,
28.086387634277344,642,0.5164509415626526,23.392913818359375,24.146255493164062,-0.8342804312705994,0.03065500780940056,468746,,,,,,,,,,,13.742593765258789,13.752403259277344,0.04976877197623253,0.04925514757633209
,643,,,,,,469475,27.97629737854004,1.7983942031860352,23.745197296142578,25.60169219970703,-0.8337666988372803,0.03125378489494324,14.128955841064453,14.075294494628906,0.10464783757925034,0.0868181586265564,,,,
27.8383731842041,643,0.501732349395752,23.380435943603516,24.130064010620117,-0.834191083908081,0.03067348152399063,469475,,,,,,,,,,,13.780542373657227,13.715662956237793,0.049897510558366776,0.04985195770859718
,644,,,,,,470204,27.610206604003906,0.9586078524589539,23.675291061401367,24.74979591369629,-0.8332396149635315,0.030867232009768486,13.906171798706055,13.982633590698242,0.05527731403708458,0.06376146525144577,,,,
27.760744094848633,644,0.5130401849746704,23.375410079956055,24.12329864501953,-0.8345504999160767,0.030818158760666847,470204,,,,,,,,,,,13.757464408874512,13.775005340576172,0.04874902591109276,0.049527473747730255
,645,,,,,,470933,27.461769104003906,0.8431183099746704,23.69464111328125,24.649490356445312,-0.8324635624885559,0.030627291649580002,13.899270057678223,14.116621017456055,0.04974116012454033,0.05691439285874367,,,,
27.83636474609375,645,0.5045478343963623,23.38155746459961,24.129772186279297,-0.8345284461975098,0.030802126973867416,470933,,,,,,,,,,,13.71498966217041,13.743169784545898,0.04953804984688759,0.049648717045784
,646,,,,,,471662,27.797021865844727,1.4009596109390259,23.71969985961914,25.198871612548828,-0.8324593305587769,0.030827095732092857,14.106447219848633,14.019495964050293,0.06979082524776459,0.08595268428325653,,,,
27.86648178100586,646,0.5157327055931091,23.373987197875977,24.124271392822266,-0.8345726132392883,0.030756451189517975,471662,,,,,,,,,,,13.75883960723877,13.742051124572754,0.048785485327243805,0.049695275723934174
,647,,,,,,472391,27.73802375793457,1.2716001272201538,23.71307945251465,24.989124298095703,-0.8337975144386292,0.031073477119207382,13.990513801574707,13.989289283752441,0.0711439847946167,0.05690712854266167,,,,
27.82326316833496,647,0.521595299243927,23.377424240112305,24.129945755004883,-0.8342282772064209,0.030744554474949837,472391,,,,,,,,,,,13.757591247558594,13.71528434753418,0.048791494220495224,0.049558114260435104
,648,,,,,,473120,27.68130874633789,1.3978846073150635,23.702861785888672,25.17447853088379,-0.8325085639953613,0.030682720243930817,14.013009071350098,14.024388313293457,0.08165981620550156,0.07287125289440155,,,,
27.812156677246094,648,0.5115340948104858,23.37009048461914,24.115863800048828,-0.8349846601486206,0.03073304146528244,473120,,,,,,,,,,,13.747720718383789,13.717375755310059,0.0487372986972332,0.049262356013059616
,649,,,,,,473849,27.951919555664062,1.8728669881820679,23.73746681213379,25.579471588134766,-0.8321737051010132,0.030717529356479645,14.144896507263184,14.062837600708008,0.09776479750871658,0.08334532380104065,,,,
27.665246963500977,649,0.5218866467475891,23.372913360595703,24.125690460205078,-0.8344787359237671,0.03069899044930935,473849,,,,,,,,,,,13.787383079528809,13.714764595031738,0.04887910187244415,0.04948083311319351
,650,,,,,,474578,27.422542572021484,0.9233721494674683,23.680971145629883,24.753440856933594,-0.8320125341415405,0.03049822896718979,13.98855209350586,14.084614753723145,0.06307912617921829,0.05907464399933815,,,,
27.858484268188477,650,0.5068859457969666,23.374814987182617,24.118263244628906,-0.8341664671897888,0.03062322922050953,474578,,,,,,,,,,,13.787724494934082,13.687596321105957,0.04886404424905777,0.04914027079939842
,651,,,,,,475307,27.690528869628906,1.2565363645553589,23.692943572998047,25.08414649963379,-0.8336467742919922,0.030938422307372093,13.988651275634766,14.023703575134277,0.07258297502994537,0.08000745624303818,,,,
27.906951904296875,651,0.5602930784225464,23.371782302856445,24.148286819458008,-0.8345213532447815,0.030697619542479515,475307,,,,,,,,,,,13.781826972961426,13.71094799041748,0.049747053533792496,0.049526114016771317
,652,,,,,,476036,27.43174171447754,1.1722463369369507,23.685470581054688,24.897674560546875,-0.8331447243690491,0.03087259642779827,13.953688621520996,14.120953559875488,0.058563463389873505,0.06665028631687164,,,,
27.836095809936523,652,0.49945682287216187,23.359756469726562,24.10535430908203,-0.8351841568946838,0.03083088807761669,476036,,,,,,,,,,,13.763083457946777,13.737906455993652,0.04959658905863762,0.04957415908575058
,653,,,,,,476765,27.66889190673828,1.6606974601745605,23.71861457824707,25.460575103759766,-0.832859992980957,0.030797122046351433,14.061985969543457,14.182640075683594,0.07606342434883118,0.1062571108341217,,,,
27.734172821044922,653,0.5326372385025024,23.379985809326172,24.13936424255371,-0.8348686695098877,0.03073047287762165,476765,,,,,,,,,,,13.800188064575195,13.762049674987793,0.04920037090778351,0.04941052570939064
,654,,,,,,477494,27.809715270996094,1.5946712493896484,23.71534538269043,25.347200393676758,-0.8337840437889099,0.031148476526141167,14.003190040588379,14.066950798034668,0.08646361529827118,0.0804428681731224,,,,
27.766645431518555,654,0.5174721479415894,23.35454750061035,24.109210968017578,-0.8349426984786987,0.030791830271482468,477494,,,,,,,,,,,13.747305870056152,13.736656188964844,0.04924727603793144,0.04993438348174095
,655,,,,,,478223,27.779970169067383,1.3001844882965088,23.700700759887695,25.081655502319336,-0.8333732485771179,0.030836287885904312,14.009673118591309,14.088654518127441,0.07578883320093155,0.07038364559412003,,,,
27.89167594909668,655,0.4974842071533203,23.35698890686035,24.100496292114258,-0.8347715139389038,0.030695924535393715,478223,,,,,,,,,,,13.749886512756348,13.709853172302246,0.04925954341888428,0.04969029501080513
,656,,,,,,478952,27.492698669433594,1.3264108896255493,23.689342498779297,25.12666130065918,-0.832965612411499,0.030735114589333534,14.06213092803955,14.024402618408203,0.08681391179561615,0.0680105909705162,,,,
27.86557388305664,656,0.49508780241012573,23.35410499572754,24.09930992126465,-0.8349621295928955,0.030709126964211464,478952,,,,,,,,,,,13.765422821044922,13.73206901550293,0.048763059079647064,0.05077289417386055
,657,,,,,,479681,27.846832275390625,1.5307494401931763,23.703649520874023,25.259119033813477,-0.8330991864204407,0.030803721398115158,14.07001781463623,14.051636695861816,0.08215097337961197,0.07587116211652756,,,,
27.666152954101562,657,0.5433953404426575,23.36333656311035,24.130645751953125,-0.834294855594635,0.030674796551465988,479681,,,,,,,,,,,13.789101600646973,13.744132995605469,0.04949649050831795,0.0496247373521328
,658,,,,,,480410,27.63534927368164,0.8696322441101074,23.676197052001953,24.666759490966797,-0.8329762816429138,0.030735531821846962,13.952767372131348,13.997954368591309,0.06265810877084732,0.04849780350923538,,,,
27.903352737426758,658,0.5164850354194641,23.351394653320312,24.102134704589844,-0.8350033760070801,0.03065473586320877,480410,,,,,,,,,,,13.754227638244629,13.714824676513672,0.04874516278505325,0.04975678399205208
,659,,,,,,481139,27.863664627075195,1.69173264503479,23.722883224487305,25.440431594848633,-0.8334808349609375,0.031059855595231056,14.141715049743652,14.048028945922852,0.09143666177988052,0.0828971117734909,,,,
27.7243709564209,659,0.516697347164154,23.358631134033203,24.108497619628906,-0.8343873620033264,0.03065483272075653,481139,,,,,,,,,,,13.781537055969238,13.758366584777832,0.04882532358169556,0.04948253557085991
,660,,,,,,481868,27.868576049804688,1.5727131366729736,23.717296600341797,25.363489151000977,-0.8327605724334717,0.030758749693632126,14.012430191040039,14.163692474365234,0.08959385007619858,0.0823737233877182,,,,
27.841115951538086,660,0.5221002697944641,23.349838256835938,24.104448318481445,-0.835036039352417,0.03075251542031765,481868,,,,,,,,,,,13.761245727539062,13.706058502197266,0.048900071531534195,0.04980907216668129
,661,,,,,,482597,27.672868728637695,2.0794529914855957,23.746559143066406,25.984472274780273,-0.8334406614303589,0.031208965927362442,14.169407844543457,14.190774917602539,0.12685422599315643,0.112786665558815,,,,
27.704063415527344,661,0.5229468941688538,23.346515655517578,24.102741241455078,-0.8347760438919067,0.03074556402862072,482597,,,,,,,,,,,13.70227336883545,13.749659538269043,0.049745824187994,0.04920969158411026
,662,,,,,,483326,27.80225372314453,1.27201247215271,23.702600479125977,25.0062198638916,-0.8324868679046631,0.030671216547489166,13.94795036315918,14.082274436950684,0.0778115838766098,0.05571421980857849,,,,
27.826541900634766,662,0.4986194372177124,23.35984230041504,24.0993709564209,-0.834719717502594,0.030794447287917137,483326,,,,,,,,,,,13.728529930114746,13.726325988769531,0.04879989102482796,0.04924487695097923
,663,,,,,,484055,27.945993423461914,1.2455464601516724,23.687299728393555,24.95379066467285,-0.8333397507667542,0.03079965151846409,13.937470436096191,14.00361156463623,0.06684422492980957,0.06190166249871254,,,,
27.913822174072266,663,0.5235121250152588,23.348617553710938,24.1064510345459,-0.8350827097892761,0.030754990875720978,484055,,,,,,,,,,,13.700493812561035,13.679460525512695,0.04977576434612274,0.04943958669900894
,664,,,,,,484784,27.636245727539062,1.1617438793182373,23.67794418334961,24.901742935180664,-0.8339001536369324,0.031147783622145653,13.991907119750977,13.932665824890137,0.06287335604429245,0.06570935994386673,,,,
27.901714324951172,664,0.5191545486450195,23.333209991455078,24.08380126953125,-0.8351418972015381,0.03076736256480217,484784,,,,,,,,,,,13.753233909606934,13.664626121520996,0.04880217835307121,0.0494018979370594
,665,,,,,,485513,27.991958618164062,1.5947446823120117,23.704729080200195,25.344064712524414,-0.8325859308242798,0.030797302722930908,14.09394359588623,14.125543594360352,0.0850600004196167,0.08333463221788406,,,,
27.765945434570312,665,0.5191985964775085,23.32322120666504,24.074634552001953,-0.8351655006408691,0.03080679476261139,485513,,,,,,,,,,,13.749974250793457,13.69083023071289,0.048658519983291626,0.049701184034347534
,666,,,,,,486242,27.184062957763672,0.915647566318512,23.664691925048828,24.60947608947754,-0.8333185911178589,0.031059367582201958,13.849654197692871,14.042612075805664,0.049296412616968155,0.048092976212501526,,,,
27.615760803222656,666,0.49915605783462524,23.335039138793945,24.074235916137695,-0.8348860144615173,0.03080267459154129,486242,,,,,,,,,,,13.73745346069336,13.75281047821045,0.048470914363861084,0.0494513176381588
,667,,,,,,486971,27.781991958618164,1.2240533828735352,23.6833553314209,25.11963653564453,-0.8327574133872986,0.030714254826307297,13.968750953674316,14.158421516418457,0.07215234637260437,0.0926966741681099,,,,
27.741588592529297,667,0.5212883353233337,23.33707618713379,24.08683204650879,-0.8353754878044128,0.030819321051239967,486971,,,,,,,,,,,13.711167335510254,13.770879745483398,0.04860648885369301,0.04921656847000122
,668,,,,,,487700,27.820524215698242,1.3174177408218384,23.685914993286133,25.12322998046875,-0.8326924443244934,0.030625149607658386,14.03880500793457,14.039308547973633,0.08500933647155762,0.0707116574048996,,,,
27.922039031982422,668,0.5199491381645203,23.330612182617188,24.07636260986328,-0.8352397680282593,0.030775010585784912,487700,,,,,,,,,,,13.710107803344727,13.719779968261719,0.04834824427962303,0.048804864287376404
,669,,,,,,488429,27.352230072021484,0.9215980172157288,23.658668518066406,24.73011016845703,-0.8329469561576843,0.030743109062314034,13.964603424072266,13.977957725524902,0.06559323519468307,0.056531939655542374,,,,
27.73649787902832,669,0.49737998843193054,23.330915451049805,24.063722610473633,-0.8349372148513794,0.030770359560847282,488429,,,,,,,,,,,13.734010696411133,13.69941520690918,0.0486413836479187,0.0481804758310318
,670,,,,,,489158,27.818819046020508,1.111258864402771,23.683156967163086,24.884065628051758,-0.8329400420188904,0.030758678913116455,14.002018928527832,13.963970184326172,0.054209474474191666,0.0748470202088356,,,,
27.807451248168945,670,0.4938918948173523,23.332210540771484,24.070106506347656,-0.8354204297065735,0.0307452492415905,489158,,,,,,,,,,,13.730252265930176,13.689648628234863,0.04922999069094658,0.04896273463964462
,671,,,,,,489887,27.84377670288086,1.5261014699935913,23.694137573242188,25.18161964416504,-0.833418607711792,0.030941391363739967,13.970065116882324,14.085527420043945,0.0712258517742157,0.07365546375513077,,,,
27.785167694091797,671,0.5097224712371826,23.32879066467285,24.073951721191406,-0.8351789712905884,0.030739955604076385,489887,,,,,,,,,,,13.771991729736328,13.657726287841797,0.048835620284080505,0.049224480986595154
,672,,,,,,490616,27.974266052246094,1.142028570175171,23.696413040161133,24.941570281982422,-0.8337145447731018,0.030920485034585,13.929471015930176,13.996257781982422,0.05930939316749573,0.07552151381969452,,,,
28.04693603515625,672,0.4838567078113556,23.33792495727539,24.070682525634766,-0.8358604907989502,0.03085187077522278,490616,,,,,,,,,,,13.691230773925781,13.678025245666504,0.04885377362370491,0.04930983856320381
,673,,,,,,491345,27.69041633605957,1.186564326286316,23.672142028808594,24.957826614379883,-0.8336992263793945,0.0309918150305748,13.998885154724121,13.965664863586426,0.07325192540884018,0.06522656232118607,,,,
27.86646270751953,673,0.4943835735321045,23.332164764404297,24.067184448242188,-0.8350666761398315,0.03077062778174877,491345,,,,,,,,,,,13.702756881713867,13.705646514892578,0.04888841137290001,0.04867933318018913
,674,,,,,,492074,28.133211135864258,2.198922634124756,23.72831916809082,25.871803283691406,-0.8330041766166687,0.030973387882113457,14.091009140014648,14.118270874023438,0.11887256801128387,0.08993036299943924,,,,
27.775981903076172,674,0.5547633171081543,23.322877883911133,24.088064193725586,-0.8355984687805176,0.03084949590265751,492074,,,,,,,,,,,13.698674201965332,13.684646606445312,0.04875314235687256,0.048807788640260696
,675,,,,,,492803,27.983112335205078,1.787578821182251,23.714040756225586,25.602497100830078,-0.8331279754638672,0.03088155761361122,14.160784721374512,13.996664047241211,0.10395201295614243,0.09498281031847,,,,
27.85004425048828,675,0.5024124383926392,23.324853897094727,24.062021255493164,-0.8356292247772217,0.030779635533690453,492803,,,,,,,,,,,13.68580436706543,13.67564868927002,0.048093296587467194,0.04909934848546982
,676,,,,,,493532,27.653512954711914,1.2583318948745728,23.68290901184082,25.05853271484375,-0.8339868187904358,0.030984053388237953,13.95398235321045,14.067424774169922,0.08226735889911652,0.06702367216348648,,,,
27.780263900756836,676,0.4945707619190216,23.331703186035156,24.067440032958984,-0.8353365659713745,0.03078746609389782,493532,,,,,,,,,,,13.740742683410645,13.65638256072998,0.048549480736255646,0.04913494363427162
,677,,,,,,494261,27.76927947998047,1.0178133249282837,23.658069610595703,24.809955596923828,-0.8330184817314148,0.03060595691204071,13.954671859741211,13.955534934997559,0.07819337397813797,0.050401471555233,,,,
27.95142936706543,677,0.533087432384491,23.30833625793457,24.061052322387695,-0.8356714248657227,0.030836980789899826,494261,,,,,,,,,,,13.716221809387207,13.645421028137207,0.04843626543879509,0.04880351200699806
,678,,,,,,494990,27.647127151489258,1.526666522026062,23.689178466796875,25.2888240814209,-0.8326750993728638,0.030730606988072395,14.046135902404785,14.08559799194336,0.0842154324054718,0.08304587751626968,,,,
27.631288528442383,678,0.4899722933769226,23.307443618774414,24.041166305541992,-0.834894597530365,0.030761083588004112,494990,,,,,,,,,,,13.721501350402832,13.697015762329102,0.04853947460651398,0.04920669272542
,679,,,,,,495719,27.19023323059082,1.1299525499343872,23.653823852539062,24.828468322753906,-0.8328323364257812,0.030689075589179993,13.919635772705078,14.015326499938965,0.06438226252794266,0.05755408853292465,,,,
27.56057357788086,679,0.5026012063026428,23.31447982788086,24.051599502563477,-0.8350796699523926,0.03070729225873947,495719,,,,,,,,,,,13.741928100585938,13.697332382202148,0.04852239787578583,0.04864460229873657
,680,,,,,,496448,27.348770141601562,1.1084002256393433,23.664907455444336,24.83863639831543,-0.8331734538078308,0.030834680423140526,13.975707054138184,13.99582290649414,0.07019619643688202,0.05371257662773132,,,,
27.502700805664062,680,0.5055274367332458,23.31282615661621,24.0537109375,-0.8347079157829285,0.03076252155005932,496448,,,,,,,,,,,13.73505973815918,13.756749153137207,0.048584409058094025,0.0490381121635437
,681,,,,,,497177,27.293066024780273,1.7494200468063354,23.704877853393555,25.495758056640625,-0.8330519795417786,0.031071685254573822,14.132150650024414,14.12743854522705,0.0920969620347023,0.09113903343677521,,,,
27.644546508789062,681,0.5232797861099243,23.31591033935547,24.06917953491211,-0.8351717591285706,0.03085368499159813,497177,,,,,,,,,,,13.736578941345215,13.724067687988281,0.04877924174070358,0.04954637587070465
,682,,,,,,497906,27.69732666015625,1.4742406606674194,23.69573974609375,25.25299644470215,-0.8329738974571228,0.03084174357354641,13.981099128723145,14.19569206237793,0.07909015566110611,0.08493587374687195,,,,
27.575679779052734,682,0.5015304684638977,23.31103515625,24.048540115356445,-0.8350697159767151,0.030736487358808517,497906,,,,,,,,,,,13.721698760986328,13.701688766479492,0.04795669764280319,0.04939267411828041
,683,,,,,,498635,27.8160457611084,1.447251796722412,23.704845428466797,25.217172622680664,-0.8341969847679138,0.03114466182887554,13.960187911987305,14.037254333496094,0.08380071818828583,0.07394611090421677,,,,
27.6756591796875,683,0.5224973559379578,23.31184959411621,24.059850692749023,-0.8355156779289246,0.030881453305482864,498635,,,,,,,,,,,13.711822509765625,13.714566230773926,0.04845047369599342,0.048899490386247635
,684,,,,,,499364,27.536890029907227,1.4092378616333008,23.68651580810547,25.12961769104004,-0.8332817554473877,0.03084321692585945,13.969000816345215,14.010425567626953,0.07773818075656891,0.06995382905006409,,,,
27.608549118041992,684,0.4927097260951996,23.318628311157227,24.049592971801758,-0.835608184337616,0.03081977553665638,499364,,,,,,,,,,,13.7212553024292,13.685124397277832,0.04807232692837715,0.04884593188762665
,685,,,,,,500093,27.46601676940918,1.0472311973571777,23.65251350402832,24.8696346282959,-0.8326463103294373,0.030597807839512825,13.910470962524414,14.040787696838379,0.06857159733772278,0.07012848556041718,,,,
27.663583755493164,685,0.5496756434440613,23.316181182861328,24.075267791748047,-0.8353084921836853,0.030810421332716942,500093,,,,,,,,,,,13.733138084411621,13.714117050170898,0.04845362901687622,0.048395801335573196
,686,,,,,,500822,27.36892318725586,1.0236493349075317,23.658897399902344,24.815326690673828,-0.8329411745071411,0.03070542775094509,13.981827735900879,13.92454719543457,0.07397064566612244,0.054943908005952835,,,,
27.828676223754883,686,0.5215417742729187,23.292213439941406,24.035690307617188,-0.8358152508735657,0.030798301100730896,500822,,,,,,,,,,,13.652300834655762,13.652363777160645,0.04794257506728172,0.04860084131360054
,687,,,,,,501551,27.693920135498047,1.5776560306549072,23.689332962036133,25.399660110473633,-0.8340347409248352,0.03119175136089325,14.008177757263184,14.072033882141113,0.08790316432714462,0.09639936685562134,,,,
27.691265106201172,687,0.5012720227241516,23.296646118164062,24.031633377075195,-0.8354836106300354,0.030803728848695755,501551,,,,,,,,,,,13.713468551635742,13.668089866638184,0.04792388156056404,0.048948634415864944
,688,,,,,,502280,28.153873443603516,1.9218027591705322,23.721389770507812,25.670940399169922,-0.8332584500312805,0.030972080305218697,14.09285831451416,14.054609298706055,0.10253001749515533,0.09520281851291656,,,,
27.710329055786133,688,0.48960375785827637,23.310039520263672,24.039396286010742,-0.8356226086616516,0.030864352360367775,502280,,,,,,,,,,,13.72131061553955,13.684534072875977,0.04803737998008728,0.04887056723237038
,689,,,,,,503009,27.885282516479492,1.4414918422698975,23.682750701904297,25.26645278930664,-0.8332948684692383,0.03090035356581211,14.040142059326172,14.07636547088623,0.10106011480093002,0.07153086364269257,,,,
27.887372970581055,689,0.528756320476532,23.297760009765625,24.046445846557617,-0.8358352780342102,0.030774448066949844,503009,,,,,,,,,,,13.680163383483887,13.681770324707031,0.0481853187084198,0.04867280647158623
,690,,,,,,503738,27.32003402709961,1.041316032409668,23.653301239013672,24.847333908081055,-0.832902729511261,0.030846988782286644,13.977255821228027,14.053646087646484,0.0691603273153305,0.06551387906074524,,,,
27.83677101135254,690,0.49668318033218384,23.30173110961914,24.034944534301758,-0.8354616761207581,0.030869433656334877,503738,,,,,,,,,,,13.687667846679688,13.682271003723145,0.04814424738287926,0.048835355788469315
,691,,,,,,504467,27.584962844848633,1.190374493598938,23.669666290283203,24.984188079833984,-0.8337433338165283,0.03098096139729023,13.960569381713867,14.042559623718262,0.05921975150704384,0.0846482366323471,,,,
27.706377029418945,691,0.5046987533569336,23.297481536865234,24.02794647216797,-0.835318386554718,0.030746540054678917,504467,,,,,,,,,,,13.705045700073242,13.68393611907959,0.04731184244155884,0.048313241451978683
,692,,,,,,505196,27.60845184326172,1.1834672689437866,23.655508041381836,25.015357971191406,-0.8339564204216003,0.031104180961847305,13.973897933959961,13.941537857055664,0.08603130280971527,0.0675886794924736,,,,
27.73781394958496,692,0.5078272223472595,23.306997299194336,24.04630470275879,-0.8354399800300598,0.03081541508436203,505196,,,,,,,,,,,13.699403762817383,13.659994125366211,0.048357680439949036,0.04872400313615799
,693,,,,,,505925,27.527774810791016,1.4982666969299316,23.67418670654297,25.296205520629883,-0.8336117267608643,0.030931944027543068,14.010710716247559,13.929041862487793,0.08633116632699966,0.0882444679737091,,,,
27.688961029052734,693,0.4877503216266632,23.297164916992188,24.021711349487305,-0.8359602689743042,0.03086458332836628,505925,,,,,,,,,,,13.692331314086914,13.641508102416992,0.047632429748773575,0.04849662259221077
,694,,,,,,506654,27.312070846557617,1.386167049407959,23.68186378479004,25.228059768676758,-0.833932101726532,0.031223807483911514,13.959859848022461,14.116458892822266,0.09692037105560303,0.07370268553495407,,,,
27.544818878173828,694,0.5087761282920837,23.284990310668945,24.020877838134766,-0.8354923129081726,0.03076150454580784,506654,,,,,,,,,,,13.705368995666504,13.626638412475586,0.04782332479953766,0.048472993075847626
,695,,,,,,507383,27.212848663330078,1.4001200199127197,23.678077697753906,25.031295776367188,-0.8330328464508057,0.030853211879730225,14.067197799682617,13.94250774383545,0.07302921265363693,0.057597462087869644,,,,
27.481491088867188,695,0.5134283900260925,23.28290367126465,24.0216064453125,-0.8358790278434753,0.030798640102148056,507383,,,,,,,,,,,13.706268310546875,13.659906387329102,0.04805704578757286,0.04834028705954552
,696,,,,,,508112,27.347755432128906,1.0179595947265625,23.65098762512207,24.809782028198242,-0.8332897424697876,0.030814899131655693,13.949363708496094,13.931252479553223,0.06737259030342102,0.06258931010961533,,,,
27.510517120361328,696,0.5080047249794006,23.291284561157227,24.03026580810547,-0.8354437351226807,0.030812179669737816,508112,,,,,,,,,,,13.696711540222168,13.665020942687988,0.0482732392847538,0.048722200095653534
,697,,,,,,508841,27.199710845947266,0.9889318943023682,23.652420043945312,24.75933837890625,-0.832740068435669,0.030746839940547943,13.985543251037598,13.919267654418945,0.062460288405418396,0.060030609369277954,,,,
27.726648330688477,697,0.4874139428138733,23.300439834594727,24.02312660217285,-0.8356457948684692,0.030889330431818962,508841,,,,,,,,,,,13.692329406738281,13.60019302368164,0.0479404591023922,0.04785672947764397
,698,,,,,,509570,27.73762321472168,1.0542893409729004,23.651845932006836,24.794227600097656,-0.8329537510871887,0.03070216439664364,13.877501487731934,13.919459342956543,0.053682442754507065,0.06936358660459518,,,,
27.821744918823242,698,0.4873293936252594,23.29339027404785,24.014841079711914,-0.8359720706939697,0.030893323943018913,509570,,,,,,,,,,,13.650762557983398,13.631789207458496,0.047776903957128525,0.047776177525520325
,699,,,,,,510299,27.408695220947266,0.871143639087677,23.647411346435547,24.618270874023438,-0.832986056804657,0.030778247863054276,13.919672966003418,13.853165626525879,0.05280711129307747,0.05424834042787552,,,,
27.846389770507812,699,0.49385178089141846,23.283260345458984,24.009431838989258,-0.8355636596679688,0.030843988060951233,510299,,,,,,,,,,,13.677495002746582,13.613729476928711,0.04744734615087509,0.04840404912829399
,700,,,,,,511028,27.868589401245117,1.8247641324996948,23.699684143066406,25.59343910217285,-0.833417534828186,0.030942941084504128,14.006229400634766,14.151926040649414,0.09558844566345215,0.10068009048700333,,,,
27.581499099731445,700,0.49097272753715515,23.276777267456055,24.000734329223633,-0.8354910612106323,0.030742285773158073,511028,,,,,,,,,,,13.687897682189941,13.667823791503906,0.047920066863298416,0.047774460166692734
,701,,,,,,511757,27.550201416015625,1.224600076675415,23.66020393371582,25.04775047302246,-0.8333811163902283,0.030863197520375252,13.916054725646973,14.058074951171875,0.0746978372335434,0.08034897595643997,,,,
27.613224029541016,701,0.5324081182479858,23.286033630371094,24.034513473510742,-0.8354414701461792,0.030763650313019753,511757,,,,,,,,,,,13.686956405639648,13.692790031433105,0.04775270074605942,0.048699140548706055
,702,,,,,,512486,27.420246124267578,0.8725916743278503,23.651586532592773,24.663978576660156,-0.8336131572723389,0.030815958976745605,13.82681941986084,14.004682540893555,0.054371703416109085,0.060847070068120956,,,,
27.73857307434082,702,0.4904070198535919,23.27846336364746,24.005512237548828,-0.8358826637268066,0.030834976583719254,512486,,,,,,,,,,,13.631722450256348,13.64891242980957,0.04780164361000061,0.048567045480012894
,703,,,,,,513215,27.18552589416504,1.137718915939331,23.66884422302246,24.945663452148438,-0.8339042067527771,0.03109319508075714,13.856321334838867,14.166057586669922,0.06666704267263412,0.07492196559906006,,,,
27.72910499572754,703,0.5106474161148071,23.290437698364258,24.033599853515625,-0.8357141017913818,0.030800240114331245,513215,,,,,,,,,,,13.647941589355469,13.721785545349121,0.04831147938966751,0.04925583675503731
,704,,,,,,513944,27.785200119018555,1.6226521730422974,23.67738914489746,25.38302993774414,-0.8339007496833801,0.031155001372098923,14.004151344299316,14.045699119567871,0.09125757962465286,0.08760632574558258,,,,
27.579294204711914,704,0.4785250723361969,23.283527374267578,24.004728317260742,-0.8358822464942932,0.030834879726171494,513944,,,,,,,,,,,13.645418167114258,13.703420639038086,0.048167936503887177,0.04821939393877983
,705,,,,,,514673,27.22311782836914,0.708732008934021,23.626426696777344,24.507963180541992,-0.8329746723175049,0.030646851286292076,13.887343406677246,13.96733283996582,0.05739961564540863,0.04803499951958656,,,,
27.591073989868164,705,0.48465004563331604,23.266117095947266,23.993844985961914,-0.8358572721481323,0.03083578683435917,514673,,,,,,,,,,,13.670662879943848,13.673717498779297,0.048385873436927795,0.048695117235183716
,706,,,,,,515402,27.376188278198242,1.2149062156677246,23.65216827392578,24.95185661315918,-0.8340392708778381,0.031046392396092415,14.05069351196289,13.906886100769043,0.07529807835817337,0.06315067410469055,,,,
27.563146591186523,706,0.5275029540061951,23.269010543823242,24.01487159729004,-0.8358989953994751,0.03084065206348896,515402,,,,,,,,,,,13.712031364440918,13.653419494628906,0.0477934367954731,0.048629894852638245
,707,,,,,,516131,27.176620483398438,0.8633173704147339,23.633676528930664,24.651350021362305,-0.8334885239601135,0.030741846188902855,13.875204086303711,14.06119441986084,0.05674014985561371,0.060462914407253265,,,,
27.457735061645508,707,0.4809737801551819,23.27511978149414,24.00250816345215,-0.8361890912055969,0.030881939455866814,516131,,,,,,,,,,,13.703801155090332,13.68593692779541,0.048346228897571564,0.0490381121635437
,708,,,,,,516860,27.560806274414062,1.462359070777893,23.67574119567871,25.172780990600586,-0.8331798315048218,0.030898848548531532,14.002138137817383,14.035605430603027,0.07536183297634125,0.07780969142913818,,,,
27.627044677734375,708,0.5120738744735718,23.270273208618164,24.012842178344727,-0.8362703323364258,0.030879665166139603,516860,,,,,,,,,,,13.679752349853516,13.69178295135498,0.04816999286413193,0.04913392290472984
,709,,,,,,517589,27.22910499572754,0.7555236220359802,23.62930679321289,24.504594802856445,-0.8340753316879272,0.03095346875488758,13.931977272033691,13.870731353759766,0.05103279650211334,0.048472534865140915,,,,
27.65012550354004,709,0.5198538899421692,23.263954162597656,24.003923416137695,-0.8361855149269104,0.03084700182080269,517589,,,,,,,,,,,13.681180953979492,13.647598266601562,0.04759402945637703,0.04841470345854759
,710,,,,,,518318,27.4987735748291,1.3035826683044434,23.660598754882812,25.03233528137207,-0.8340099453926086,0.03101533092558384,13.92962646484375,13.941238403320312,0.07372982054948807,0.07025531679391861,,,,
27.624204635620117,710,0.5051670670509338,23.25255584716797,23.991270065307617,-0.8364928364753723,0.030930262058973312,518318,,,,,,,,,,,13.673563003540039,13.647241592407227,0.04813254624605179,0.04909582436084747
,711,,,,,,519047,27.25456428527832,1.146362543106079,23.656312942504883,24.955638885498047,-0.8330386281013489,0.030827678740024567,14.014294624328613,13.960288047790527,0.07116184383630753,0.07406464964151382,,,,
27.6395206451416,711,0.48244708776474,23.27389144897461,23.99887466430664,-0.835992157459259,0.030783560127019882,519047,,,,,,,,,,,13.659728050231934,13.646136283874512,0.04806799814105034,0.048683930188417435
,712,,,,,,519776,27.311723709106445,1.3902140855789185,23.657970428466797,25.180574417114258,-0.8334655165672302,0.0308906901627779,14.023266792297363,14.041291236877441,0.07912121713161469,0.08637306839227676,,,,
27.4960994720459,712,0.5165914297103882,23.253904342651367,23.991741180419922,-0.8362830877304077,0.030888624489307404,519776,,,,,,,,,,,13.734315872192383,13.634276390075684,0.04788309708237648,0.048023808747529984
,713,,,,,,520505,27.23648452758789,0.46510183811187744,23.609397888183594,24.271686553955078,-0.8335519433021545,0.030687103047966957,13.837486267089844,13.858413696289062,0.044667914509773254,0.041280388832092285,,,,
27.55223846435547,713,0.5028162598609924,23.25574493408203,23.99077796936035,-0.8365946412086487,0.030975643545389175,520505,,,,,,,,,,,13.697965621948242,13.650903701782227,0.04846920818090439,0.04825859144330025
,714,,,,,,521234,27.580955505371094,1.7795625925064087,23.693660736083984,25.54725456237793,-0.8331716060638428,0.030908117070794106,14.096073150634766,14.055387496948242,0.10187305510044098,0.09088413417339325,,,,
27.444852828979492,714,0.5420894622802734,23.25783920288086,24.013525009155273,-0.8359928727149963,0.030842527747154236,521234,,,,,,,,,,,13.6806001663208,13.68594741821289,0.048776812851428986,0.048154931515455246
,715,,,,,,521963,27.519643783569336,1.4371484518051147,23.674047470092773,25.193387985229492,-0.8330785036087036,0.03081723488867283,14.06718921661377,14.076393127441406,0.07754954695701599,0.08260104060173035,,,,
27.5082950592041,715,0.5496206283569336,23.261457443237305,24.025814056396484,-0.8359243273735046,0.030785754323005676,521963,,,,,,,,,,,13.701509475708008,13.65806770324707,0.048895467072725296,0.04901253804564476
,716,,,,,,522692,27.93244171142578,1.7055727243423462,23.698219299316406,25.409698486328125,-0.8336018919944763,0.03098539635539055,14.123251914978027,14.064082145690918,0.0921754315495491,0.07956022769212723,,,,
27.59113311767578,716,0.49029871821403503,23.241275787353516,23.967233657836914,-0.8366004824638367,0.03089318983256817,522692,,,,,,,,,,,13.677194595336914,13.65138053894043,0.047981224954128265,0.0481824167072773
,717,,,,,,523421,27.2432918548584,1.151788592338562,23.652013778686523,24.858783721923828,-0.8338756561279297,0.03104972094297409,13.981827735900879,14.054179191589355,0.061222467571496964,0.06494799256324768,,,,
27.618877410888672,717,0.47664785385131836,23.260353088378906,23.978525161743164,-0.8358197808265686,0.03077179752290249,523421,,,,,,,,,,,13.707579612731934,13.657517433166504,0.04773963242769241,0.04823244363069534
,718,,,,,,524150,27.54981231689453,1.0970149040222168,23.65662956237793,24.87726402282715,-0.8335654735565186,0.030910460278391838,13.969316482543945,13.983901023864746,0.07144536823034286,0.06297336518764496,,,,
27.475269317626953,718,0.48286518454551697,23.258440017700195,23.974365234375,-0.8361067175865173,0.03087579272687435,524150,,,,,,,,,,,13.74755859375,13.663973808288574,0.047106679528951645,0.047787658870220184
,719,,,,,,524879,26.997159957885742,0.5609562993049622,23.601341247558594,24.3303165435791,-0.8335391879081726,0.030740762129426003,13.904777526855469,13.876493453979492,0.04363744333386421,0.0460665337741375,,,,
27.45188331604004,719,0.48569563031196594,23.26007652282715,23.983722686767578,-0.8361161947250366,0.030822915956377983,524879,,,,,,,,,,,13.726417541503906,13.639642715454102,0.047762978821992874,0.04839475080370903
,720,,,,,,525608,27.092981338500977,1.6296160221099854,23.677669525146484,25.355546951293945,-0.833820104598999,0.031098738312721252,14.134732246398926,14.02415657043457,0.09218309074640274,0.08043203502893448,,,,
27.441823959350586,720,0.505412757396698,23.246776580810547,23.97928810119629,-0.8365058898925781,0.030897753313183784,525608,,,,,,,,,,,13.717412948608398,13.625680923461914,0.04785971716046333,0.04810392111539841
,721,,,,,,526337,27.60689926147461,1.691688895225525,23.689655303955078,25.408023834228516,-0.8337900042533875,0.031110556796193123,14.071050643920898,14.022101402282715,0.09063985198736191,0.083870068192482,,,,
27.479843139648438,721,0.4783726632595062,23.247955322265625,23.9649658203125,-0.8362758755683899,0.030903588980436325,526337,,,,,,,,,,,13.728209495544434,13.621505737304688,0.04814582318067551,0.04741884395480156
,722,,,,,,527066,27.65251922607422,2.0342180728912354,23.70980453491211,25.730098724365234,-0.8339577913284302,0.031151197850704193,14.126702308654785,14.089615821838379,0.10441310703754425,0.09622257947921753,,,,
27.545665740966797,722,0.4726109206676483,23.252586364746094,23.96898651123047,-0.8363319039344788,0.030879026278853416,527066,,,,,,,,,,,13.714113235473633,13.643871307373047,0.047813307493925095,0.04820171743631363
,723,,,,,,527795,27.24608612060547,1.635769009590149,23.67530632019043,25.386978149414062,-0.8344153165817261,0.0313689187169075,14.119354248046875,13.982438087463379,0.10436759144067764,0.07438313961029053,,,,
27.31669044494629,723,0.47914737462997437,23.249425888061523,23.965024948120117,-0.8366433382034302,0.030973074957728386,527795,,,,,,,,,,,13.728103637695312,13.644542694091797,0.04786476120352745,0.04733949527144432
,724,,,,,,528524,27.546621322631836,1.801323413848877,23.694129943847656,25.55725860595703,-0.8329558968544006,0.030837789177894592,14.077646255493164,14.14505386352539,0.09419292211532593,0.09829889237880707,,,,
27.53489875793457,724,0.4862654507160187,23.246824264526367,23.970317840576172,-0.8367326855659485,0.030916577205061913,528524,,,,,,,,,,,13.673373222351074,13.629192352294922,0.047746166586875916,0.04832533746957779
,725,,,,,,529253,27.310556411743164,1.728936791419983,23.685266494750977,25.491939544677734,-0.8329117894172668,0.030802512541413307,14.117818832397461,14.112958908081055,0.08508404344320297,0.10335790365934372,,,,
27.408248901367188,725,0.4899630844593048,23.24079132080078,23.958515167236328,-0.8371645212173462,0.030873632058501244,529253,,,,,,,,,,,13.728407859802246,13.652514457702637,0.04704643413424492,0.04749901965260506
,726,,,,,,529982,26.95860481262207,1.19839346408844,23.648935317993164,24.890926361083984,-0.8338878750801086,0.031007831916213036,14.000073432922363,14.031314849853516,0.07101906090974808,0.05753985047340393,,,,
27.366971969604492,726,0.4862337112426758,23.25119972229004,23.971385955810547,-0.8362589478492737,0.030863117426633835,529982,,,,,,,,,,,13.73298168182373,13.638729095458984,0.04685564339160919,0.048558179289102554
,727,,,,,,530711,27.20929527282715,1.3459162712097168,23.66857147216797,25.168062210083008,-0.8342759609222412,0.03115190751850605,14.025117874145508,14.027134895324707,0.09426012635231018,0.07104407250881195,,,,
27.250659942626953,727,0.49288180470466614,23.236013412475586,23.95856475830078,-0.8368200063705444,0.030948391184210777,530711,,,,,,,,,,,13.711651802062988,13.645271301269531,0.04737652838230133,0.04784760996699333
,728,,,,,,531440,27.31944465637207,1.3875755071640015,23.66088104248047,25.100627899169922,-0.8325452208518982,0.030615802854299545,14.05648136138916,13.993943214416504,0.08342158794403076,0.06577083468437195,,,,
27.381488800048828,728,0.5020951628684998,23.240692138671875,23.966777801513672,-0.8364532589912415,0.030886055901646614,531440,,,,,,,,,,,13.706546783447266,13.669183731079102,0.047506462782621384,0.0475013442337513
,729,,,,,,532169,27.20598602294922,1.079862117767334,23.660823822021484,24.818279266357422,-0.8339025974273682,0.031029613688588142,14.066278457641602,13.856650352478027,0.0655394047498703,0.057966720312833786,,,,
27.455015182495117,729,0.49241968989372253,23.229400634765625,23.949018478393555,-0.8362219929695129,0.030897652730345726,532169,,,,,,,,,,,13.703353881835938,13.623570442199707,0.04735521227121353,0.047327157109975815
,730,,,,,,532898,27.01262855529785,0.8574082851409912,23.61976432800293,24.628633499145508,-0.8334429264068604,0.030814263969659805,13.911758422851562,13.965341567993164,0.05669109523296356,0.059341058135032654,,,,
27.40237808227539,730,0.48699453473091125,23.23369789123535,23.955102920532227,-0.8364942073822021,0.030884066596627235,532898,,,,,,,,,,,13.715943336486816,13.650017738342285,0.04777716100215912,0.04781050607562065
,731,,,,,,533627,27.322965621948242,1.3134844303131104,23.650911331176758,25.05172348022461,-0.8329893350601196,0.030744478106498718,13.951905250549316,14.050021171569824,0.06796436011791229,0.08085054159164429,,,,
27.455060958862305,731,0.5013668537139893,23.23094940185547,23.957340240478516,-0.8365072011947632,0.030864564701914787,533627,,,,,,,,,,,13.661787033081055,13.63866138458252,0.046915799379348755,0.048224639147520065
,732,,,,,,534356,27.1788272857666,1.0461602210998535,23.63676643371582,24.862960815429688,-0.8330650329589844,0.030682282522320747,13.943214416503906,14.029088973999023,0.06550303846597672,0.07512184977531433,,,,
27.52436637878418,732,0.49672695994377136,23.23615837097168,23.964393615722656,-0.8367853760719299,0.030900435522198677,534356,,,,,,,,,,,13.649660110473633,13.649988174438477,0.047199349850416183,0.048774875700473785
,733,,,,,,535085,27.31814956665039,0.9404057264328003,23.644201278686523,24.7764949798584,-0.8338217735290527,0.030930038541555405,13.88166332244873,14.037911415100098,0.06024395674467087,0.07217179983854294,,,,
27.43366241455078,733,0.48385220766067505,23.223270416259766,23.939605712890625,-0.8364637494087219,0.03087557479739189,535085,,,,,,,,,,,13.658655166625977,13.6253080368042,0.04702211171388626,0.04786066338419914
,734,,,,,,535814,26.990507125854492,0.9744845628738403,23.637096405029297,24.733642578125,-0.8335532546043396,0.030935198068618774,14.029502868652344,13.980430603027344,0.06462708115577698,0.057239193469285965,,,,
27.58055877685547,734,0.4796464741230011,23.230989456176758,23.948116302490234,-0.8365530967712402,0.03084530681371689,535814,,,,,,,,,,,13.702986717224121,13.64104175567627,0.04793788865208626,0.04752402380108833
,735,,,,,,536543,26.77726936340332,1.053541898727417,23.62407875061035,24.838960647583008,-0.8335371017456055,0.03101472556591034,13.958104133605957,14.01328182220459,0.0660386011004448,0.0715785026550293,,,,
27.44742202758789,735,0.49012938141822815,23.227985382080078,23.949811935424805,-0.8362716436386108,0.030885733664035797,536543,,,,,,,,,,,13.693530082702637,13.655312538146973,0.04778514802455902,0.04756676405668259
,736,,,,,,537272,26.89310646057129,0.8376768827438354,23.623842239379883,24.569202423095703,-0.8331670165061951,0.03071640618145466,13.944199562072754,13.94760799407959,0.05241874232888222,0.05288395285606384,,,,
27.241188049316406,736,0.4923911392688751,23.227903366088867,23.954345703125,-0.8363767266273499,0.030846433714032173,537272,,,,,,,,,,,13.678765296936035,13.672390937805176,0.047541871666908264,0.04851046949625015
,737,,,,,,538001,27.411758422851562,1.170510172843933,23.648345947265625,24.969894409179688,-0.8341525197029114,0.03100120835006237,13.956035614013672,14.018348693847656,0.07386066019535065,0.07340101897716522,,,,
27.47171401977539,737,0.48893892765045166,23.204214096069336,23.9230899810791,-0.8371495008468628,0.03110525757074356,538001,,,,,,,,,,,13.659956932067871,13.619810104370117,0.0468255989253521,0.04805736988782883
,738,,,,,,538730,27.507314682006836,1.3741250038146973,23.63951301574707,25.063556671142578,-0.8339102864265442,0.03090710937976837,14.041290283203125,13.943402290344238,0.0777280405163765,0.06967171281576157,,,,
27.521427154541016,738,0.516275942325592,23.220827102661133,23.957469940185547,-0.8369924426078796,0.030863631516695023,538730,,,,,,,,,,,13.668803215026855,13.617582321166992,0.04782641679048538,0.04787297546863556
,739,,,,,,539459,27.20564842224121,0.6140680909156799,23.610612869262695,24.412809371948242,-0.8339864015579224,0.03082071617245674,13.96392822265625,13.802189826965332,0.04811689257621765,0.05090922862291336,,,,
27.43658447265625,739,0.4774812161922455,23.21893310546875,23.935049057006836,-0.837024986743927,0.03093278594315052,539459,,,,,,,,,,,13.682807922363281,13.639490127563477,0.0480290949344635,0.047442976385354996
,740,,,,,,540188,27.283702850341797,1.400606632232666,23.654184341430664,25.122846603393555,-0.8340080380439758,0.031103217974305153,13.986565589904785,14.013328552246094,0.06377363950014114,0.08989950269460678,,,,
27.439380645751953,740,0.4831171929836273,23.212482452392578,23.932771682739258,-0.8366802930831909,0.030942967161536217,540188,,,,,,,,,,,13.674369812011719,13.626399040222168,0.04724555462598801,0.04850250855088234
,741,,,,,,540917,27.440982818603516,0.8364015221595764,23.621570587158203,24.607940673828125,-0.8334994912147522,0.030693484470248222,13.914554595947266,13.875177383422852,0.058617640286684036,0.055012740194797516,,,,
27.57227897644043,741,0.4939770996570587,23.226633071899414,23.951282501220703,-0.8366886377334595,0.03093741647899151,540917,,,,,,,,,,,13.685468673706055,13.62689208984375,0.047598011791706085,0.04793419688940048
,742,,,,,,541646,27.178953170776367,1.1928439140319824,23.633577346801758,24.94380760192871,-0.8339026570320129,0.030856696888804436,14.027982711791992,14.044677734375,0.07938355207443237,0.06338079273700714,,,,
27.505760192871094,742,0.47820401191711426,23.216638565063477,23.929317474365234,-0.8364159464836121,0.030910318717360497,541646,,,,,,,,,,,13.679308891296387,13.62019157409668,0.04694473370909691,0.047771040350198746
,743,,,,,,542375,27.246490478515625,1.4595764875411987,23.654844284057617,25.22943687438965,-0.8332698345184326,0.03092021867632866,14.016350746154785,14.09096908569336,0.07952337712049484,0.08943809568881989,,,,
27.3842716217041,743,0.5558595061302185,23.194974899291992,23.953493118286133,-0.8375455737113953,0.031044766306877136,542375,,,,,,,,,,,13.653311729431152,13.606605529785156,0.04808741807937622,0.04803325608372688
,744,,,,,,543104,27.43862533569336,1.467145323753357,23.659332275390625,25.27914047241211,-0.8336302042007446,0.03097194992005825,14.120776176452637,13.928300857543945,0.09198909997940063,0.08525945991277695,,,,
27.596860885620117,744,0.4892787039279938,23.21742057800293,23.935720443725586,-0.8371114134788513,0.031000224873423576,543104,,,,,,,,,,,13.63742446899414,13.619078636169434,0.047186195850372314,0.047547537833452225
,745,,,,,,543833,27.269615173339844,1.3239506483078003,23.661258697509766,25.08379364013672,-0.8337693214416504,0.031037813052535057,14.086010932922363,13.955592155456543,0.07342309504747391,0.07868944108486176,,,,
27.49343490600586,745,0.5215865969657898,23.209217071533203,23.950101852416992,-0.8371941447257996,0.030976666137576103,543833,,,,,,,,,,,13.672728538513184,13.610087394714355,0.04756615683436394,0.04845036566257477
,746,,,,,,544562,27.35881805419922,0.9549130201339722,23.637676239013672,24.6993408203125,-0.8337592482566833,0.030815226957201958,13.908194541931152,13.977812767028809,0.05688536912202835,0.059962183237075806,,,,
27.53316307067871,746,0.537645161151886,23.199235916137695,23.944690704345703,-0.8367801904678345,0.03089877963066101,544562,,,,,,,,,,,13.703594207763672,13.59566879272461,0.0473778136074543,0.047951385378837585
,747,,,,,,545291,27.19287109375,1.215247392654419,23.650556564331055,25.051149368286133,-0.8345853686332703,0.03126341104507446,13.972502708435059,13.993108749389648,0.07373670488595963,0.08485644310712814,,,,
27.39719581604004,747,0.5031105279922485,23.19966697692871,23.932662963867188,-0.8372012376785278,0.03097025491297245,545291,,,,,,,,,,,13.659228324890137,13.619576454162598,0.04856887087225914,0.04771948605775833
,748,,,,,,546020,27.078641891479492,1.5146410465240479,23.663238525390625,25.260971069335938,-0.8337233066558838,0.030948106199502945,14.091704368591309,13.99422550201416,0.09354797750711441,0.07453366369009018,,,,
27.27681541442871,748,0.4900531768798828,23.208295822143555,23.92821502685547,-0.8372125029563904,0.03094971552491188,546020,,,,,,,,,,,13.718432426452637,13.597967147827148,0.04723913222551346,0.04774148017168045
,749,,,,,,546749,27.4261417388916,1.5267460346221924,23.6644287109375,25.25926971435547,-0.8344172239303589,0.03126506879925728,13.977543830871582,14.076201438903809,0.0721888616681099,0.09410637617111206,,,,
27.45216178894043,749,0.4581925570964813,23.19859504699707,23.902761459350586,-0.8373737335205078,0.030959511175751686,546749,,,,,,,,,,,13.683976173400879,13.589841842651367,0.04699667915701866,0.0480191670358181
,750,,,,,,547478,27.64177703857422,2.228724241256714,23.716093063354492,26.044879913330078,-0.835404098033905,0.031706783920526505,14.096748352050781,14.17556381225586,0.11675170809030533,0.1261337250471115,,,,
27.519737243652344,750,0.5004286766052246,23.20403289794922,23.931554794311523,-0.8370722532272339,0.030972400680184364,547478,,,,,,,,,,,13.691957473754883,13.6134614944458,0.047426123172044754,0.04803895577788353
,751,,,,,,548207,27.188642501831055,1.2922885417938232,23.64035987854004,25.07247543334961,-0.8336217403411865,0.03095025010406971,13.948062896728516,14.102396965026855,0.07407539337873459,0.08311696350574493,,,,
27.368759155273438,751,0.522079348564148,23.206985473632812,23.945722579956055,-0.8370514512062073,0.03095480054616928,548207,,,,,,,,,,,13.677595138549805,13.612991333007812,0.04743371158838272,0.048105333000421524
